iso2c,iso3c,country,date,NY.GDP.MKTP.CD,unit,obs_status,footnote,last_updated
AF,AFG,Afghanistan,2024,NA,NA,NA,NA,2025-06-05
AF,AFG,Afghanistan,2023,17233051620.1117,NA,NA,NA,2025-06-05
AF,AFG,Afghanistan,2022,14497243872.1337,NA,NA,NA,2025-06-05
AF,AFG,Afghanistan,2021,14259995441.0759,NA,NA,NA,2025-06-05
AF,AFG,Afghanistan,2020,19955929052.1496,NA,NA,NA,2025-06-05
AF,AFG,Afghanistan,2019,18799444490.1128,NA,NA,NA,2025-06-05
AF,AFG,Afghanistan,2018,18053222687.4126,NA,NA,NA,2025-06-05
AF,AFG,Afghanistan,2017,18753456497.8159,NA,NA,NA,2025-06-05
AF,AFG,Afghanistan,2016,18116572395.0772,NA,NA,NA,2025-06-05
AF,AFG,Afghanistan,2015,19134221644.7325,NA,NA,NA,2025-06-05
AF,AFG,Afghanistan,2014,20497128555.6972,NA,NA,NA,2025-06-05
AF,AFG,Afghanistan,2013,20146416757.5987,NA,NA,NA,2025-06-05
AF,AFG,Afghanistan,2012,19907329777.5872,NA,NA,NA,2025-06-05
AF,AFG,Afghanistan,2011,17805098206.3141,NA,NA,NA,2025-06-05
AF,AFG,Afghanistan,2010,15856668555.8336,NA,NA,NA,2025-06-05
AF,AFG,Afghanistan,2009,12416152732.0567,NA,NA,NA,2025-06-05
AF,AFG,Afghanistan,2008,10109297047.5432,NA,NA,NA,2025-06-05
AF,AFG,Afghanistan,2007,9747886187.39393,NA,NA,NA,2025-06-05
AF,AFG,Afghanistan,2006,6971758282.29351,NA,NA,NA,2025-06-05
AF,AFG,Afghanistan,2005,6203256538.70967,NA,NA,NA,2025-06-05
AF,AFG,Afghanistan,2004,5224896718.67782,NA,NA,NA,2025-06-05
AF,AFG,Afghanistan,2003,4520946818.54581,NA,NA,NA,2025-06-05
AF,AFG,Afghanistan,2002,3825701438.99963,NA,NA,NA,2025-06-05
AF,AFG,Afghanistan,2001,2813571753.87253,NA,NA,NA,2025-06-05
AF,AFG,Afghanistan,2000,3521418059.92345,NA,NA,NA,2025-06-05
AF,AFG,Afghanistan,1999,NA,NA,NA,NA,2025-06-05
AF,AFG,Afghanistan,1998,NA,NA,NA,NA,2025-06-05
AF,AFG,Afghanistan,1997,NA,NA,NA,NA,2025-06-05
AF,AFG,Afghanistan,1996,NA,NA,NA,NA,2025-06-05
AF,AFG,Afghanistan,1995,NA,NA,NA,NA,2025-06-05
AF,AFG,Afghanistan,1994,NA,NA,NA,NA,2025-06-05
AF,AFG,Afghanistan,1993,NA,NA,NA,NA,2025-06-05
AF,AFG,Afghanistan,1992,NA,NA,NA,NA,2025-06-05
AF,AFG,Afghanistan,1991,NA,NA,NA,NA,2025-06-05
AF,AFG,Afghanistan,1990,NA,NA,NA,NA,2025-06-05
AF,AFG,Afghanistan,1989,NA,NA,NA,NA,2025-06-05
AF,AFG,Afghanistan,1988,NA,NA,NA,NA,2025-06-05
AF,AFG,Afghanistan,1987,NA,NA,NA,NA,2025-06-05
AF,AFG,Afghanistan,1986,NA,NA,NA,NA,2025-06-05
AF,AFG,Afghanistan,1985,NA,NA,NA,NA,2025-06-05
AF,AFG,Afghanistan,1984,NA,NA,NA,NA,2025-06-05
AF,AFG,Afghanistan,1983,NA,NA,NA,NA,2025-06-05
AF,AFG,Afghanistan,1982,NA,NA,NA,NA,2025-06-05
AF,AFG,Afghanistan,1981,NA,NA,NA,NA,2025-06-05
AF,AFG,Afghanistan,1980,NA,NA,NA,NA,2025-06-05
AF,AFG,Afghanistan,1979,NA,NA,NA,NA,2025-06-05
AF,AFG,Afghanistan,1978,NA,NA,NA,NA,2025-06-05
AF,AFG,Afghanistan,1977,NA,NA,NA,NA,2025-06-05
AF,AFG,Afghanistan,1976,NA,NA,NA,NA,2025-06-05
AF,AFG,Afghanistan,1975,NA,NA,NA,NA,2025-06-05
AF,AFG,Afghanistan,1974,NA,NA,NA,NA,2025-06-05
AF,AFG,Afghanistan,1973,NA,NA,NA,NA,2025-06-05
AF,AFG,Afghanistan,1972,NA,NA,NA,NA,2025-06-05
AF,AFG,Afghanistan,1971,NA,NA,NA,NA,2025-06-05
AF,AFG,Afghanistan,1970,NA,NA,NA,NA,2025-06-05
AF,AFG,Afghanistan,1969,NA,NA,NA,NA,2025-06-05
AF,AFG,Afghanistan,1968,NA,NA,NA,NA,2025-06-05
AF,AFG,Afghanistan,1967,NA,NA,NA,NA,2025-06-05
AF,AFG,Afghanistan,1966,NA,NA,NA,NA,2025-06-05
AF,AFG,Afghanistan,1965,NA,NA,NA,NA,2025-06-05
AF,AFG,Afghanistan,1964,NA,NA,NA,NA,2025-06-05
AF,AFG,Afghanistan,1963,NA,NA,NA,NA,2025-06-05
AF,AFG,Afghanistan,1962,NA,NA,NA,NA,2025-06-05
AF,AFG,Afghanistan,1961,NA,NA,NA,NA,2025-06-05
AF,AFG,Afghanistan,1960,NA,NA,NA,NA,2025-06-05
AL,ALB,Albania,2024,NA,NA,NA,NA,2025-06-05
AL,ALB,Albania,2023,23547179830.4413,NA,NA,NA,2025-06-05
AL,ALB,Albania,2022,19017242585.7803,NA,NA,NA,2025-06-05
AL,ALB,Albania,2021,18032010563.7558,NA,NA,NA,2025-06-05
AL,ALB,Albania,2020,15241458744.8688,NA,NA,NA,2025-06-05
AL,ALB,Albania,2019,15585105131.0644,NA,NA,NA,2025-06-05
AL,ALB,Albania,2018,15379509891.7196,NA,NA,NA,2025-06-05
AL,ALB,Albania,2017,13019726211.7369,NA,NA,NA,2025-06-05
AL,ALB,Albania,2016,11861199830.8396,NA,NA,NA,2025-06-05
AL,ALB,Albania,2015,11386853113.0189,NA,NA,NA,2025-06-05
AL,ALB,Albania,2014,13228147516.1168,NA,NA,NA,2025-06-05
AL,ALB,Albania,2013,12776224496.9718,NA,NA,NA,2025-06-05
AL,ALB,Albania,2012,12319834195.331,NA,NA,NA,2025-06-05
AL,ALB,Albania,2011,12890760315.146,NA,NA,NA,2025-06-05
AL,ALB,Albania,2010,11926926615.8015,NA,NA,NA,2025-06-05
AL,ALB,Albania,2009,12044205549.6571,NA,NA,NA,2025-06-05
AL,ALB,Albania,2008,12881352893.6855,NA,NA,NA,2025-06-05
AL,ALB,Albania,2007,10677324852.8822,NA,NA,NA,2025-06-05
AL,ALB,Albania,2006,8896075004.63516,NA,NA,NA,2025-06-05
AL,ALB,Albania,2005,8052077248.14638,NA,NA,NA,2025-06-05
AL,ALB,Albania,2004,7184685781.51876,NA,NA,NA,2025-06-05
AL,ALB,Albania,2003,5611496257.14231,NA,NA,NA,2025-06-05
AL,ALB,Albania,2002,4348068242.19512,NA,NA,NA,2025-06-05
AL,ALB,Albania,2001,3922100793.5403,NA,NA,NA,2025-06-05
AL,ALB,Albania,2000,3480355258.04122,NA,NA,NA,2025-06-05
AL,ALB,Albania,1999,3212121650.97755,NA,NA,NA,2025-06-05
AL,ALB,Albania,1998,2545964540.88383,NA,NA,NA,2025-06-05
AL,ALB,Albania,1997,2258513974.0968,NA,NA,NA,2025-06-05
AL,ALB,Albania,1996,3199640815.4163,NA,NA,NA,2025-06-05
AL,ALB,Albania,1995,2392764853.42107,NA,NA,NA,2025-06-05
AL,ALB,Albania,1994,1880950864.41311,NA,NA,NA,2025-06-05
AL,ALB,Albania,1993,1185315468.46295,NA,NA,NA,2025-06-05
AL,ALB,Albania,1992,652174990.837304,NA,NA,NA,2025-06-05
AL,ALB,Albania,1991,1099559027.77778,NA,NA,NA,2025-06-05
AL,ALB,Albania,1990,2028553750,NA,NA,NA,2025-06-05
AL,ALB,Albania,1989,2253090000,NA,NA,NA,2025-06-05
AL,ALB,Albania,1988,2051236250,NA,NA,NA,2025-06-05
AL,ALB,Albania,1987,2080796250,NA,NA,NA,2025-06-05
AL,ALB,Albania,1986,2097326250,NA,NA,NA,2025-06-05
AL,ALB,Albania,1985,1897050116.55012,NA,NA,NA,2025-06-05
AL,ALB,Albania,1984,1857337995.338,NA,NA,NA,2025-06-05
AL,ALB,Albania,1983,1881412587.41259,NA,NA,NA,2025-06-05
AL,ALB,Albania,1982,1861163170.16317,NA,NA,NA,2025-06-05
AL,ALB,Albania,1981,1808177156.17716,NA,NA,NA,2025-06-05
AL,ALB,Albania,1980,1578102105.26316,NA,NA,NA,2025-06-05
AL,ALB,Albania,1979,NA,NA,NA,NA,2025-06-05
AL,ALB,Albania,1978,NA,NA,NA,NA,2025-06-05
AL,ALB,Albania,1977,NA,NA,NA,NA,2025-06-05
AL,ALB,Albania,1976,NA,NA,NA,NA,2025-06-05
AL,ALB,Albania,1975,NA,NA,NA,NA,2025-06-05
AL,ALB,Albania,1974,NA,NA,NA,NA,2025-06-05
AL,ALB,Albania,1973,NA,NA,NA,NA,2025-06-05
AL,ALB,Albania,1972,NA,NA,NA,NA,2025-06-05
AL,ALB,Albania,1971,NA,NA,NA,NA,2025-06-05
AL,ALB,Albania,1970,NA,NA,NA,NA,2025-06-05
AL,ALB,Albania,1969,NA,NA,NA,NA,2025-06-05
AL,ALB,Albania,1968,NA,NA,NA,NA,2025-06-05
AL,ALB,Albania,1967,NA,NA,NA,NA,2025-06-05
AL,ALB,Albania,1966,NA,NA,NA,NA,2025-06-05
AL,ALB,Albania,1965,NA,NA,NA,NA,2025-06-05
AL,ALB,Albania,1964,NA,NA,NA,NA,2025-06-05
AL,ALB,Albania,1963,NA,NA,NA,NA,2025-06-05
AL,ALB,Albania,1962,NA,NA,NA,NA,2025-06-05
AL,ALB,Albania,1961,NA,NA,NA,NA,2025-06-05
AL,ALB,Albania,1960,NA,NA,NA,NA,2025-06-05
DZ,DZA,Algeria,2024,NA,NA,NA,NA,2025-06-05
DZ,DZA,Algeria,2023,247626161016.414,NA,NA,NA,2025-06-05
DZ,DZA,Algeria,2022,225638456572.143,NA,NA,NA,2025-06-05
DZ,DZA,Algeria,2021,186231205262.082,NA,NA,NA,2025-06-05
DZ,DZA,Algeria,2020,164873415325.201,NA,NA,NA,2025-06-05
DZ,DZA,Algeria,2019,193459662090.677,NA,NA,NA,2025-06-05
DZ,DZA,Algeria,2018,194554483655.528,NA,NA,NA,2025-06-05
DZ,DZA,Algeria,2017,189880896903.073,NA,NA,NA,2025-06-05
DZ,DZA,Algeria,2016,180763839522.151,NA,NA,NA,2025-06-05
DZ,DZA,Algeria,2015,187493855609.345,NA,NA,NA,2025-06-05
DZ,DZA,Algeria,2014,238942664192.59,NA,NA,NA,2025-06-05
DZ,DZA,Algeria,2013,229701430292.157,NA,NA,NA,2025-06-05
DZ,DZA,Algeria,2012,227143746075.934,NA,NA,NA,2025-06-05
DZ,DZA,Algeria,2011,218331946925.304,NA,NA,NA,2025-06-05
DZ,DZA,Algeria,2010,177785053939.531,NA,NA,NA,2025-06-05
DZ,DZA,Algeria,2009,150317292079.359,NA,NA,NA,2025-06-05
DZ,DZA,Algeria,2008,180383848331.135,NA,NA,NA,2025-06-05
DZ,DZA,Algeria,2007,142482739809.849,NA,NA,NA,2025-06-05
DZ,DZA,Algeria,2006,123084258693.01,NA,NA,NA,2025-06-05
DZ,DZA,Algeria,2005,107046618669.707,NA,NA,NA,2025-06-05
DZ,DZA,Algeria,2004,91913680985.1708,NA,NA,NA,2025-06-05
DZ,DZA,Algeria,2003,73482264190.9245,NA,NA,NA,2025-06-05
DZ,DZA,Algeria,2002,61516103406.1688,NA,NA,NA,2025-06-05
DZ,DZA,Algeria,2001,59413400923.6364,NA,NA,NA,2025-06-05
DZ,DZA,Algeria,2000,54790398570.3282,NA,NA,NA,2025-06-05
DZ,DZA,Algeria,1999,48640671734.9711,NA,NA,NA,2025-06-05
DZ,DZA,Algeria,1998,48187781984.4881,NA,NA,NA,2025-06-05
DZ,DZA,Algeria,1997,48177612042.1507,NA,NA,NA,2025-06-05
DZ,DZA,Algeria,1996,46941554225.3581,NA,NA,NA,2025-06-05
DZ,DZA,Algeria,1995,41764291671.7711,NA,NA,NA,2025-06-05
DZ,DZA,Algeria,1994,42543176828.9237,NA,NA,NA,2025-06-05
DZ,DZA,Algeria,1993,49945584452.6506,NA,NA,NA,2025-06-05
DZ,DZA,Algeria,1992,48003133346.9957,NA,NA,NA,2025-06-05
DZ,DZA,Algeria,1991,45715676428.2766,NA,NA,NA,2025-06-05
DZ,DZA,Algeria,1990,62048507531.3357,NA,NA,NA,2025-06-05
DZ,DZA,Algeria,1989,55634721572.7343,NA,NA,NA,2025-06-05
DZ,DZA,Algeria,1988,59089396860.4342,NA,NA,NA,2025-06-05
DZ,DZA,Algeria,1987,66745818375.493,NA,NA,NA,2025-06-05
DZ,DZA,Algeria,1986,63692007897.3834,NA,NA,NA,2025-06-05
DZ,DZA,Algeria,1985,57937868670.1937,NA,NA,NA,2025-06-05
DZ,DZA,Algeria,1984,53698548293.0745,NA,NA,NA,2025-06-05
DZ,DZA,Algeria,1983,48801369800.3675,NA,NA,NA,2025-06-05
DZ,DZA,Algeria,1982,45207167470.3497,NA,NA,NA,2025-06-05
DZ,DZA,Algeria,1981,44348590460.9288,NA,NA,NA,2025-06-05
DZ,DZA,Algeria,1980,42345829079.2062,NA,NA,NA,2025-06-05
DZ,DZA,Algeria,1979,33243706859.6596,NA,NA,NA,2025-06-05
DZ,DZA,Algeria,1978,26364491313.4471,NA,NA,NA,2025-06-05
DZ,DZA,Algeria,1977,20972113684.9558,NA,NA,NA,2025-06-05
DZ,DZA,Algeria,1976,17728240932.3158,NA,NA,NA,2025-06-05
DZ,DZA,Algeria,1975,15557902754.033,NA,NA,NA,2025-06-05
DZ,DZA,Algeria,1974,13209871625.9044,NA,NA,NA,2025-06-05
DZ,DZA,Algeria,1973,8707858912.12481,NA,NA,NA,2025-06-05
DZ,DZA,Algeria,1972,6766743956.88889,NA,NA,NA,2025-06-05
DZ,DZA,Algeria,1971,5077183093.88968,NA,NA,NA,2025-06-05
DZ,DZA,Algeria,1970,4863526896.57407,NA,NA,NA,2025-06-05
DZ,DZA,Algeria,1969,4257253264.08834,NA,NA,NA,2025-06-05
DZ,DZA,Algeria,1968,3852147026.77302,NA,NA,NA,2025-06-05
DZ,DZA,Algeria,1967,3370870376.29682,NA,NA,NA,2025-06-05
DZ,DZA,Algeria,1966,3039859187.45164,NA,NA,NA,2025-06-05
DZ,DZA,Algeria,1965,3136284306.85469,NA,NA,NA,2025-06-05
DZ,DZA,Algeria,1964,2909316435.2874,NA,NA,NA,2025-06-05
DZ,DZA,Algeria,1963,2702982017.63803,NA,NA,NA,2025-06-05
DZ,DZA,Algeria,1962,2001444543.91885,NA,NA,NA,2025-06-05
DZ,DZA,Algeria,1961,2434747055.94018,NA,NA,NA,2025-06-05
DZ,DZA,Algeria,1960,2723615451.30098,NA,NA,NA,2025-06-05
AS,ASM,American Samoa,2024,NA,NA,NA,NA,2025-06-05
AS,ASM,American Samoa,2023,NA,NA,NA,NA,2025-06-05
AS,ASM,American Samoa,2022,871000000,NA,NA,NA,2025-06-05
AS,ASM,American Samoa,2021,750000000,NA,NA,NA,2025-06-05
AS,ASM,American Samoa,2020,721000000,NA,NA,NA,2025-06-05
AS,ASM,American Samoa,2019,647000000,NA,NA,NA,2025-06-05
AS,ASM,American Samoa,2018,639000000,NA,NA,NA,2025-06-05
AS,ASM,American Samoa,2017,612000000,NA,NA,NA,2025-06-05
AS,ASM,American Samoa,2016,671000000,NA,NA,NA,2025-06-05
AS,ASM,American Samoa,2015,673000000,NA,NA,NA,2025-06-05
AS,ASM,American Samoa,2014,643000000,NA,NA,NA,2025-06-05
AS,ASM,American Samoa,2013,638000000,NA,NA,NA,2025-06-05
AS,ASM,American Samoa,2012,640000000,NA,NA,NA,2025-06-05
AS,ASM,American Samoa,2011,570000000,NA,NA,NA,2025-06-05
AS,ASM,American Samoa,2010,573000000,NA,NA,NA,2025-06-05
AS,ASM,American Samoa,2009,675000000,NA,NA,NA,2025-06-05
AS,ASM,American Samoa,2008,560000000,NA,NA,NA,2025-06-05
AS,ASM,American Samoa,2007,518000000,NA,NA,NA,2025-06-05
AS,ASM,American Samoa,2006,493000000,NA,NA,NA,2025-06-05
AS,ASM,American Samoa,2005,500000000,NA,NA,NA,2025-06-05
AS,ASM,American Samoa,2004,509000000,NA,NA,NA,2025-06-05
AS,ASM,American Samoa,2003,524000000,NA,NA,NA,2025-06-05
AS,ASM,American Samoa,2002,512000000,NA,NA,NA,2025-06-05
AS,ASM,American Samoa,2001,NA,NA,NA,NA,2025-06-05
AS,ASM,American Samoa,2000,NA,NA,NA,NA,2025-06-05
AS,ASM,American Samoa,1999,NA,NA,NA,NA,2025-06-05
AS,ASM,American Samoa,1998,NA,NA,NA,NA,2025-06-05
AS,ASM,American Samoa,1997,NA,NA,NA,NA,2025-06-05
AS,ASM,American Samoa,1996,NA,NA,NA,NA,2025-06-05
AS,ASM,American Samoa,1995,NA,NA,NA,NA,2025-06-05
AS,ASM,American Samoa,1994,NA,NA,NA,NA,2025-06-05
AS,ASM,American Samoa,1993,NA,NA,NA,NA,2025-06-05
AS,ASM,American Samoa,1992,NA,NA,NA,NA,2025-06-05
AS,ASM,American Samoa,1991,NA,NA,NA,NA,2025-06-05
AS,ASM,American Samoa,1990,NA,NA,NA,NA,2025-06-05
AS,ASM,American Samoa,1989,NA,NA,NA,NA,2025-06-05
AS,ASM,American Samoa,1988,NA,NA,NA,NA,2025-06-05
AS,ASM,American Samoa,1987,NA,NA,NA,NA,2025-06-05
AS,ASM,American Samoa,1986,NA,NA,NA,NA,2025-06-05
AS,ASM,American Samoa,1985,NA,NA,NA,NA,2025-06-05
AS,ASM,American Samoa,1984,NA,NA,NA,NA,2025-06-05
AS,ASM,American Samoa,1983,NA,NA,NA,NA,2025-06-05
AS,ASM,American Samoa,1982,NA,NA,NA,NA,2025-06-05
AS,ASM,American Samoa,1981,NA,NA,NA,NA,2025-06-05
AS,ASM,American Samoa,1980,NA,NA,NA,NA,2025-06-05
AS,ASM,American Samoa,1979,NA,NA,NA,NA,2025-06-05
AS,ASM,American Samoa,1978,NA,NA,NA,NA,2025-06-05
AS,ASM,American Samoa,1977,NA,NA,NA,NA,2025-06-05
AS,ASM,American Samoa,1976,NA,NA,NA,NA,2025-06-05
AS,ASM,American Samoa,1975,NA,NA,NA,NA,2025-06-05
AS,ASM,American Samoa,1974,NA,NA,NA,NA,2025-06-05
AS,ASM,American Samoa,1973,NA,NA,NA,NA,2025-06-05
AS,ASM,American Samoa,1972,NA,NA,NA,NA,2025-06-05
AS,ASM,American Samoa,1971,NA,NA,NA,NA,2025-06-05
AS,ASM,American Samoa,1970,NA,NA,NA,NA,2025-06-05
AS,ASM,American Samoa,1969,NA,NA,NA,NA,2025-06-05
AS,ASM,American Samoa,1968,NA,NA,NA,NA,2025-06-05
AS,ASM,American Samoa,1967,NA,NA,NA,NA,2025-06-05
AS,ASM,American Samoa,1966,NA,NA,NA,NA,2025-06-05
AS,ASM,American Samoa,1965,NA,NA,NA,NA,2025-06-05
AS,ASM,American Samoa,1964,NA,NA,NA,NA,2025-06-05
AS,ASM,American Samoa,1963,NA,NA,NA,NA,2025-06-05
AS,ASM,American Samoa,1962,NA,NA,NA,NA,2025-06-05
AS,ASM,American Samoa,1961,NA,NA,NA,NA,2025-06-05
AS,ASM,American Samoa,1960,NA,NA,NA,NA,2025-06-05
AD,AND,Andorra,2024,NA,NA,NA,NA,2025-06-05
AD,AND,Andorra,2023,3785067331.7625,NA,NA,NA,2025-06-05
AD,AND,Andorra,2022,3380612573.32922,NA,NA,NA,2025-06-05
AD,AND,Andorra,2021,3324647529.381,NA,NA,NA,2025-06-05
AD,AND,Andorra,2020,2891001149.3611,NA,NA,NA,2025-06-05
AD,AND,Andorra,2019,3155149347.80639,NA,NA,NA,2025-06-05
AD,AND,Andorra,2018,3218419896.9641,NA,NA,NA,2025-06-05
AD,AND,Andorra,2017,3000162081.11976,NA,NA,NA,2025-06-05
AD,AND,Andorra,2016,2896610479.73077,NA,NA,NA,2025-06-05
AD,AND,Andorra,2015,2789881258.50362,NA,NA,NA,2025-06-05
AD,AND,Andorra,2014,3271685596.66321,NA,NA,NA,2025-06-05
AD,AND,Andorra,2013,3193512950.02419,NA,NA,NA,2025-06-05
AD,AND,Andorra,2012,3188652765.36184,NA,NA,NA,2025-06-05
AD,AND,Andorra,2011,3629133574.27783,NA,NA,NA,2025-06-05
AD,AND,Andorra,2010,3449925738.86069,NA,NA,NA,2025-06-05
AD,AND,Andorra,2009,3688976340.7549,NA,NA,NA,2025-06-05
AD,AND,Andorra,2008,4102319399.02343,NA,NA,NA,2025-06-05
AD,AND,Andorra,2007,3957625367.21959,NA,NA,NA,2025-06-05
AD,AND,Andorra,2006,3459337986.88383,NA,NA,NA,2025-06-05
AD,AND,Andorra,2005,3161084091.11674,NA,NA,NA,2025-06-05
AD,AND,Andorra,2004,2900245324.49221,NA,NA,NA,2025-06-05
AD,AND,Andorra,2003,2366941808.94404,NA,NA,NA,2025-06-05
AD,AND,Andorra,2002,1764279824.29752,NA,NA,NA,2025-06-05
AD,AND,Andorra,2001,1548265808.05802,NA,NA,NA,2025-06-05
AD,AND,Andorra,2000,1432606188.69324,NA,NA,NA,2025-06-05
AD,AND,Andorra,1999,1240295198.78331,NA,NA,NA,2025-06-05
AD,AND,Andorra,1998,1211953994.05714,NA,NA,NA,2025-06-05
AD,AND,Andorra,1997,1180645571.8643,NA,NA,NA,2025-06-05
AD,AND,Andorra,1996,1224024139.21295,NA,NA,NA,2025-06-05
AD,AND,Andorra,1995,1178745282.8678,NA,NA,NA,2025-06-05
AD,AND,Andorra,1994,1017544068.8408,NA,NA,NA,2025-06-05
AD,AND,Andorra,1993,1007090269.86956,NA,NA,NA,2025-06-05
AD,AND,Andorra,1992,1209992020.29543,NA,NA,NA,2025-06-05
AD,AND,Andorra,1991,1106891361.53948,NA,NA,NA,2025-06-05
AD,AND,Andorra,1990,1028989692.06787,NA,NA,NA,2025-06-05
AD,AND,Andorra,1989,795489582.04491,NA,NA,NA,2025-06-05
AD,AND,Andorra,1988,721425939.15155,NA,NA,NA,2025-06-05
AD,AND,Andorra,1987,611299924.540506,NA,NA,NA,2025-06-05
AD,AND,Andorra,1986,481996012.869071,NA,NA,NA,2025-06-05
AD,AND,Andorra,1985,346742714.675152,NA,NA,NA,2025-06-05
AD,AND,Andorra,1984,330073080.637098,NA,NA,NA,2025-06-05
AD,AND,Andorra,1983,327850042.515872,NA,NA,NA,2025-06-05
AD,AND,Andorra,1982,375914743.581006,NA,NA,NA,2025-06-05
AD,AND,Andorra,1981,388983266.199886,NA,NA,NA,2025-06-05
AD,AND,Andorra,1980,446377776.798001,NA,NA,NA,2025-06-05
AD,AND,Andorra,1979,411548748.354729,NA,NA,NA,2025-06-05
AD,AND,Andorra,1978,308020261.164149,NA,NA,NA,2025-06-05
AD,AND,Andorra,1977,253997897.226968,NA,NA,NA,2025-06-05
AD,AND,Andorra,1976,227283850.831271,NA,NA,NA,2025-06-05
AD,AND,Andorra,1975,220112572.205331,NA,NA,NA,2025-06-05
AD,AND,Andorra,1974,186557081.998137,NA,NA,NA,2025-06-05
AD,AND,Andorra,1973,150841639.297444,NA,NA,NA,2025-06-05
AD,AND,Andorra,1972,113414397.365635,NA,NA,NA,2025-06-05
AD,AND,Andorra,1971,89406608.1458151,NA,NA,NA,2025-06-05
AD,AND,Andorra,1970,78617711.0965325,NA,NA,NA,2025-06-05
AD,AND,Andorra,1969,NA,NA,NA,NA,2025-06-05
AD,AND,Andorra,1968,NA,NA,NA,NA,2025-06-05
AD,AND,Andorra,1967,NA,NA,NA,NA,2025-06-05
AD,AND,Andorra,1966,NA,NA,NA,NA,2025-06-05
AD,AND,Andorra,1965,NA,NA,NA,NA,2025-06-05
AD,AND,Andorra,1964,NA,NA,NA,NA,2025-06-05
AD,AND,Andorra,1963,NA,NA,NA,NA,2025-06-05
AD,AND,Andorra,1962,NA,NA,NA,NA,2025-06-05
AD,AND,Andorra,1961,NA,NA,NA,NA,2025-06-05
AD,AND,Andorra,1960,NA,NA,NA,NA,2025-06-05
AO,AGO,Angola,2024,NA,NA,NA,NA,2025-06-05
AO,AGO,Angola,2023,84824654481.7249,NA,NA,NA,2025-06-05
AO,AGO,Angola,2022,104399746853.401,NA,NA,NA,2025-06-05
AO,AGO,Angola,2021,66505129987.7235,NA,NA,NA,2025-06-05
AO,AGO,Angola,2020,48501561203.5686,NA,NA,NA,2025-06-05
AO,AGO,Angola,2019,70897962732.0277,NA,NA,NA,2025-06-05
AO,AGO,Angola,2018,79450688259.3664,NA,NA,NA,2025-06-05
AO,AGO,Angola,2017,73690154990.7312,NA,NA,NA,2025-06-05
AO,AGO,Angola,2016,52761617225.9253,NA,NA,NA,2025-06-05
AO,AGO,Angola,2015,90496420506.5957,NA,NA,NA,2025-06-05
AO,AGO,Angola,2014,135966802586.713,NA,NA,NA,2025-06-05
AO,AGO,Angola,2013,132339109040.232,NA,NA,NA,2025-06-05
AO,AGO,Angola,2012,128052915766.343,NA,NA,NA,2025-06-05
AO,AGO,Angola,2011,111789747670.59,NA,NA,NA,2025-06-05
AO,AGO,Angola,2010,83799474069.7315,NA,NA,NA,2025-06-05
AO,AGO,Angola,2009,70307196181.6539,NA,NA,NA,2025-06-05
AO,AGO,Angola,2008,88538665084.8634,NA,NA,NA,2025-06-05
AO,AGO,Angola,2007,65266415494.2584,NA,NA,NA,2025-06-05
AO,AGO,Angola,2006,52381025141.4268,NA,NA,NA,2025-06-05
AO,AGO,Angola,2005,36970900883.8109,NA,NA,NA,2025-06-05
AO,AGO,Angola,2004,23552057679.4994,NA,NA,NA,2025-06-05
AO,AGO,Angola,2003,17812704586.4397,NA,NA,NA,2025-06-05
AO,AGO,Angola,2002,15285592370.374,NA,NA,NA,2025-06-05
AO,AGO,Angola,2001,8936079117.73136,NA,NA,NA,2025-06-05
AO,AGO,Angola,2000,9129594970.15301,NA,NA,NA,2025-06-05
AO,AGO,Angola,1999,6152923310.44546,NA,NA,NA,2025-06-05
AO,AGO,Angola,1998,6506229607.29432,NA,NA,NA,2025-06-05
AO,AGO,Angola,1997,7648377412.83277,NA,NA,NA,2025-06-05
AO,AGO,Angola,1996,7526446605.51712,NA,NA,NA,2025-06-05
AO,AGO,Angola,1995,5538749259.94714,NA,NA,NA,2025-06-05
AO,AGO,Angola,1994,4438321017.39068,NA,NA,NA,2025-06-05
AO,AGO,Angola,1993,5768720421.61367,NA,NA,NA,2025-06-05
AO,AGO,Angola,1992,8307810973.58848,NA,NA,NA,2025-06-05
AO,AGO,Angola,1991,10603784541.197,NA,NA,NA,2025-06-05
AO,AGO,Angola,1990,11229515599.3048,NA,NA,NA,2025-06-05
AO,AGO,Angola,1989,10201780976.6696,NA,NA,NA,2025-06-05
AO,AGO,Angola,1988,8769836768.83482,NA,NA,NA,2025-06-05
AO,AGO,Angola,1987,8084412414.26566,NA,NA,NA,2025-06-05
AO,AGO,Angola,1986,7072536108.69711,NA,NA,NA,2025-06-05
AO,AGO,Angola,1985,7554065410.121,NA,NA,NA,2025-06-05
AO,AGO,Angola,1984,6131475065.17815,NA,NA,NA,2025-06-05
AO,AGO,Angola,1983,5784341596.36339,NA,NA,NA,2025-06-05
AO,AGO,Angola,1982,5550483035.96497,NA,NA,NA,2025-06-05
AO,AGO,Angola,1981,5550483035.96497,NA,NA,NA,2025-06-05
AO,AGO,Angola,1980,5930503400.96263,NA,NA,NA,2025-06-05
AO,AGO,Angola,1979,NA,NA,NA,NA,2025-06-05
AO,AGO,Angola,1978,NA,NA,NA,NA,2025-06-05
AO,AGO,Angola,1977,NA,NA,NA,NA,2025-06-05
AO,AGO,Angola,1976,NA,NA,NA,NA,2025-06-05
AO,AGO,Angola,1975,NA,NA,NA,NA,2025-06-05
AO,AGO,Angola,1974,NA,NA,NA,NA,2025-06-05
AO,AGO,Angola,1973,NA,NA,NA,NA,2025-06-05
AO,AGO,Angola,1972,NA,NA,NA,NA,2025-06-05
AO,AGO,Angola,1971,NA,NA,NA,NA,2025-06-05
AO,AGO,Angola,1970,NA,NA,NA,NA,2025-06-05
AO,AGO,Angola,1969,NA,NA,NA,NA,2025-06-05
AO,AGO,Angola,1968,NA,NA,NA,NA,2025-06-05
AO,AGO,Angola,1967,NA,NA,NA,NA,2025-06-05
AO,AGO,Angola,1966,NA,NA,NA,NA,2025-06-05
AO,AGO,Angola,1965,NA,NA,NA,NA,2025-06-05
AO,AGO,Angola,1964,NA,NA,NA,NA,2025-06-05
AO,AGO,Angola,1963,NA,NA,NA,NA,2025-06-05
AO,AGO,Angola,1962,NA,NA,NA,NA,2025-06-05
AO,AGO,Angola,1961,NA,NA,NA,NA,2025-06-05
AO,AGO,Angola,1960,NA,NA,NA,NA,2025-06-05
AG,ATG,Antigua and Barbuda,2024,NA,NA,NA,NA,2025-06-05
AG,ATG,Antigua and Barbuda,2023,2033085185.18518,NA,NA,NA,2025-06-05
AG,ATG,Antigua and Barbuda,2022,1867733333.33333,NA,NA,NA,2025-06-05
AG,ATG,Antigua and Barbuda,2021,1601366666.66667,NA,NA,NA,2025-06-05
AG,ATG,Antigua and Barbuda,2020,1410796296.2963,NA,NA,NA,2025-06-05
AG,ATG,Antigua and Barbuda,2019,1725351851.85185,NA,NA,NA,2025-06-05
AG,ATG,Antigua and Barbuda,2018,1661529629.62963,NA,NA,NA,2025-06-05
AG,ATG,Antigua and Barbuda,2017,1531151851.85185,NA,NA,NA,2025-06-05
AG,ATG,Antigua and Barbuda,2016,1489692592.59259,NA,NA,NA,2025-06-05
AG,ATG,Antigua and Barbuda,2015,1437755555.55556,NA,NA,NA,2025-06-05
AG,ATG,Antigua and Barbuda,2014,1378829629.62963,NA,NA,NA,2025-06-05
AG,ATG,Antigua and Barbuda,2013,1325425925.92593,NA,NA,NA,2025-06-05
AG,ATG,Antigua and Barbuda,2012,1327107407.40741,NA,NA,NA,2025-06-05
AG,ATG,Antigua and Barbuda,2011,1281337037.03704,NA,NA,NA,2025-06-05
AG,ATG,Antigua and Barbuda,2010,1298255555.55556,NA,NA,NA,2025-06-05
AG,ATG,Antigua and Barbuda,2009,1386444444.44444,NA,NA,NA,2025-06-05
AG,ATG,Antigua and Barbuda,2008,1557540740.74074,NA,NA,NA,2025-06-05
AG,ATG,Antigua and Barbuda,2007,1487300000,NA,NA,NA,2025-06-05
AG,ATG,Antigua and Barbuda,2006,1303548148.14815,NA,NA,NA,2025-06-05
AG,ATG,Antigua and Barbuda,2005,1143714814.81481,NA,NA,NA,2025-06-05
AG,ATG,Antigua and Barbuda,2004,1026181481.48148,NA,NA,NA,2025-06-05
AG,ATG,Antigua and Barbuda,2003,947955555.555555,NA,NA,NA,2025-06-05
AG,ATG,Antigua and Barbuda,2002,897988888.888889,NA,NA,NA,2025-06-05
AG,ATG,Antigua and Barbuda,2001,877514814.814815,NA,NA,NA,2025-06-05
AG,ATG,Antigua and Barbuda,2000,900551851.851852,NA,NA,NA,2025-06-05
AG,ATG,Antigua and Barbuda,1999,835514814.814815,NA,NA,NA,2025-06-05
AG,ATG,Antigua and Barbuda,1998,789762962.962963,NA,NA,NA,2025-06-05
AG,ATG,Antigua and Barbuda,1997,734392592.592593,NA,NA,NA,2025-06-05
AG,ATG,Antigua and Barbuda,1996,679111111.111111,NA,NA,NA,2025-06-05
AG,ATG,Antigua and Barbuda,1995,616014814.814815,NA,NA,NA,2025-06-05
AG,ATG,Antigua and Barbuda,1994,625051851.851852,NA,NA,NA,2025-06-05
AG,ATG,Antigua and Barbuda,1993,565633333.333333,NA,NA,NA,2025-06-05
AG,ATG,Antigua and Barbuda,1992,525103703.703704,NA,NA,NA,2025-06-05
AG,ATG,Antigua and Barbuda,1991,504307407.407407,NA,NA,NA,2025-06-05
AG,ATG,Antigua and Barbuda,1990,478692592.592593,NA,NA,NA,2025-06-05
AG,ATG,Antigua and Barbuda,1989,455148148.148148,NA,NA,NA,2025-06-05
AG,ATG,Antigua and Barbuda,1988,411374074.074074,NA,NA,NA,2025-06-05
AG,ATG,Antigua and Barbuda,1987,346840740.740741,NA,NA,NA,2025-06-05
AG,ATG,Antigua and Barbuda,1986,297537037.037037,NA,NA,NA,2025-06-05
AG,ATG,Antigua and Barbuda,1985,246344444.444444,NA,NA,NA,2025-06-05
AG,ATG,Antigua and Barbuda,1984,212192592.592593,NA,NA,NA,2025-06-05
AG,ATG,Antigua and Barbuda,1983,184848148.148148,NA,NA,NA,2025-06-05
AG,ATG,Antigua and Barbuda,1982,166425925.925926,NA,NA,NA,2025-06-05
AG,ATG,Antigua and Barbuda,1981,149377777.777778,NA,NA,NA,2025-06-05
AG,ATG,Antigua and Barbuda,1980,132440740.740741,NA,NA,NA,2025-06-05
AG,ATG,Antigua and Barbuda,1979,109585185.185185,NA,NA,NA,2025-06-05
AG,ATG,Antigua and Barbuda,1978,88033333.3333333,NA,NA,NA,2025-06-05
AG,ATG,Antigua and Barbuda,1977,77496296.2962963,NA,NA,NA,2025-06-05
AG,ATG,Antigua and Barbuda,1976,NA,NA,NA,NA,2025-06-05
AG,ATG,Antigua and Barbuda,1975,NA,NA,NA,NA,2025-06-05
AG,ATG,Antigua and Barbuda,1974,NA,NA,NA,NA,2025-06-05
AG,ATG,Antigua and Barbuda,1973,NA,NA,NA,NA,2025-06-05
AG,ATG,Antigua and Barbuda,1972,NA,NA,NA,NA,2025-06-05
AG,ATG,Antigua and Barbuda,1971,NA,NA,NA,NA,2025-06-05
AG,ATG,Antigua and Barbuda,1970,NA,NA,NA,NA,2025-06-05
AG,ATG,Antigua and Barbuda,1969,NA,NA,NA,NA,2025-06-05
AG,ATG,Antigua and Barbuda,1968,NA,NA,NA,NA,2025-06-05
AG,ATG,Antigua and Barbuda,1967,NA,NA,NA,NA,2025-06-05
AG,ATG,Antigua and Barbuda,1966,NA,NA,NA,NA,2025-06-05
AG,ATG,Antigua and Barbuda,1965,NA,NA,NA,NA,2025-06-05
AG,ATG,Antigua and Barbuda,1964,NA,NA,NA,NA,2025-06-05
AG,ATG,Antigua and Barbuda,1963,NA,NA,NA,NA,2025-06-05
AG,ATG,Antigua and Barbuda,1962,NA,NA,NA,NA,2025-06-05
AG,ATG,Antigua and Barbuda,1961,NA,NA,NA,NA,2025-06-05
AG,ATG,Antigua and Barbuda,1960,NA,NA,NA,NA,2025-06-05
AR,ARG,Argentina,2024,NA,NA,NA,NA,2025-06-05
AR,ARG,Argentina,2023,646075277525.125,NA,NA,NA,2025-06-05
AR,ARG,Argentina,2022,632790070063.124,NA,NA,NA,2025-06-05
AR,ARG,Argentina,2021,486564085480.036,NA,NA,NA,2025-06-05
AR,ARG,Argentina,2020,385740508436.965,NA,NA,NA,2025-06-05
AR,ARG,Argentina,2019,447754683615.225,NA,NA,NA,2025-06-05
AR,ARG,Argentina,2018,524819892360.176,NA,NA,NA,2025-06-05
AR,ARG,Argentina,2017,643628393281.364,NA,NA,NA,2025-06-05
AR,ARG,Argentina,2016,557532320662.955,NA,NA,NA,2025-06-05
AR,ARG,Argentina,2015,594749285413.212,NA,NA,NA,2025-06-05
AR,ARG,Argentina,2014,526319673731.638,NA,NA,NA,2025-06-05
AR,ARG,Argentina,2013,552025140252.246,NA,NA,NA,2025-06-05
AR,ARG,Argentina,2012,545982375701.128,NA,NA,NA,2025-06-05
AR,ARG,Argentina,2011,530158122010.442,NA,NA,NA,2025-06-05
AR,ARG,Argentina,2010,423627422092.49,NA,NA,NA,2025-06-05
AR,ARG,Argentina,2009,332976484577.619,NA,NA,NA,2025-06-05
AR,ARG,Argentina,2008,361558037110.419,NA,NA,NA,2025-06-05
AR,ARG,Argentina,2007,287530508430.568,NA,NA,NA,2025-06-05
AR,ARG,Argentina,2006,232557260817.308,NA,NA,NA,2025-06-05
AR,ARG,Argentina,2005,198737095012.282,NA,NA,NA,2025-06-05
AR,ARG,Argentina,2004,164657930452.787,NA,NA,NA,2025-06-05
AR,ARG,Argentina,2003,127586973492.177,NA,NA,NA,2025-06-05
AR,ARG,Argentina,2002,97724004251.8602,NA,NA,NA,2025-06-05
AR,ARG,Argentina,2001,268696750000,NA,NA,NA,2025-06-05
AR,ARG,Argentina,2000,284203750000,NA,NA,NA,2025-06-05
AR,ARG,Argentina,1999,283523000000,NA,NA,NA,2025-06-05
AR,ARG,Argentina,1998,298948250000,NA,NA,NA,2025-06-05
AR,ARG,Argentina,1997,292859000000,NA,NA,NA,2025-06-05
AR,ARG,Argentina,1996,272149750000,NA,NA,NA,2025-06-05
AR,ARG,Argentina,1995,258031750000,NA,NA,NA,2025-06-05
AR,ARG,Argentina,1994,257440000000,NA,NA,NA,2025-06-05
AR,ARG,Argentina,1993,236741715015.015,NA,NA,NA,2025-06-05
AR,ARG,Argentina,1992,228778917308.17,NA,NA,NA,2025-06-05
AR,ARG,Argentina,1991,189719984268.485,NA,NA,NA,2025-06-05
AR,ARG,Argentina,1990,141352630146.731,NA,NA,NA,2025-06-05
AR,ARG,Argentina,1989,76629728760.123,NA,NA,NA,2025-06-05
AR,ARG,Argentina,1988,126890235049.092,NA,NA,NA,2025-06-05
AR,ARG,Argentina,1987,108810885301.253,NA,NA,NA,2025-06-05
AR,ARG,Argentina,1986,105872372613.857,NA,NA,NA,2025-06-05
AR,ARG,Argentina,1985,88150891728.1064,NA,NA,NA,2025-06-05
AR,ARG,Argentina,1984,116915052107.031,NA,NA,NA,2025-06-05
AR,ARG,Argentina,1983,103979106777.911,NA,NA,NA,2025-06-05
AR,ARG,Argentina,1982,84307486836.724,NA,NA,NA,2025-06-05
AR,ARG,Argentina,1981,78676842366.5529,NA,NA,NA,2025-06-05
AR,ARG,Argentina,1980,76961923741.0701,NA,NA,NA,2025-06-05
AR,ARG,Argentina,1979,69252328951.6441,NA,NA,NA,2025-06-05
AR,ARG,Argentina,1978,89049453088.3282,NA,NA,NA,2025-06-05
AR,ARG,Argentina,1977,56781000101.0848,NA,NA,NA,2025-06-05
AR,ARG,Argentina,1976,51169499892.1722,NA,NA,NA,2025-06-05
AR,ARG,Argentina,1975,52438647921.9226,NA,NA,NA,2025-06-05
AR,ARG,Argentina,1974,72436777342.4554,NA,NA,NA,2025-06-05
AR,ARG,Argentina,1973,52544000116.9037,NA,NA,NA,2025-06-05
AR,ARG,Argentina,1972,34733000536.2862,NA,NA,NA,2025-06-05
AR,ARG,Argentina,1971,33293199095.4881,NA,NA,NA,2025-06-05
AR,ARG,Argentina,1970,31584210365.5447,NA,NA,NA,2025-06-05
AR,ARG,Argentina,1969,31256284543.6155,NA,NA,NA,2025-06-05
AR,ARG,Argentina,1968,26436857247.4982,NA,NA,NA,2025-06-05
AR,ARG,Argentina,1967,24256667553.2569,NA,NA,NA,2025-06-05
AR,ARG,Argentina,1966,28630474727.9023,NA,NA,NA,2025-06-05
AR,ARG,Argentina,1965,28344705966.6389,NA,NA,NA,2025-06-05
AR,ARG,Argentina,1964,25605249381.7597,NA,NA,NA,2025-06-05
AR,ARG,Argentina,1963,18272123664.4715,NA,NA,NA,2025-06-05
AR,ARG,Argentina,1962,24450604877.6081,NA,NA,NA,2025-06-05
AR,ARG,Argentina,1961,NA,NA,NA,NA,2025-06-05
AR,ARG,Argentina,1960,NA,NA,NA,NA,2025-06-05
AM,ARM,Armenia,2024,NA,NA,NA,NA,2025-06-05
AM,ARM,Armenia,2023,24085749592.3359,NA,NA,NA,2025-06-05
AM,ARM,Armenia,2022,19513506553.1251,NA,NA,NA,2025-06-05
AM,ARM,Armenia,2021,13878908628.9378,NA,NA,NA,2025-06-05
AM,ARM,Armenia,2020,12641698583.2152,NA,NA,NA,2025-06-05
AM,ARM,Armenia,2019,13619290539.2116,NA,NA,NA,2025-06-05
AM,ARM,Armenia,2018,12457940694.7395,NA,NA,NA,2025-06-05
AM,ARM,Armenia,2017,11527458709.0158,NA,NA,NA,2025-06-05
AM,ARM,Armenia,2016,10546136235.5219,NA,NA,NA,2025-06-05
AM,ARM,Armenia,2015,10553337518.414,NA,NA,NA,2025-06-05
AM,ARM,Armenia,2014,11609513246.7958,NA,NA,NA,2025-06-05
AM,ARM,Armenia,2013,11121464437.0415,NA,NA,NA,2025-06-05
AM,ARM,Armenia,2012,10619320682.9474,NA,NA,NA,2025-06-05
AM,ARM,Armenia,2011,10142111824.5835,NA,NA,NA,2025-06-05
AM,ARM,Armenia,2010,9260285755.62424,NA,NA,NA,2025-06-05
AM,ARM,Armenia,2009,8647937081.2562,NA,NA,NA,2025-06-05
AM,ARM,Armenia,2008,11662040713.8753,NA,NA,NA,2025-06-05
AM,ARM,Armenia,2007,9206301269.79164,NA,NA,NA,2025-06-05
AM,ARM,Armenia,2006,6384452066.5146,NA,NA,NA,2025-06-05
AM,ARM,Armenia,2005,4900469511.10191,NA,NA,NA,2025-06-05
AM,ARM,Armenia,2004,3576615240.41616,NA,NA,NA,2025-06-05
AM,ARM,Armenia,2003,2807061008.69084,NA,NA,NA,2025-06-05
AM,ARM,Armenia,2002,2376335048.39976,NA,NA,NA,2025-06-05
AM,ARM,Armenia,2001,2118467913.37873,NA,NA,NA,2025-06-05
AM,ARM,Armenia,2000,1911563668.85006,NA,NA,NA,2025-06-05
AM,ARM,Armenia,1999,1845482173.02732,NA,NA,NA,2025-06-05
AM,ARM,Armenia,1998,1893726437.26462,NA,NA,NA,2025-06-05
AM,ARM,Armenia,1997,1639492444.76152,NA,NA,NA,2025-06-05
AM,ARM,Armenia,1996,1596968946.23708,NA,NA,NA,2025-06-05
AM,ARM,Armenia,1995,1468317435.20148,NA,NA,NA,2025-06-05
AM,ARM,Armenia,1994,1315158636.67553,NA,NA,NA,2025-06-05
AM,ARM,Armenia,1993,1201312829.27524,NA,NA,NA,2025-06-05
AM,ARM,Armenia,1992,1272835453.42634,NA,NA,NA,2025-06-05
AM,ARM,Armenia,1991,2069870129.87013,NA,NA,NA,2025-06-05
AM,ARM,Armenia,1990,2256863448.77086,NA,NA,NA,2025-06-05
AM,ARM,Armenia,1989,NA,NA,NA,NA,2025-06-05
AM,ARM,Armenia,1988,NA,NA,NA,NA,2025-06-05
AM,ARM,Armenia,1987,NA,NA,NA,NA,2025-06-05
AM,ARM,Armenia,1986,NA,NA,NA,NA,2025-06-05
AM,ARM,Armenia,1985,NA,NA,NA,NA,2025-06-05
AM,ARM,Armenia,1984,NA,NA,NA,NA,2025-06-05
AM,ARM,Armenia,1983,NA,NA,NA,NA,2025-06-05
AM,ARM,Armenia,1982,NA,NA,NA,NA,2025-06-05
AM,ARM,Armenia,1981,NA,NA,NA,NA,2025-06-05
AM,ARM,Armenia,1980,NA,NA,NA,NA,2025-06-05
AM,ARM,Armenia,1979,NA,NA,NA,NA,2025-06-05
AM,ARM,Armenia,1978,NA,NA,NA,NA,2025-06-05
AM,ARM,Armenia,1977,NA,NA,NA,NA,2025-06-05
AM,ARM,Armenia,1976,NA,NA,NA,NA,2025-06-05
AM,ARM,Armenia,1975,NA,NA,NA,NA,2025-06-05
AM,ARM,Armenia,1974,NA,NA,NA,NA,2025-06-05
AM,ARM,Armenia,1973,NA,NA,NA,NA,2025-06-05
AM,ARM,Armenia,1972,NA,NA,NA,NA,2025-06-05
AM,ARM,Armenia,1971,NA,NA,NA,NA,2025-06-05
AM,ARM,Armenia,1970,NA,NA,NA,NA,2025-06-05
AM,ARM,Armenia,1969,NA,NA,NA,NA,2025-06-05
AM,ARM,Armenia,1968,NA,NA,NA,NA,2025-06-05
AM,ARM,Armenia,1967,NA,NA,NA,NA,2025-06-05
AM,ARM,Armenia,1966,NA,NA,NA,NA,2025-06-05
AM,ARM,Armenia,1965,NA,NA,NA,NA,2025-06-05
AM,ARM,Armenia,1964,NA,NA,NA,NA,2025-06-05
AM,ARM,Armenia,1963,NA,NA,NA,NA,2025-06-05
AM,ARM,Armenia,1962,NA,NA,NA,NA,2025-06-05
AM,ARM,Armenia,1961,NA,NA,NA,NA,2025-06-05
AM,ARM,Armenia,1960,NA,NA,NA,NA,2025-06-05
AW,ABW,Aruba,2024,NA,NA,NA,NA,2025-06-05
AW,ABW,Aruba,2023,3648573136.15155,NA,NA,NA,2025-06-05
AW,ABW,Aruba,2022,3279343543.60416,NA,NA,NA,2025-06-05
AW,ABW,Aruba,2021,2929446578.25104,NA,NA,NA,2025-06-05
AW,ABW,Aruba,2020,2481857122.8401,NA,NA,NA,2025-06-05
AW,ABW,Aruba,2019,3395798882.68156,NA,NA,NA,2025-06-05
AW,ABW,Aruba,2018,3276184357.5419,NA,NA,NA,2025-06-05
AW,ABW,Aruba,2017,3092429050.27933,NA,NA,NA,2025-06-05
AW,ABW,Aruba,2016,2983635195.53073,NA,NA,NA,2025-06-05
AW,ABW,Aruba,2015,2962907262.56983,NA,NA,NA,2025-06-05
AW,ABW,Aruba,2014,2790849720.67039,NA,NA,NA,2025-06-05
AW,ABW,Aruba,2013,2727849720.67039,NA,NA,NA,2025-06-05
AW,ABW,Aruba,2012,2615208379.88827,NA,NA,NA,2025-06-05
AW,ABW,Aruba,2011,2637859217.87709,NA,NA,NA,2025-06-05
AW,ABW,Aruba,2010,2453597206.70391,NA,NA,NA,2025-06-05
AW,ABW,Aruba,2009,2553793296.08939,NA,NA,NA,2025-06-05
AW,ABW,Aruba,2008,2843024581.00559,NA,NA,NA,2025-06-05
AW,ABW,Aruba,2007,2677641340.78212,NA,NA,NA,2025-06-05
AW,ABW,Aruba,2006,2469782681.56425,NA,NA,NA,2025-06-05
AW,ABW,Aruba,2005,2360017318.43575,NA,NA,NA,2025-06-05
AW,ABW,Aruba,2004,2254830726.25698,NA,NA,NA,2025-06-05
AW,ABW,Aruba,2003,2044111731.84358,NA,NA,NA,2025-06-05
AW,ABW,Aruba,2002,1961843575.41899,NA,NA,NA,2025-06-05
AW,ABW,Aruba,2001,1896456983.24022,NA,NA,NA,2025-06-05
AW,ABW,Aruba,2000,1873452513.96648,NA,NA,NA,2025-06-05
AW,ABW,Aruba,1999,1722905027.93296,NA,NA,NA,2025-06-05
AW,ABW,Aruba,1998,1665363128.49162,NA,NA,NA,2025-06-05
AW,ABW,Aruba,1997,1531843575.41899,NA,NA,NA,2025-06-05
AW,ABW,Aruba,1996,1379888268.15642,NA,NA,NA,2025-06-05
AW,ABW,Aruba,1995,1320670391.06145,NA,NA,NA,2025-06-05
AW,ABW,Aruba,1994,1245810055.86592,NA,NA,NA,2025-06-05
AW,ABW,Aruba,1993,1083240223.46369,NA,NA,NA,2025-06-05
AW,ABW,Aruba,1992,958659217.877095,NA,NA,NA,2025-06-05
AW,ABW,Aruba,1991,872067039.106145,NA,NA,NA,2025-06-05
AW,ABW,Aruba,1990,764804469.273743,NA,NA,NA,2025-06-05
AW,ABW,Aruba,1989,695530726.256983,NA,NA,NA,2025-06-05
AW,ABW,Aruba,1988,596648044.692737,NA,NA,NA,2025-06-05
AW,ABW,Aruba,1987,487709497.206704,NA,NA,NA,2025-06-05
AW,ABW,Aruba,1986,405586592.178771,NA,NA,NA,2025-06-05
AW,ABW,Aruba,1985,NA,NA,NA,NA,2025-06-05
AW,ABW,Aruba,1984,NA,NA,NA,NA,2025-06-05
AW,ABW,Aruba,1983,NA,NA,NA,NA,2025-06-05
AW,ABW,Aruba,1982,NA,NA,NA,NA,2025-06-05
AW,ABW,Aruba,1981,NA,NA,NA,NA,2025-06-05
AW,ABW,Aruba,1980,NA,NA,NA,NA,2025-06-05
AW,ABW,Aruba,1979,NA,NA,NA,NA,2025-06-05
AW,ABW,Aruba,1978,NA,NA,NA,NA,2025-06-05
AW,ABW,Aruba,1977,NA,NA,NA,NA,2025-06-05
AW,ABW,Aruba,1976,NA,NA,NA,NA,2025-06-05
AW,ABW,Aruba,1975,NA,NA,NA,NA,2025-06-05
AW,ABW,Aruba,1974,NA,NA,NA,NA,2025-06-05
AW,ABW,Aruba,1973,NA,NA,NA,NA,2025-06-05
AW,ABW,Aruba,1972,NA,NA,NA,NA,2025-06-05
AW,ABW,Aruba,1971,NA,NA,NA,NA,2025-06-05
AW,ABW,Aruba,1970,NA,NA,NA,NA,2025-06-05
AW,ABW,Aruba,1969,NA,NA,NA,NA,2025-06-05
AW,ABW,Aruba,1968,NA,NA,NA,NA,2025-06-05
AW,ABW,Aruba,1967,NA,NA,NA,NA,2025-06-05
AW,ABW,Aruba,1966,NA,NA,NA,NA,2025-06-05
AW,ABW,Aruba,1965,NA,NA,NA,NA,2025-06-05
AW,ABW,Aruba,1964,NA,NA,NA,NA,2025-06-05
AW,ABW,Aruba,1963,NA,NA,NA,NA,2025-06-05
AW,ABW,Aruba,1962,NA,NA,NA,NA,2025-06-05
AW,ABW,Aruba,1961,NA,NA,NA,NA,2025-06-05
AW,ABW,Aruba,1960,NA,NA,NA,NA,2025-06-05
AU,AUS,Australia,2024,NA,NA,NA,NA,2025-06-05
AU,AUS,Australia,2023,1728057316695.61,NA,NA,NA,2025-06-05
AU,AUS,Australia,2022,1690858246994.43,NA,NA,NA,2025-06-05
AU,AUS,Australia,2021,1556735770437.26,NA,NA,NA,2025-06-05
AU,AUS,Australia,2020,1328414058378.38,NA,NA,NA,2025-06-05
AU,AUS,Australia,2019,1392723834562.64,NA,NA,NA,2025-06-05
AU,AUS,Australia,2018,1427809041019.44,NA,NA,NA,2025-06-05
AU,AUS,Australia,2017,1325582658156.54,NA,NA,NA,2025-06-05
AU,AUS,Australia,2016,1206836962281.84,NA,NA,NA,2025-06-05
AU,AUS,Australia,2015,1351296372254.31,NA,NA,NA,2025-06-05
AU,AUS,Australia,2014,1468265356427.76,NA,NA,NA,2025-06-05
AU,AUS,Australia,2013,1577123329410.88,NA,NA,NA,2025-06-05
AU,AUS,Australia,2012,1547532281116.4,NA,NA,NA,2025-06-05
AU,AUS,Australia,2011,1398610616772.97,NA,NA,NA,2025-06-05
AU,AUS,Australia,2010,1148838233480.72,NA,NA,NA,2025-06-05
AU,AUS,Australia,2009,928762122698.05,NA,NA,NA,2025-06-05
AU,AUS,Australia,2008,1056112427190.38,NA,NA,NA,2025-06-05
AU,AUS,Australia,2007,855007458585.224,NA,NA,NA,2025-06-05
AU,AUS,Australia,2006,748417562769.636,NA,NA,NA,2025-06-05
AU,AUS,Australia,2005,695692898676.56,NA,NA,NA,2025-06-05
AU,AUS,Australia,2004,614659980082.515,NA,NA,NA,2025-06-05
AU,AUS,Australia,2003,467739079790.332,NA,NA,NA,2025-06-05
AU,AUS,Australia,2002,395788696012.059,NA,NA,NA,2025-06-05
AU,AUS,Australia,2001,379629301675.108,NA,NA,NA,2025-06-05
AU,AUS,Australia,2000,416167815092.908,NA,NA,NA,2025-06-05
AU,AUS,Australia,1999,389652212056.649,NA,NA,NA,2025-06-05
AU,AUS,Australia,1998,399674421759.479,NA,NA,NA,2025-06-05
AU,AUS,Australia,1997,435642611296.586,NA,NA,NA,2025-06-05
AU,AUS,Australia,1996,401341880620.728,NA,NA,NA,2025-06-05
AU,AUS,Australia,1995,368166023166.023,NA,NA,NA,2025-06-05
AU,AUS,Australia,1994,322806641300.588,NA,NA,NA,2025-06-05
AU,AUS,Australia,1993,312133923552.558,NA,NA,NA,2025-06-05
AU,AUS,Australia,1992,325525379566.838,NA,NA,NA,2025-06-05
AU,AUS,Australia,1991,325975319455.531,NA,NA,NA,2025-06-05
AU,AUS,Australia,1990,311426665219.971,NA,NA,NA,2025-06-05
AU,AUS,Australia,1989,299875906679.217,NA,NA,NA,2025-06-05
AU,AUS,Australia,1988,236161314544.153,NA,NA,NA,2025-06-05
AU,AUS,Australia,1987,189495764955.003,NA,NA,NA,2025-06-05
AU,AUS,Australia,1986,182481113598.209,NA,NA,NA,2025-06-05
AU,AUS,Australia,1985,180643265927.279,NA,NA,NA,2025-06-05
AU,AUS,Australia,1984,193525337525.765,NA,NA,NA,2025-06-05
AU,AUS,Australia,1983,177267290706.228,NA,NA,NA,2025-06-05
AU,AUS,Australia,1982,194041708043.694,NA,NA,NA,2025-06-05
AU,AUS,Australia,1981,176895390688.494,NA,NA,NA,2025-06-05
AU,AUS,Australia,1980,149987743732.591,NA,NA,NA,2025-06-05
AU,AUS,Australia,1979,134900602067.477,NA,NA,NA,2025-06-05
AU,AUS,Australia,1978,118492761338.464,NA,NA,NA,2025-06-05
AU,AUS,Australia,1977,110352144987.382,NA,NA,NA,2025-06-05
AU,AUS,Australia,1976,105060616984.856,NA,NA,NA,2025-06-05
AU,AUS,Australia,1975,97304383449.406,NA,NA,NA,2025-06-05
AU,AUS,Australia,1974,88965364775.2395,NA,NA,NA,2025-06-05
AU,AUS,Australia,1973,63833440102.4984,NA,NA,NA,2025-06-05
AU,AUS,Australia,1972,52042056074.7664,NA,NA,NA,2025-06-05
AU,AUS,Australia,1971,45217767234.8428,NA,NA,NA,2025-06-05
AU,AUS,Australia,1970,41334726613.5563,NA,NA,NA,2025-06-05
AU,AUS,Australia,1969,36684485869.5177,NA,NA,NA,2025-06-05
AU,AUS,Australia,1968,32714085234.2536,NA,NA,NA,2025-06-05
AU,AUS,Australia,1967,30442724870.836,NA,NA,NA,2025-06-05
AU,AUS,Australia,1966,27308964369.4343,NA,NA,NA,2025-06-05
AU,AUS,Australia,1965,25977284156.3655,NA,NA,NA,2025-06-05
AU,AUS,Australia,1964,23801123808.1798,NA,NA,NA,2025-06-05
AU,AUS,Australia,1963,21540963446.5541,NA,NA,NA,2025-06-05
AU,AUS,Australia,1962,19923683187.7893,NA,NA,NA,2025-06-05
AU,AUS,Australia,1961,19684003149.4405,NA,NA,NA,2025-06-05
AU,AUS,Australia,1960,18607682977.2293,NA,NA,NA,2025-06-05
AT,AUT,Austria,2024,NA,NA,NA,NA,2025-06-05
AT,AUT,Austria,2023,511685203845.001,NA,NA,NA,2025-06-05
AT,AUT,Austria,2022,471773629830.381,NA,NA,NA,2025-06-05
AT,AUT,Austria,2021,480467037338.783,NA,NA,NA,2025-06-05
AT,AUT,Austria,2020,434397601557.696,NA,NA,NA,2025-06-05
AT,AUT,Austria,2019,442983642371.842,NA,NA,NA,2025-06-05
AT,AUT,Austria,2018,452582294972.775,NA,NA,NA,2025-06-05
AT,AUT,Austria,2017,414926138132.691,NA,NA,NA,2025-06-05
AT,AUT,Austria,2016,393687359770.273,NA,NA,NA,2025-06-05
AT,AUT,Austria,2015,379546097300.633,NA,NA,NA,2025-06-05
AT,AUT,Austria,2014,438556021078.034,NA,NA,NA,2025-06-05
AT,AUT,Austria,2013,426580502769.417,NA,NA,NA,2025-06-05
AT,AUT,Austria,2012,406750487603.59,NA,NA,NA,2025-06-05
AT,AUT,Austria,2011,428954737064.057,NA,NA,NA,2025-06-05
AT,AUT,Austria,2010,389827789217.634,NA,NA,NA,2025-06-05
AT,AUT,Austria,2009,399290118782.429,NA,NA,NA,2025-06-05
AT,AUT,Austria,2008,429234399096.173,NA,NA,NA,2025-06-05
AT,AUT,Austria,2007,386760177589.497,NA,NA,NA,2025-06-05
AT,AUT,Austria,2006,333905979332.481,NA,NA,NA,2025-06-05
AT,AUT,Austria,2005,313952317330.776,NA,NA,NA,2025-06-05
AT,AUT,Austria,2004,299210411454.823,NA,NA,NA,2025-06-05
AT,AUT,Austria,2003,260779834340.097,NA,NA,NA,2025-06-05
AT,AUT,Austria,2002,212837224022.813,NA,NA,NA,2025-06-05
AT,AUT,Austria,2001,196477206829.33,NA,NA,NA,2025-06-05
AT,AUT,Austria,2000,196181599831.287,NA,NA,NA,2025-06-05
AT,AUT,Austria,1999,216421809125.916,NA,NA,NA,2025-06-05
AT,AUT,Austria,1998,217068085815.918,NA,NA,NA,2025-06-05
AT,AUT,Austria,1997,211724812267.448,NA,NA,NA,2025-06-05
AT,AUT,Austria,1996,235952581232.129,NA,NA,NA,2025-06-05
AT,AUT,Austria,1995,240094169510.031,NA,NA,NA,2025-06-05
AT,AUT,Austria,1994,202738023129.743,NA,NA,NA,2025-06-05
AT,AUT,Austria,1993,189634029338.696,NA,NA,NA,2025-06-05
AT,AUT,Austria,1992,194314032056.098,NA,NA,NA,2025-06-05
AT,AUT,Austria,1991,173113449616.971,NA,NA,NA,2025-06-05
AT,AUT,Austria,1990,165811372382.912,NA,NA,NA,2025-06-05
AT,AUT,Austria,1989,132584448257.93,NA,NA,NA,2025-06-05
AT,AUT,Austria,1988,132817124707.456,NA,NA,NA,2025-06-05
AT,AUT,Austria,1987,123682091858.946,NA,NA,NA,2025-06-05
AT,AUT,Austria,1986,98648254168.5444,NA,NA,NA,2025-06-05
AT,AUT,Austria,1985,69114996009.577,NA,NA,NA,2025-06-05
AT,AUT,Austria,1984,67719055773.3306,NA,NA,NA,2025-06-05
AT,AUT,Austria,1983,71838528420.4075,NA,NA,NA,2025-06-05
AT,AUT,Austria,1982,70996111962.5716,NA,NA,NA,2025-06-05
AT,AUT,Austria,1981,70755997062.3812,NA,NA,NA,2025-06-05
AT,AUT,Austria,1980,81737498404.5948,NA,NA,NA,2025-06-05
AT,AUT,Austria,1979,73647694287.1848,NA,NA,NA,2025-06-05
AT,AUT,Austria,1978,61809208755.804,NA,NA,NA,2025-06-05
AT,AUT,Austria,1977,51343861460.328,NA,NA,NA,2025-06-05
AT,AUT,Austria,1976,42791707448.0325,NA,NA,NA,2025-06-05
AT,AUT,Austria,1975,39902300703.1682,NA,NA,NA,2025-06-05
AT,AUT,Austria,1974,35051468639.576,NA,NA,NA,2025-06-05
AT,AUT,Austria,1973,29399860144.7748,NA,NA,NA,2025-06-05
AT,AUT,Austria,1972,21973207929.0434,NA,NA,NA,2025-06-05
AT,AUT,Austria,1971,17788536733.1204,NA,NA,NA,2025-06-05
AT,AUT,Austria,1970,15312791743.8476,NA,NA,NA,2025-06-05
AT,AUT,Austria,1969,13647475854.0287,NA,NA,NA,2025-06-05
AT,AUT,Austria,1968,12499863917.1003,NA,NA,NA,2025-06-05
AT,AUT,Austria,1967,11634569521.9273,NA,NA,NA,2025-06-05
AT,AUT,Austria,1966,10939526218.6393,NA,NA,NA,2025-06-05
AT,AUT,Austria,1965,10041659445.118,NA,NA,NA,2025-06-05
AT,AUT,Austria,1964,9213648655.97511,NA,NA,NA,2025-06-05
AT,AUT,Austria,1963,8414050621.01716,NA,NA,NA,2025-06-05
AT,AUT,Austria,1962,7793042529.15992,NA,NA,NA,2025-06-05
AT,AUT,Austria,1961,7346566037.83392,NA,NA,NA,2025-06-05
AT,AUT,Austria,1960,6624086313.14334,NA,NA,NA,2025-06-05
AZ,AZE,Azerbaijan,2024,NA,NA,NA,NA,2025-06-05
AZ,AZE,Azerbaijan,2023,72356176470.5882,NA,NA,NA,2025-06-05
AZ,AZE,Azerbaijan,2022,78807470588.2353,NA,NA,NA,2025-06-05
AZ,AZE,Azerbaijan,2021,54825411764.7059,NA,NA,NA,2025-06-05
AZ,AZE,Azerbaijan,2020,42693000000,NA,NA,NA,2025-06-05
AZ,AZE,Azerbaijan,2019,48174235294.1176,NA,NA,NA,2025-06-05
AZ,AZE,Azerbaijan,2018,47112470051.7701,NA,NA,NA,2025-06-05
AZ,AZE,Azerbaijan,2017,40866627351.9817,NA,NA,NA,2025-06-05
AZ,AZE,Azerbaijan,2016,37866996882.9157,NA,NA,NA,2025-06-05
AZ,AZE,Azerbaijan,2015,53076235354.746,NA,NA,NA,2025-06-05
AZ,AZE,Azerbaijan,2014,75239785452.1022,NA,NA,NA,2025-06-05
AZ,AZE,Azerbaijan,2013,74160560123.6902,NA,NA,NA,2025-06-05
AZ,AZE,Azerbaijan,2012,69679944504.1972,NA,NA,NA,2025-06-05
AZ,AZE,Azerbaijan,2011,65952796427.9473,NA,NA,NA,2025-06-05
AZ,AZE,Azerbaijan,2010,52909294791.9262,NA,NA,NA,2025-06-05
AZ,AZE,Azerbaijan,2009,44292427184.9492,NA,NA,NA,2025-06-05
AZ,AZE,Azerbaijan,2008,48851293785.4483,NA,NA,NA,2025-06-05
AZ,AZE,Azerbaijan,2007,33049419431.2244,NA,NA,NA,2025-06-05
AZ,AZE,Azerbaijan,2006,20981929497.6188,NA,NA,NA,2025-06-05
AZ,AZE,Azerbaijan,2005,13245421880.834,NA,NA,NA,2025-06-05
AZ,AZE,Azerbaijan,2004,8680405740.94125,NA,NA,NA,2025-06-05
AZ,AZE,Azerbaijan,2003,7276413079.11451,NA,NA,NA,2025-06-05
AZ,AZE,Azerbaijan,2002,6236087738.28284,NA,NA,NA,2025-06-05
AZ,AZE,Azerbaijan,2001,5707616203.72011,NA,NA,NA,2025-06-05
AZ,AZE,Azerbaijan,2000,5272615722.96892,NA,NA,NA,2025-06-05
AZ,AZE,Azerbaijan,1999,4581248566.50158,NA,NA,NA,2025-06-05
AZ,AZE,Azerbaijan,1998,4446368570.6901,NA,NA,NA,2025-06-05
AZ,AZE,Azerbaijan,1997,3962362387.47922,NA,NA,NA,2025-06-05
AZ,AZE,Azerbaijan,1996,3176507376.31836,NA,NA,NA,2025-06-05
AZ,AZE,Azerbaijan,1995,2417331192.9526,NA,NA,NA,2025-06-05
AZ,AZE,Azerbaijan,1994,1193141110.35043,NA,NA,NA,2025-06-05
AZ,AZE,Azerbaijan,1993,1570392598.14954,NA,NA,NA,2025-06-05
AZ,AZE,Azerbaijan,1992,444658671.586716,NA,NA,NA,2025-06-05
AZ,AZE,Azerbaijan,1991,5344000000,NA,NA,NA,2025-06-05
AZ,AZE,Azerbaijan,1990,8884848484.84848,NA,NA,NA,2025-06-05
AZ,AZE,Azerbaijan,1989,NA,NA,NA,NA,2025-06-05
AZ,AZE,Azerbaijan,1988,NA,NA,NA,NA,2025-06-05
AZ,AZE,Azerbaijan,1987,NA,NA,NA,NA,2025-06-05
AZ,AZE,Azerbaijan,1986,NA,NA,NA,NA,2025-06-05
AZ,AZE,Azerbaijan,1985,NA,NA,NA,NA,2025-06-05
AZ,AZE,Azerbaijan,1984,NA,NA,NA,NA,2025-06-05
AZ,AZE,Azerbaijan,1983,NA,NA,NA,NA,2025-06-05
AZ,AZE,Azerbaijan,1982,NA,NA,NA,NA,2025-06-05
AZ,AZE,Azerbaijan,1981,NA,NA,NA,NA,2025-06-05
AZ,AZE,Azerbaijan,1980,NA,NA,NA,NA,2025-06-05
AZ,AZE,Azerbaijan,1979,NA,NA,NA,NA,2025-06-05
AZ,AZE,Azerbaijan,1978,NA,NA,NA,NA,2025-06-05
AZ,AZE,Azerbaijan,1977,NA,NA,NA,NA,2025-06-05
AZ,AZE,Azerbaijan,1976,NA,NA,NA,NA,2025-06-05
AZ,AZE,Azerbaijan,1975,NA,NA,NA,NA,2025-06-05
AZ,AZE,Azerbaijan,1974,NA,NA,NA,NA,2025-06-05
AZ,AZE,Azerbaijan,1973,NA,NA,NA,NA,2025-06-05
AZ,AZE,Azerbaijan,1972,NA,NA,NA,NA,2025-06-05
AZ,AZE,Azerbaijan,1971,NA,NA,NA,NA,2025-06-05
AZ,AZE,Azerbaijan,1970,NA,NA,NA,NA,2025-06-05
AZ,AZE,Azerbaijan,1969,NA,NA,NA,NA,2025-06-05
AZ,AZE,Azerbaijan,1968,NA,NA,NA,NA,2025-06-05
AZ,AZE,Azerbaijan,1967,NA,NA,NA,NA,2025-06-05
AZ,AZE,Azerbaijan,1966,NA,NA,NA,NA,2025-06-05
AZ,AZE,Azerbaijan,1965,NA,NA,NA,NA,2025-06-05
AZ,AZE,Azerbaijan,1964,NA,NA,NA,NA,2025-06-05
AZ,AZE,Azerbaijan,1963,NA,NA,NA,NA,2025-06-05
AZ,AZE,Azerbaijan,1962,NA,NA,NA,NA,2025-06-05
AZ,AZE,Azerbaijan,1961,NA,NA,NA,NA,2025-06-05
AZ,AZE,Azerbaijan,1960,NA,NA,NA,NA,2025-06-05
BS,BHS,"Bahamas, The",2024,NA,NA,NA,NA,2025-06-05
BS,BHS,"Bahamas, The",2023,14338500000,NA,NA,NA,2025-06-05
BS,BHS,"Bahamas, The",2022,13136400000,NA,NA,NA,2025-06-05
BS,BHS,"Bahamas, The",2021,11368900000,NA,NA,NA,2025-06-05
BS,BHS,"Bahamas, The",2020,9958200000,NA,NA,NA,2025-06-05
BS,BHS,"Bahamas, The",2019,13016200000,NA,NA,NA,2025-06-05
BS,BHS,"Bahamas, The",2018,12615800000,NA,NA,NA,2025-06-05
BS,BHS,"Bahamas, The",2017,12236700000,NA,NA,NA,2025-06-05
BS,BHS,"Bahamas, The",2016,11745100000,NA,NA,NA,2025-06-05
BS,BHS,"Bahamas, The",2015,11671900000,NA,NA,NA,2025-06-05
BS,BHS,"Bahamas, The",2014,10974100000,NA,NA,NA,2025-06-05
BS,BHS,"Bahamas, The",2013,10395800000,NA,NA,NA,2025-06-05
BS,BHS,"Bahamas, The",2012,10720400000,NA,NA,NA,2025-06-05
BS,BHS,"Bahamas, The",2011,10070450000,NA,NA,NA,2025-06-05
BS,BHS,"Bahamas, The",2010,10095760000,NA,NA,NA,2025-06-05
BS,BHS,"Bahamas, The",2009,9981960000,NA,NA,NA,2025-06-05
BS,BHS,"Bahamas, The",2008,10526000000,NA,NA,NA,2025-06-05
BS,BHS,"Bahamas, The",2007,10618340000,NA,NA,NA,2025-06-05
BS,BHS,"Bahamas, The",2006,10167250000,NA,NA,NA,2025-06-05
BS,BHS,"Bahamas, The",2005,9836200000,NA,NA,NA,2025-06-05
BS,BHS,"Bahamas, The",2004,9055290000,NA,NA,NA,2025-06-05
BS,BHS,"Bahamas, The",2003,8870090000,NA,NA,NA,2025-06-05
BS,BHS,"Bahamas, The",2002,8881160000,NA,NA,NA,2025-06-05
BS,BHS,"Bahamas, The",2001,8317830000,NA,NA,NA,2025-06-05
BS,BHS,"Bahamas, The",2000,8076470000,NA,NA,NA,2025-06-05
BS,BHS,"Bahamas, The",1999,7683870000,NA,NA,NA,2025-06-05
BS,BHS,"Bahamas, The",1998,6833220000,NA,NA,NA,2025-06-05
BS,BHS,"Bahamas, The",1997,6332360000,NA,NA,NA,2025-06-05
BS,BHS,"Bahamas, The",1996,3609000000,NA,NA,NA,2025-06-05
BS,BHS,"Bahamas, The",1995,3429000000,NA,NA,NA,2025-06-05
BS,BHS,"Bahamas, The",1994,3259000000,NA,NA,NA,2025-06-05
BS,BHS,"Bahamas, The",1993,3092000000,NA,NA,NA,2025-06-05
BS,BHS,"Bahamas, The",1992,3109000000,NA,NA,NA,2025-06-05
BS,BHS,"Bahamas, The",1991,3111160000,NA,NA,NA,2025-06-05
BS,BHS,"Bahamas, The",1990,3166000000,NA,NA,NA,2025-06-05
BS,BHS,"Bahamas, The",1989,3062000000,NA,NA,NA,2025-06-05
BS,BHS,"Bahamas, The",1988,2817900000,NA,NA,NA,2025-06-05
BS,BHS,"Bahamas, The",1987,2713999900,NA,NA,NA,2025-06-05
BS,BHS,"Bahamas, The",1986,2472500000,NA,NA,NA,2025-06-05
BS,BHS,"Bahamas, The",1985,2320699900,NA,NA,NA,2025-06-05
BS,BHS,"Bahamas, The",1984,2041100000,NA,NA,NA,2025-06-05
BS,BHS,"Bahamas, The",1983,1732800000,NA,NA,NA,2025-06-05
BS,BHS,"Bahamas, The",1982,1578300000,NA,NA,NA,2025-06-05
BS,BHS,"Bahamas, The",1981,1426500000,NA,NA,NA,2025-06-05
BS,BHS,"Bahamas, The",1980,1335300000,NA,NA,NA,2025-06-05
BS,BHS,"Bahamas, The",1979,1139800100,NA,NA,NA,2025-06-05
BS,BHS,"Bahamas, The",1978,832400000,NA,NA,NA,2025-06-05
BS,BHS,"Bahamas, The",1977,713000000,NA,NA,NA,2025-06-05
BS,BHS,"Bahamas, The",1976,642100000,NA,NA,NA,2025-06-05
BS,BHS,"Bahamas, The",1975,596200000,NA,NA,NA,2025-06-05
BS,BHS,"Bahamas, The",1974,632400000,NA,NA,NA,2025-06-05
BS,BHS,"Bahamas, The",1973,670900000,NA,NA,NA,2025-06-05
BS,BHS,"Bahamas, The",1972,590900000,NA,NA,NA,2025-06-05
BS,BHS,"Bahamas, The",1971,573400000,NA,NA,NA,2025-06-05
BS,BHS,"Bahamas, The",1970,539500000,NA,NA,NA,2025-06-05
BS,BHS,"Bahamas, The",1969,538700000,NA,NA,NA,2025-06-05
BS,BHS,"Bahamas, The",1968,453800000,NA,NA,NA,2025-06-05
BS,BHS,"Bahamas, The",1967,398000000,NA,NA,NA,2025-06-05
BS,BHS,"Bahamas, The",1966,346800000,NA,NA,NA,2025-06-05
BS,BHS,"Bahamas, The",1965,300271989.190208,NA,NA,NA,2025-06-05
BS,BHS,"Bahamas, The",1964,266559990.40384,NA,NA,NA,2025-06-05
BS,BHS,"Bahamas, The",1963,237649991.4446,NA,NA,NA,2025-06-05
BS,BHS,"Bahamas, The",1962,212169992.36188,NA,NA,NA,2025-06-05
BS,BHS,"Bahamas, The",1961,190021993.159208,NA,NA,NA,2025-06-05
BS,BHS,"Bahamas, The",1960,169735993.889504,NA,NA,NA,2025-06-05
BH,BHR,Bahrain,2024,NA,NA,NA,NA,2025-06-05
BH,BHR,Bahrain,2023,46079867021.2766,NA,NA,NA,2025-06-05
BH,BHR,Bahrain,2022,46680398936.1702,NA,NA,NA,2025-06-05
BH,BHR,Bahrain,2021,40840212765.9574,NA,NA,NA,2025-06-05
BH,BHR,Bahrain,2020,35837632978.7234,NA,NA,NA,2025-06-05
BH,BHR,Bahrain,2019,40446808510.6383,NA,NA,NA,2025-06-05
BH,BHR,Bahrain,2018,39567978723.4043,NA,NA,NA,2025-06-05
BH,BHR,Bahrain,2017,37204813829.7872,NA,NA,NA,2025-06-05
BH,BHR,Bahrain,2016,33884680851.0638,NA,NA,NA,2025-06-05
BH,BHR,Bahrain,2015,32523297872.3404,NA,NA,NA,2025-06-05
BH,BHR,Bahrain,2014,34772526595.7447,NA,NA,NA,2025-06-05
BH,BHR,Bahrain,2013,33823324468.0851,NA,NA,NA,2025-06-05
BH,BHR,Bahrain,2012,31963404255.3191,NA,NA,NA,2025-06-05
BH,BHR,Bahrain,2011,29914680851.0638,NA,NA,NA,2025-06-05
BH,BHR,Bahrain,2010,26805984042.5532,NA,NA,NA,2025-06-05
BH,BHR,Bahrain,2009,22938218085.1064,NA,NA,NA,2025-06-05
BH,BHR,Bahrain,2008,25710904255.3191,NA,NA,NA,2025-06-05
BH,BHR,Bahrain,2007,21730000000,NA,NA,NA,2025-06-05
BH,BHR,Bahrain,2006,18504760638.2979,NA,NA,NA,2025-06-05
BH,BHR,Bahrain,2005,15968723404.2553,NA,NA,NA,2025-06-05
BH,BHR,Bahrain,2004,13150159574.4681,NA,NA,NA,2025-06-05
BH,BHR,Bahrain,2003,11074813829.7872,NA,NA,NA,2025-06-05
BH,BHR,Bahrain,2002,9593510638.29787,NA,NA,NA,2025-06-05
BH,BHR,Bahrain,2001,8976196808.51064,NA,NA,NA,2025-06-05
BH,BHR,Bahrain,2000,9062898936.17021,NA,NA,NA,2025-06-05
BH,BHR,Bahrain,1999,7528469148.93617,NA,NA,NA,2025-06-05
BH,BHR,Bahrain,1998,7031309042.55319,NA,NA,NA,2025-06-05
BH,BHR,Bahrain,1997,7219407712.76596,NA,NA,NA,2025-06-05
BH,BHR,Bahrain,1996,6938166755.31915,NA,NA,NA,2025-06-05
BH,BHR,Bahrain,1995,6651180851.06383,NA,NA,NA,2025-06-05
BH,BHR,Bahrain,1994,6330627925.53191,NA,NA,NA,2025-06-05
BH,BHR,Bahrain,1993,5913001063.82979,NA,NA,NA,2025-06-05
BH,BHR,Bahrain,1992,5402232446.80851,NA,NA,NA,2025-06-05
BH,BHR,Bahrain,1991,5248911170.21277,NA,NA,NA,2025-06-05
BH,BHR,Bahrain,1990,4809511005.31915,NA,NA,NA,2025-06-05
BH,BHR,Bahrain,1989,4393093962.76596,NA,NA,NA,2025-06-05
BH,BHR,Bahrain,1988,4209834172.87234,NA,NA,NA,2025-06-05
BH,BHR,Bahrain,1987,3856922694.14894,NA,NA,NA,2025-06-05
BH,BHR,Bahrain,1986,3470746843.08511,NA,NA,NA,2025-06-05
BH,BHR,Bahrain,1985,4152376484.04255,NA,NA,NA,2025-06-05
BH,BHR,Bahrain,1984,4440874566.48936,NA,NA,NA,2025-06-05
BH,BHR,Bahrain,1983,4247030468.08511,NA,NA,NA,2025-06-05
BH,BHR,Bahrain,1982,4145421079.78723,NA,NA,NA,2025-06-05
BH,BHR,Bahrain,1981,3943109531.91489,NA,NA,NA,2025-06-05
BH,BHR,Bahrain,1980,3493834468.02865,NA,NA,NA,2025-06-05
BH,BHR,Bahrain,1979,2710160739.18742,NA,NA,NA,2025-06-05
BH,BHR,Bahrain,1978,2272042965.21126,NA,NA,NA,2025-06-05
BH,BHR,Bahrain,1977,1989060283.04271,NA,NA,NA,2025-06-05
BH,BHR,Bahrain,1976,1581709518.98261,NA,NA,NA,2025-06-05
BH,BHR,Bahrain,1975,1099107600.50569,NA,NA,NA,2025-06-05
BH,BHR,Bahrain,1974,1042176883.51827,NA,NA,NA,2025-06-05
BH,BHR,Bahrain,1973,761132545.104221,NA,NA,NA,2025-06-05
BH,BHR,Bahrain,1972,534081183.680728,NA,NA,NA,2025-06-05
BH,BHR,Bahrain,1971,422181562.186708,NA,NA,NA,2025-06-05
BH,BHR,Bahrain,1970,391577364.077364,NA,NA,NA,2025-06-05
BH,BHR,Bahrain,1969,NA,NA,NA,NA,2025-06-05
BH,BHR,Bahrain,1968,NA,NA,NA,NA,2025-06-05
BH,BHR,Bahrain,1967,NA,NA,NA,NA,2025-06-05
BH,BHR,Bahrain,1966,NA,NA,NA,NA,2025-06-05
BH,BHR,Bahrain,1965,NA,NA,NA,NA,2025-06-05
BH,BHR,Bahrain,1964,NA,NA,NA,NA,2025-06-05
BH,BHR,Bahrain,1963,NA,NA,NA,NA,2025-06-05
BH,BHR,Bahrain,1962,NA,NA,NA,NA,2025-06-05
BH,BHR,Bahrain,1961,NA,NA,NA,NA,2025-06-05
BH,BHR,Bahrain,1960,NA,NA,NA,NA,2025-06-05
BD,BGD,Bangladesh,2024,NA,NA,NA,NA,2025-06-05
BD,BGD,Bangladesh,2023,437415331040.994,NA,NA,NA,2025-06-05
BD,BGD,Bangladesh,2022,460131688909.301,NA,NA,NA,2025-06-05
BD,BGD,Bangladesh,2021,416271647911.014,NA,NA,NA,2025-06-05
BD,BGD,Bangladesh,2020,373979442362.193,NA,NA,NA,2025-06-05
BD,BGD,Bangladesh,2019,351231654603.692,NA,NA,NA,2025-06-05
BD,BGD,Bangladesh,2018,321362752441.78,NA,NA,NA,2025-06-05
BD,BGD,Bangladesh,2017,293732446624.596,NA,NA,NA,2025-06-05
BD,BGD,Bangladesh,2016,265224515675.034,NA,NA,NA,2025-06-05
BD,BGD,Bangladesh,2015,195146608978.131,NA,NA,NA,2025-06-05
BD,BGD,Bangladesh,2014,172886611653.786,NA,NA,NA,2025-06-05
BD,BGD,Bangladesh,2013,149998957434.186,NA,NA,NA,2025-06-05
BD,BGD,Bangladesh,2012,133310747603.483,NA,NA,NA,2025-06-05
BD,BGD,Bangladesh,2011,128607482310.357,NA,NA,NA,2025-06-05
BD,BGD,Bangladesh,2010,115275540051.262,NA,NA,NA,2025-06-05
BD,BGD,Bangladesh,2009,102475158190.998,NA,NA,NA,2025-06-05
BD,BGD,Bangladesh,2008,91636997370.9772,NA,NA,NA,2025-06-05
BD,BGD,Bangladesh,2007,79611644974.5571,NA,NA,NA,2025-06-05
BD,BGD,Bangladesh,2006,71795736172.1561,NA,NA,NA,2025-06-05
BD,BGD,Bangladesh,2005,69476001239.419,NA,NA,NA,2025-06-05
BD,BGD,Bangladesh,2004,65108544250.0425,NA,NA,NA,2025-06-05
BD,BGD,Bangladesh,2003,60158929188.2556,NA,NA,NA,2025-06-05
BD,BGD,Bangladesh,2002,54724081490.5102,NA,NA,NA,2025-06-05
BD,BGD,Bangladesh,2001,53991289844.3291,NA,NA,NA,2025-06-05
BD,BGD,Bangladesh,2000,53369787318.6245,NA,NA,NA,2025-06-05
BD,BGD,Bangladesh,1999,51270569883.5275,NA,NA,NA,2025-06-05
BD,BGD,Bangladesh,1998,49984559471.3656,NA,NA,NA,2025-06-05
BD,BGD,Bangladesh,1997,48244309133.4895,NA,NA,NA,2025-06-05
BD,BGD,Bangladesh,1996,46438484107.5795,NA,NA,NA,2025-06-05
BD,BGD,Bangladesh,1995,37939748768.6567,NA,NA,NA,2025-06-05
BD,BGD,Bangladesh,1994,33768660882.793,NA,NA,NA,2025-06-05
BD,BGD,Bangladesh,1993,33166519417.9894,NA,NA,NA,2025-06-05
BD,BGD,Bangladesh,1992,31708874594.1645,NA,NA,NA,2025-06-05
BD,BGD,Bangladesh,1991,30957483949.5798,NA,NA,NA,2025-06-05
BD,BGD,Bangladesh,1990,31598340778.2164,NA,NA,NA,2025-06-05
BD,BGD,Bangladesh,1989,28781715188.8919,NA,NA,NA,2025-06-05
BD,BGD,Bangladesh,1988,26579005558.3652,NA,NA,NA,2025-06-05
BD,BGD,Bangladesh,1987,24298032258.0645,NA,NA,NA,2025-06-05
BD,BGD,Bangladesh,1986,21774033333.3333,NA,NA,NA,2025-06-05
BD,BGD,Bangladesh,1985,22278423076.9231,NA,NA,NA,2025-06-05
BD,BGD,Bangladesh,1984,18920840000,NA,NA,NA,2025-06-05
BD,BGD,Bangladesh,1983,17609048821.5488,NA,NA,NA,2025-06-05
BD,BGD,Bangladesh,1982,18525399201.5968,NA,NA,NA,2025-06-05
BD,BGD,Bangladesh,1981,20249694002.448,NA,NA,NA,2025-06-05
BD,BGD,Bangladesh,1980,18138049095.6072,NA,NA,NA,2025-06-05
BD,BGD,Bangladesh,1979,15565480321.9448,NA,NA,NA,2025-06-05
BD,BGD,Bangladesh,1978,13281767142.8571,NA,NA,NA,2025-06-05
BD,BGD,Bangladesh,1977,9651149301.8746,NA,NA,NA,2025-06-05
BD,BGD,Bangladesh,1976,10117113333.3333,NA,NA,NA,2025-06-05
BD,BGD,Bangladesh,1975,19448348073.4565,NA,NA,NA,2025-06-05
BD,BGD,Bangladesh,1974,12512460519.7088,NA,NA,NA,2025-06-05
BD,BGD,Bangladesh,1973,8086725729.3407,NA,NA,NA,2025-06-05
BD,BGD,Bangladesh,1972,6288245866.66667,NA,NA,NA,2025-06-05
BD,BGD,Bangladesh,1971,8751843187.5,NA,NA,NA,2025-06-05
BD,BGD,Bangladesh,1970,8992722166.66667,NA,NA,NA,2025-06-05
BD,BGD,Bangladesh,1969,8471006437.5,NA,NA,NA,2025-06-05
BD,BGD,Bangladesh,1968,7483685770.83333,NA,NA,NA,2025-06-05
BD,BGD,Bangladesh,1967,7253575687.5,NA,NA,NA,2025-06-05
BD,BGD,Bangladesh,1966,6439687854.16667,NA,NA,NA,2025-06-05
BD,BGD,Bangladesh,1965,5906636791.66667,NA,NA,NA,2025-06-05
BD,BGD,Bangladesh,1964,5386054833.33333,NA,NA,NA,2025-06-05
BD,BGD,Bangladesh,1963,5319458562.5,NA,NA,NA,2025-06-05
BD,BGD,Bangladesh,1962,5081413541.66667,NA,NA,NA,2025-06-05
BD,BGD,Bangladesh,1961,4817580375,NA,NA,NA,2025-06-05
BD,BGD,Bangladesh,1960,4274894083.33333,NA,NA,NA,2025-06-05
BB,BRB,Barbados,2024,NA,NA,NA,NA,2025-06-05
BB,BRB,Barbados,2023,6720733200,NA,NA,NA,2025-06-05
BB,BRB,Barbados,2022,6257303500,NA,NA,NA,2025-06-05
BB,BRB,Barbados,2021,5275242050,NA,NA,NA,2025-06-05
BB,BRB,Barbados,2020,5168344450,NA,NA,NA,2025-06-05
BB,BRB,Barbados,2019,5788288000,NA,NA,NA,2025-06-05
BB,BRB,Barbados,2018,5629916200,NA,NA,NA,2025-06-05
BB,BRB,Barbados,2017,5517340450,NA,NA,NA,2025-06-05
BB,BRB,Barbados,2016,5330761500,NA,NA,NA,2025-06-05
BB,BRB,Barbados,2015,5288057750,NA,NA,NA,2025-06-05
BB,BRB,Barbados,2014,5365976700,NA,NA,NA,2025-06-05
BB,BRB,Barbados,2013,5361158350,NA,NA,NA,2025-06-05
BB,BRB,Barbados,2012,5271257500,NA,NA,NA,2025-06-05
BB,BRB,Barbados,2011,5342183800,NA,NA,NA,2025-06-05
BB,BRB,Barbados,2010,5191188500,NA,NA,NA,2025-06-05
BB,BRB,Barbados,2009,4466809600,NA,NA,NA,2025-06-05
BB,BRB,Barbados,2008,4790410400,NA,NA,NA,2025-06-05
BB,BRB,Barbados,2007,4675767950,NA,NA,NA,2025-06-05
BB,BRB,Barbados,2006,4217323400,NA,NA,NA,2025-06-05
BB,BRB,Barbados,2005,3819500000,NA,NA,NA,2025-06-05
BB,BRB,Barbados,2004,3444500000,NA,NA,NA,2025-06-05
BB,BRB,Barbados,2003,3209500000,NA,NA,NA,2025-06-05
BB,BRB,Barbados,2002,3106500000,NA,NA,NA,2025-06-05
BB,BRB,Barbados,2001,3054500000,NA,NA,NA,2025-06-05
BB,BRB,Barbados,2000,3059500000,NA,NA,NA,2025-06-05
BB,BRB,Barbados,1999,2951822204.54432,NA,NA,NA,2025-06-05
BB,BRB,Barbados,1998,2817083478.34734,NA,NA,NA,2025-06-05
BB,BRB,Barbados,1997,2498384129.66738,NA,NA,NA,2025-06-05
BB,BRB,Barbados,1996,2363645403.47039,NA,NA,NA,2025-06-05
BB,BRB,Barbados,1995,2216974096.35559,NA,NA,NA,2025-06-05
BB,BRB,Barbados,1994,2151344901.30761,NA,NA,NA,2025-06-05
BB,BRB,Barbados,1993,2063342117.03873,NA,NA,NA,2025-06-05
BB,BRB,Barbados,1992,1957000000,NA,NA,NA,2025-06-05
BB,BRB,Barbados,1991,2020583702.08323,NA,NA,NA,2025-06-05
BB,BRB,Barbados,1990,2012131457.26644,NA,NA,NA,2025-06-05
BB,BRB,Barbados,1989,2006165166.80754,NA,NA,NA,2025-06-05
BB,BRB,Barbados,1988,1812757917.76463,NA,NA,NA,2025-06-05
BB,BRB,Barbados,1987,1704370307.76115,NA,NA,NA,2025-06-05
BB,BRB,Barbados,1986,1547755183.21484,NA,NA,NA,2025-06-05
BB,BRB,Barbados,1985,1409536120.91682,NA,NA,NA,2025-06-05
BB,BRB,Barbados,1984,1346890071.09829,NA,NA,NA,2025-06-05
BB,BRB,Barbados,1983,1236016506.73694,NA,NA,NA,2025-06-05
BB,BRB,Barbados,1982,1163923830.35847,NA,NA,NA,2025-06-05
BB,BRB,Barbados,1981,1114204743.20091,NA,NA,NA,2025-06-05
BB,BRB,Barbados,1980,1012280614.52792,NA,NA,NA,2025-06-05
BB,BRB,Barbados,1979,670362452.145379,NA,NA,NA,2025-06-05
BB,BRB,Barbados,1978,552883707.055138,NA,NA,NA,2025-06-05
BB,BRB,Barbados,1977,495097667.929041,NA,NA,NA,2025-06-05
BB,BRB,Barbados,1976,435911268.58968,NA,NA,NA,2025-06-05
BB,BRB,Barbados,1975,402178605.019554,NA,NA,NA,2025-06-05
BB,BRB,Barbados,1974,311804643.421258,NA,NA,NA,2025-06-05
BB,BRB,Barbados,1973,260767889.187417,NA,NA,NA,2025-06-05
BB,BRB,Barbados,1972,213725248.885492,NA,NA,NA,2025-06-05
BB,BRB,Barbados,1971,186826488.654583,NA,NA,NA,2025-06-05
BB,BRB,Barbados,1970,166210203,NA,NA,NA,2025-06-05
BB,BRB,Barbados,1969,141393142,NA,NA,NA,2025-06-05
BB,BRB,Barbados,1968,125733668.5,NA,NA,NA,2025-06-05
BB,BRB,Barbados,1967,125553996.636324,NA,NA,NA,2025-06-05
BB,BRB,Barbados,1966,113195122.715028,NA,NA,NA,2025-06-05
BB,BRB,Barbados,1965,105021996.817915,NA,NA,NA,2025-06-05
BB,BRB,Barbados,1964,99252731.4101492,NA,NA,NA,2025-06-05
BB,BRB,Barbados,1963,99893761.2239743,NA,NA,NA,2025-06-05
BB,BRB,Barbados,1962,88782583.4232151,NA,NA,NA,2025-06-05
BB,BRB,Barbados,1961,85363759.3050333,NA,NA,NA,2025-06-05
BB,BRB,Barbados,1960,80021846.9120401,NA,NA,NA,2025-06-05
BY,BLR,Belarus,2024,NA,NA,NA,NA,2025-06-05
BY,BLR,Belarus,2023,71857382745.6066,NA,NA,NA,2025-06-05
BY,BLR,Belarus,2022,73775179924.603,NA,NA,NA,2025-06-05
BY,BLR,Belarus,2021,69673747131.87,NA,NA,NA,2025-06-05
BY,BLR,Belarus,2020,61371755326.2351,NA,NA,NA,2025-06-05
BY,BLR,Belarus,2019,64410122847.3508,NA,NA,NA,2025-06-05
BY,BLR,Belarus,2018,60031173807.7196,NA,NA,NA,2025-06-05
BY,BLR,Belarus,2017,54725302249.8088,NA,NA,NA,2025-06-05
BY,BLR,Belarus,2016,47723545321.259,NA,NA,NA,2025-06-05
BY,BLR,Belarus,2015,56454889146.6088,NA,NA,NA,2025-06-05
BY,BLR,Belarus,2014,78812805039.0743,NA,NA,NA,2025-06-05
BY,BLR,Belarus,2013,75527558966.4473,NA,NA,NA,2025-06-05
BY,BLR,Belarus,2012,65685890438.8922,NA,NA,NA,2025-06-05
BY,BLR,Belarus,2011,61762382327.9319,NA,NA,NA,2025-06-05
BY,BLR,Belarus,2010,57231904542.8755,NA,NA,NA,2025-06-05
BY,BLR,Belarus,2009,50873167326.0414,NA,NA,NA,2025-06-05
BY,BLR,Belarus,2008,60752106347.126,NA,NA,NA,2025-06-05
BY,BLR,Belarus,2007,45275711995.825,NA,NA,NA,2025-06-05
BY,BLR,Belarus,2006,36961894281.3444,NA,NA,NA,2025-06-05
BY,BLR,Belarus,2005,30210091836.8294,NA,NA,NA,2025-06-05
BY,BLR,Belarus,2004,23141566292.9462,NA,NA,NA,2025-06-05
BY,BLR,Belarus,2003,17825444724.4878,NA,NA,NA,2025-06-05
BY,BLR,Belarus,2002,14594900944.7658,NA,NA,NA,2025-06-05
BY,BLR,Belarus,2001,12354820143.8849,NA,NA,NA,2025-06-05
BY,BLR,Belarus,2000,12736780455.1539,NA,NA,NA,2025-06-05
BY,BLR,Belarus,1999,12138243080.6258,NA,NA,NA,2025-06-05
BY,BLR,Belarus,1998,15221352698.8944,NA,NA,NA,2025-06-05
BY,BLR,Belarus,1997,14130585516.1787,NA,NA,NA,2025-06-05
BY,BLR,Belarus,1996,14756846153.8462,NA,NA,NA,2025-06-05
BY,BLR,Belarus,1995,13972683273.5692,NA,NA,NA,2025-06-05
BY,BLR,Belarus,1994,14931435232.078,NA,NA,NA,2025-06-05
BY,BLR,Belarus,1993,16275073526.9819,NA,NA,NA,2025-06-05
BY,BLR,Belarus,1992,16939790093.9054,NA,NA,NA,2025-06-05
BY,BLR,Belarus,1991,18404907975.4601,NA,NA,NA,2025-06-05
BY,BLR,Belarus,1990,17389558232.9317,NA,NA,NA,2025-06-05
BY,BLR,Belarus,1989,NA,NA,NA,NA,2025-06-05
BY,BLR,Belarus,1988,NA,NA,NA,NA,2025-06-05
BY,BLR,Belarus,1987,NA,NA,NA,NA,2025-06-05
BY,BLR,Belarus,1986,NA,NA,NA,NA,2025-06-05
BY,BLR,Belarus,1985,NA,NA,NA,NA,2025-06-05
BY,BLR,Belarus,1984,NA,NA,NA,NA,2025-06-05
BY,BLR,Belarus,1983,NA,NA,NA,NA,2025-06-05
BY,BLR,Belarus,1982,NA,NA,NA,NA,2025-06-05
BY,BLR,Belarus,1981,NA,NA,NA,NA,2025-06-05
BY,BLR,Belarus,1980,NA,NA,NA,NA,2025-06-05
BY,BLR,Belarus,1979,NA,NA,NA,NA,2025-06-05
BY,BLR,Belarus,1978,NA,NA,NA,NA,2025-06-05
BY,BLR,Belarus,1977,NA,NA,NA,NA,2025-06-05
BY,BLR,Belarus,1976,NA,NA,NA,NA,2025-06-05
BY,BLR,Belarus,1975,NA,NA,NA,NA,2025-06-05
BY,BLR,Belarus,1974,NA,NA,NA,NA,2025-06-05
BY,BLR,Belarus,1973,NA,NA,NA,NA,2025-06-05
BY,BLR,Belarus,1972,NA,NA,NA,NA,2025-06-05
BY,BLR,Belarus,1971,NA,NA,NA,NA,2025-06-05
BY,BLR,Belarus,1970,NA,NA,NA,NA,2025-06-05
BY,BLR,Belarus,1969,NA,NA,NA,NA,2025-06-05
BY,BLR,Belarus,1968,NA,NA,NA,NA,2025-06-05
BY,BLR,Belarus,1967,NA,NA,NA,NA,2025-06-05
BY,BLR,Belarus,1966,NA,NA,NA,NA,2025-06-05
BY,BLR,Belarus,1965,NA,NA,NA,NA,2025-06-05
BY,BLR,Belarus,1964,NA,NA,NA,NA,2025-06-05
BY,BLR,Belarus,1963,NA,NA,NA,NA,2025-06-05
BY,BLR,Belarus,1962,NA,NA,NA,NA,2025-06-05
BY,BLR,Belarus,1961,NA,NA,NA,NA,2025-06-05
BY,BLR,Belarus,1960,NA,NA,NA,NA,2025-06-05
BE,BEL,Belgium,2024,NA,NA,NA,NA,2025-06-05
BE,BEL,Belgium,2023,644782756682.756,NA,NA,NA,2025-06-05
BE,BEL,Belgium,2022,593438820508.173,NA,NA,NA,2025-06-05
BE,BEL,Belgium,2021,598494036474.409,NA,NA,NA,2025-06-05
BE,BEL,Belgium,2020,529694473501.791,NA,NA,NA,2025-06-05
BE,BEL,Belgium,2019,536726344405.489,NA,NA,NA,2025-06-05
BE,BEL,Belgium,2018,542638913427.921,NA,NA,NA,2025-06-05
BE,BEL,Belgium,2017,500908767351.53,NA,NA,NA,2025-06-05
BE,BEL,Belgium,2016,474271566739.729,NA,NA,NA,2025-06-05
BE,BEL,Belgium,2015,461044767544.531,NA,NA,NA,2025-06-05
BE,BEL,Belgium,2014,537987419164.351,NA,NA,NA,2025-06-05
BE,BEL,Belgium,2013,524097026598.55,NA,NA,NA,2025-06-05
BE,BEL,Belgium,2012,498414364944.961,NA,NA,NA,2025-06-05
BE,BEL,Belgium,2011,527196649048.639,NA,NA,NA,2025-06-05
BE,BEL,Belgium,2010,481556503720.001,NA,NA,NA,2025-06-05
BE,BEL,Belgium,2009,485014525992.461,NA,NA,NA,2025-06-05
BE,BEL,Belgium,2008,517328087920.078,NA,NA,NA,2025-06-05
BE,BEL,Belgium,2007,470922156309.453,NA,NA,NA,2025-06-05
BE,BEL,Belgium,2006,408259840868.823,NA,NA,NA,2025-06-05
BE,BEL,Belgium,2005,385714762230.039,NA,NA,NA,2025-06-05
BE,BEL,Belgium,2004,369214712443.206,NA,NA,NA,2025-06-05
BE,BEL,Belgium,2003,318082528506.588,NA,NA,NA,2025-06-05
BE,BEL,Belgium,2002,258383599375.177,NA,NA,NA,2025-06-05
BE,BEL,Belgium,2001,236746141604.37,NA,NA,NA,2025-06-05
BE,BEL,Belgium,2000,236792460312.471,NA,NA,NA,2025-06-05
BE,BEL,Belgium,1999,258245733221.468,NA,NA,NA,2025-06-05
BE,BEL,Belgium,1998,258528339631.029,NA,NA,NA,2025-06-05
BE,BEL,Belgium,1997,252708051420.839,NA,NA,NA,2025-06-05
BE,BEL,Belgium,1996,279201433224.756,NA,NA,NA,2025-06-05
BE,BEL,Belgium,1995,288025588396.278,NA,NA,NA,2025-06-05
BE,BEL,Belgium,1994,244884129491.198,NA,NA,NA,2025-06-05
BE,BEL,Belgium,1993,224721795708.955,NA,NA,NA,2025-06-05
BE,BEL,Belgium,1992,234781652446.675,NA,NA,NA,2025-06-05
BE,BEL,Belgium,1991,210510999409.333,NA,NA,NA,2025-06-05
BE,BEL,Belgium,1990,205331747947.851,NA,NA,NA,2025-06-05
BE,BEL,Belgium,1989,164221056511.057,NA,NA,NA,2025-06-05
BE,BEL,Belgium,1988,162299103675.261,NA,NA,NA,2025-06-05
BE,BEL,Belgium,1987,149394404105.889,NA,NA,NA,2025-06-05
BE,BEL,Belgium,1986,120018787249.413,NA,NA,NA,2025-06-05
BE,BEL,Belgium,1985,86268264148.3796,NA,NA,NA,2025-06-05
BE,BEL,Belgium,1984,83349530159.1734,NA,NA,NA,2025-06-05
BE,BEL,Belgium,1983,87184239053.2544,NA,NA,NA,2025-06-05
BE,BEL,Belgium,1982,92095926187.5331,NA,NA,NA,2025-06-05
BE,BEL,Belgium,1981,104730018470.23,NA,NA,NA,2025-06-05
BE,BEL,Belgium,1980,126829314388.191,NA,NA,NA,2025-06-05
BE,BEL,Belgium,1979,116315456796.918,NA,NA,NA,2025-06-05
BE,BEL,Belgium,1978,101246526194.441,NA,NA,NA,2025-06-05
BE,BEL,Belgium,1977,82839905458.6382,NA,NA,NA,2025-06-05
BE,BEL,Belgium,1976,71113882967.6071,NA,NA,NA,2025-06-05
BE,BEL,Belgium,1975,65678189097.2908,NA,NA,NA,2025-06-05
BE,BEL,Belgium,1974,56033077879.0389,NA,NA,NA,2025-06-05
BE,BEL,Belgium,1973,47743801490.3747,NA,NA,NA,2025-06-05
BE,BEL,Belgium,1972,37209418018.5134,NA,NA,NA,2025-06-05
BE,BEL,Belgium,1971,29821661869.912,NA,NA,NA,2025-06-05
BE,BEL,Belgium,1970,26706196046.7931,NA,NA,NA,2025-06-05
BE,BEL,Belgium,1969,24019653474.9959,NA,NA,NA,2025-06-05
BE,BEL,Belgium,1968,21654856965.4281,NA,NA,NA,2025-06-05
BE,BEL,Belgium,1967,20252508995.4745,NA,NA,NA,2025-06-05
BE,BEL,Belgium,1966,18894891312.2977,NA,NA,NA,2025-06-05
BE,BEL,Belgium,1965,17597783297.4583,NA,NA,NA,2025-06-05
BE,BEL,Belgium,1964,16168044450.2523,NA,NA,NA,2025-06-05
BE,BEL,Belgium,1963,14445805381.3872,NA,NA,NA,2025-06-05
BE,BEL,Belgium,1962,13436827166.5187,NA,NA,NA,2025-06-05
BE,BEL,Belgium,1961,12561701694.3319,NA,NA,NA,2025-06-05
BE,BEL,Belgium,1960,11810619368.3874,NA,NA,NA,2025-06-05
BZ,BLZ,Belize,2024,NA,NA,NA,NA,2025-06-05
BZ,BLZ,Belize,2023,3066850000,NA,NA,NA,2025-06-05
BZ,BLZ,Belize,2022,2846700000,NA,NA,NA,2025-06-05
BZ,BLZ,Belize,2021,2420550000,NA,NA,NA,2025-06-05
BZ,BLZ,Belize,2020,2042850000,NA,NA,NA,2025-06-05
BZ,BLZ,Belize,2019,2388300000,NA,NA,NA,2025-06-05
BZ,BLZ,Belize,2018,2293250000,NA,NA,NA,2025-06-05
BZ,BLZ,Belize,2017,2266300000,NA,NA,NA,2025-06-05
BZ,BLZ,Belize,2016,2240200000,NA,NA,NA,2025-06-05
BZ,BLZ,Belize,2015,2193050000,NA,NA,NA,2025-06-05
BZ,BLZ,Belize,2014,2138250000,NA,NA,NA,2025-06-05
BZ,BLZ,Belize,2013,2032750000,NA,NA,NA,2025-06-05
BZ,BLZ,Belize,2012,1909400000,NA,NA,NA,2025-06-05
BZ,BLZ,Belize,2011,1827050000,NA,NA,NA,2025-06-05
BZ,BLZ,Belize,2010,1745700000,NA,NA,NA,2025-06-05
BZ,BLZ,Belize,2009,1688500000,NA,NA,NA,2025-06-05
BZ,BLZ,Belize,2008,1738900000,NA,NA,NA,2025-06-05
BZ,BLZ,Belize,2007,1707100000,NA,NA,NA,2025-06-05
BZ,BLZ,Belize,2006,1591150000,NA,NA,NA,2025-06-05
BZ,BLZ,Belize,2005,1474950000,NA,NA,NA,2025-06-05
BZ,BLZ,Belize,2004,1400850000,NA,NA,NA,2025-06-05
BZ,BLZ,Belize,2003,1308900000,NA,NA,NA,2025-06-05
BZ,BLZ,Belize,2002,1244650000,NA,NA,NA,2025-06-05
BZ,BLZ,Belize,2001,1172800000,NA,NA,NA,2025-06-05
BZ,BLZ,Belize,2000,1138900000,NA,NA,NA,2025-06-05
BZ,BLZ,Belize,1999,1000250000,NA,NA,NA,2025-06-05
BZ,BLZ,Belize,1998,929500000,NA,NA,NA,2025-06-05
BZ,BLZ,Belize,1997,873400000,NA,NA,NA,2025-06-05
BZ,BLZ,Belize,1996,850850000,NA,NA,NA,2025-06-05
BZ,BLZ,Belize,1995,819050000,NA,NA,NA,2025-06-05
BZ,BLZ,Belize,1994,772300000,NA,NA,NA,2025-06-05
BZ,BLZ,Belize,1993,752850000,NA,NA,NA,2025-06-05
BZ,BLZ,Belize,1992,696250000,NA,NA,NA,2025-06-05
BZ,BLZ,Belize,1991,597100000,NA,NA,NA,2025-06-05
BZ,BLZ,Belize,1990,547150000,NA,NA,NA,2025-06-05
BZ,BLZ,Belize,1989,491100000,NA,NA,NA,2025-06-05
BZ,BLZ,Belize,1988,421450000,NA,NA,NA,2025-06-05
BZ,BLZ,Belize,1987,371100000,NA,NA,NA,2025-06-05
BZ,BLZ,Belize,1986,311500000,NA,NA,NA,2025-06-05
BZ,BLZ,Belize,1985,287300000,NA,NA,NA,2025-06-05
BZ,BLZ,Belize,1984,290350000,NA,NA,NA,2025-06-05
BZ,BLZ,Belize,1983,262150000,NA,NA,NA,2025-06-05
BZ,BLZ,Belize,1982,248550000,NA,NA,NA,2025-06-05
BZ,BLZ,Belize,1981,260750000,NA,NA,NA,2025-06-05
BZ,BLZ,Belize,1980,257400000,NA,NA,NA,2025-06-05
BZ,BLZ,Belize,1979,151800000,NA,NA,NA,2025-06-05
BZ,BLZ,Belize,1978,136300000,NA,NA,NA,2025-06-05
BZ,BLZ,Belize,1977,117650000,NA,NA,NA,2025-06-05
BZ,BLZ,Belize,1976,97094227.2292471,NA,NA,NA,2025-06-05
BZ,BLZ,Belize,1975,118194026.251574,NA,NA,NA,2025-06-05
BZ,BLZ,Belize,1974,103160450.445869,NA,NA,NA,2025-06-05
BZ,BLZ,Belize,1973,78214767.8301496,NA,NA,NA,2025-06-05
BZ,BLZ,Belize,1972,65998069.3847631,NA,NA,NA,2025-06-05
BZ,BLZ,Belize,1971,59074687.1961851,NA,NA,NA,2025-06-05
BZ,BLZ,Belize,1970,53339893.3202134,NA,NA,NA,2025-06-05
BZ,BLZ,Belize,1969,47399905.2001896,NA,NA,NA,2025-06-05
BZ,BLZ,Belize,1968,44999910.00018,NA,NA,NA,2025-06-05
BZ,BLZ,Belize,1967,47431255.747674,NA,NA,NA,2025-06-05
BZ,BLZ,Belize,1966,44450044.4500445,NA,NA,NA,2025-06-05
BZ,BLZ,Belize,1965,40110040.1100401,NA,NA,NA,2025-06-05
BZ,BLZ,Belize,1964,36194586.1945862,NA,NA,NA,2025-06-05
BZ,BLZ,Belize,1963,33750113.7501138,NA,NA,NA,2025-06-05
BZ,BLZ,Belize,1962,31857591.8575919,NA,NA,NA,2025-06-05
BZ,BLZ,Belize,1961,29964999.965,NA,NA,NA,2025-06-05
BZ,BLZ,Belize,1960,28072478.0724781,NA,NA,NA,2025-06-05
BJ,BEN,Benin,2024,NA,NA,NA,NA,2025-06-05
BJ,BEN,Benin,2023,19676049075.7011,NA,NA,NA,2025-06-05
BJ,BEN,Benin,2022,17401746309.2655,NA,NA,NA,2025-06-05
BJ,BEN,Benin,2021,17690083519.9323,NA,NA,NA,2025-06-05
BJ,BEN,Benin,2020,15651545208.8783,NA,NA,NA,2025-06-05
BJ,BEN,Benin,2019,14391686309.033,NA,NA,NA,2025-06-05
BJ,BEN,Benin,2018,14262408079.7014,NA,NA,NA,2025-06-05
BJ,BEN,Benin,2017,12701655845.9612,NA,NA,NA,2025-06-05
BJ,BEN,Benin,2016,11821065852.1271,NA,NA,NA,2025-06-05
BJ,BEN,Benin,2015,11388160997.1089,NA,NA,NA,2025-06-05
BJ,BEN,Benin,2014,13284527850.2632,NA,NA,NA,2025-06-05
BJ,BEN,Benin,2013,12517845127.6775,NA,NA,NA,2025-06-05
BJ,BEN,Benin,2012,11141358105.9853,NA,NA,NA,2025-06-05
BJ,BEN,Benin,2011,10693321370.036,NA,NA,NA,2025-06-05
BJ,BEN,Benin,2010,9535345011.48797,NA,NA,NA,2025-06-05
BJ,BEN,Benin,2009,9738626517.00319,NA,NA,NA,2025-06-05
BJ,BEN,Benin,2008,9787734526.23965,NA,NA,NA,2025-06-05
BJ,BEN,Benin,2007,8169048382.83875,NA,NA,NA,2025-06-05
BJ,BEN,Benin,2006,7034111314.88812,NA,NA,NA,2025-06-05
BJ,BEN,Benin,2005,6567654954.38903,NA,NA,NA,2025-06-05
BJ,BEN,Benin,2004,6190270380.49856,NA,NA,NA,2025-06-05
BJ,BEN,Benin,2003,5349258094.48239,NA,NA,NA,2025-06-05
BJ,BEN,Benin,2002,4194342686.2178,NA,NA,NA,2025-06-05
BJ,BEN,Benin,2001,3666222635.13875,NA,NA,NA,2025-06-05
BJ,BEN,Benin,2000,3519991440.47913,NA,NA,NA,2025-06-05
BJ,BEN,Benin,1999,3677393998.74486,NA,NA,NA,2025-06-05
BJ,BEN,Benin,1998,2455092686.34712,NA,NA,NA,2025-06-05
BJ,BEN,Benin,1997,2268301646.46707,NA,NA,NA,2025-06-05
BJ,BEN,Benin,1996,2361116449.39308,NA,NA,NA,2025-06-05
BJ,BEN,Benin,1995,2169627137.9207,NA,NA,NA,2025-06-05
BJ,BEN,Benin,1994,1598075943.86774,NA,NA,NA,2025-06-05
BJ,BEN,Benin,1993,2274558082.76135,NA,NA,NA,2025-06-05
BJ,BEN,Benin,1992,1695315305.70308,NA,NA,NA,2025-06-05
BJ,BEN,Benin,1991,1986437796.53053,NA,NA,NA,2025-06-05
BJ,BEN,Benin,1990,1959965330.14765,NA,NA,NA,2025-06-05
BJ,BEN,Benin,1989,1502294416.17129,NA,NA,NA,2025-06-05
BJ,BEN,Benin,1988,1620246083.79478,NA,NA,NA,2025-06-05
BJ,BEN,Benin,1987,1562412227.90058,NA,NA,NA,2025-06-05
BJ,BEN,Benin,1986,1336102025.27763,NA,NA,NA,2025-06-05
BJ,BEN,Benin,1985,1045712789.14884,NA,NA,NA,2025-06-05
BJ,BEN,Benin,1984,1051134008.78979,NA,NA,NA,2025-06-05
BJ,BEN,Benin,1983,1095348199.43911,NA,NA,NA,2025-06-05
BJ,BEN,Benin,1982,1267778670.35902,NA,NA,NA,2025-06-05
BJ,BEN,Benin,1981,1291120188.43104,NA,NA,NA,2025-06-05
BJ,BEN,Benin,1980,1405251846.54048,NA,NA,NA,2025-06-05
BJ,BEN,Benin,1979,1186231019.82044,NA,NA,NA,2025-06-05
BJ,BEN,Benin,1978,928843469.431727,NA,NA,NA,2025-06-05
BJ,BEN,Benin,1977,750049778.84069,NA,NA,NA,2025-06-05
BJ,BEN,Benin,1976,698408261.922237,NA,NA,NA,2025-06-05
BJ,BEN,Benin,1975,676870140.341529,NA,NA,NA,2025-06-05
BJ,BEN,Benin,1974,554654860.702577,NA,NA,NA,2025-06-05
BJ,BEN,Benin,1973,504376074.185709,NA,NA,NA,2025-06-05
BJ,BEN,Benin,1972,410331856.991218,NA,NA,NA,2025-06-05
BJ,BEN,Benin,1971,335073027.54117,NA,NA,NA,2025-06-05
BJ,BEN,Benin,1970,333627713.494438,NA,NA,NA,2025-06-05
BJ,BEN,Benin,1969,330748244.539574,NA,NA,NA,2025-06-05
BJ,BEN,Benin,1968,326323105.26476,NA,NA,NA,2025-06-05
BJ,BEN,Benin,1967,306221953.104911,NA,NA,NA,2025-06-05
BJ,BEN,Benin,1966,302925235.15199703,NA,NA,NA,2025-06-05
BJ,BEN,Benin,1965,289908680.426395,NA,NA,NA,2025-06-05
BJ,BEN,Benin,1964,269819005.87814,NA,NA,NA,2025-06-05
BJ,BEN,Benin,1963,253927697.25805,NA,NA,NA,2025-06-05
BJ,BEN,Benin,1962,236434954.038578,NA,NA,NA,2025-06-05
BJ,BEN,Benin,1961,235668220.508202,NA,NA,NA,2025-06-05
BJ,BEN,Benin,1960,226195578.434497,NA,NA,NA,2025-06-05
BM,BMU,Bermuda,2024,NA,NA,NA,NA,2025-06-05
BM,BMU,Bermuda,2023,8141700000,NA,NA,NA,2025-06-05
BM,BMU,Bermuda,2022,7827980000,NA,NA,NA,2025-06-05
BM,BMU,Bermuda,2021,7286607000,NA,NA,NA,2025-06-05
BM,BMU,Bermuda,2020,6887147000,NA,NA,NA,2025-06-05
BM,BMU,Bermuda,2019,7423465000,NA,NA,NA,2025-06-05
BM,BMU,Bermuda,2018,7225977000,NA,NA,NA,2025-06-05
BM,BMU,Bermuda,2017,7142316000,NA,NA,NA,2025-06-05
BM,BMU,Bermuda,2016,6899911000,NA,NA,NA,2025-06-05
BM,BMU,Bermuda,2015,6654541000,NA,NA,NA,2025-06-05
BM,BMU,Bermuda,2014,6413988000,NA,NA,NA,2025-06-05
BM,BMU,Bermuda,2013,6465756000,NA,NA,NA,2025-06-05
BM,BMU,Bermuda,2012,6378188000,NA,NA,NA,2025-06-05
BM,BMU,Bermuda,2011,6312691000,NA,NA,NA,2025-06-05
BM,BMU,Bermuda,2010,6634526000,NA,NA,NA,2025-06-05
BM,BMU,Bermuda,2009,6656000000,NA,NA,NA,2025-06-05
BM,BMU,Bermuda,2008,6980000000,NA,NA,NA,2025-06-05
BM,BMU,Bermuda,2007,6767000000,NA,NA,NA,2025-06-05
BM,BMU,Bermuda,2006,6144000000,NA,NA,NA,2025-06-05
BM,BMU,Bermuda,2005,4868136000,NA,NA,NA,2025-06-05
BM,BMU,Bermuda,2004,4484703000,NA,NA,NA,2025-06-05
BM,BMU,Bermuda,2003,4186525000,NA,NA,NA,2025-06-05
BM,BMU,Bermuda,2002,3937228000,NA,NA,NA,2025-06-05
BM,BMU,Bermuda,2001,3680483000,NA,NA,NA,2025-06-05
BM,BMU,Bermuda,2000,3480219000,NA,NA,NA,2025-06-05
BM,BMU,Bermuda,1999,3324433000,NA,NA,NA,2025-06-05
BM,BMU,Bermuda,1998,3130748000,NA,NA,NA,2025-06-05
BM,BMU,Bermuda,1997,2932827000,NA,NA,NA,2025-06-05
BM,BMU,Bermuda,1996,2695390000,NA,NA,NA,2025-06-05
BM,BMU,Bermuda,1995,2030750000,NA,NA,NA,2025-06-05
BM,BMU,Bermuda,1994,1867160100,NA,NA,NA,2025-06-05
BM,BMU,Bermuda,1993,1820359900,NA,NA,NA,2025-06-05
BM,BMU,Bermuda,1992,1679900000,NA,NA,NA,2025-06-05
BM,BMU,Bermuda,1991,1634900000,NA,NA,NA,2025-06-05
BM,BMU,Bermuda,1990,1592400000,NA,NA,NA,2025-06-05
BM,BMU,Bermuda,1989,1501500032,NA,NA,NA,2025-06-05
BM,BMU,Bermuda,1988,1415100032,NA,NA,NA,2025-06-05
BM,BMU,Bermuda,1987,1296499968,NA,NA,NA,2025-06-05
BM,BMU,Bermuda,1986,1173500032,NA,NA,NA,2025-06-05
BM,BMU,Bermuda,1985,1039500032,NA,NA,NA,2025-06-05
BM,BMU,Bermuda,1984,985699968,NA,NA,NA,2025-06-05
BM,BMU,Bermuda,1983,889400000,NA,NA,NA,2025-06-05
BM,BMU,Bermuda,1982,785500032,NA,NA,NA,2025-06-05
BM,BMU,Bermuda,1981,739100032,NA,NA,NA,2025-06-05
BM,BMU,Bermuda,1980,613299968,NA,NA,NA,2025-06-05
BM,BMU,Bermuda,1979,517200000,NA,NA,NA,2025-06-05
BM,BMU,Bermuda,1978,475800000,NA,NA,NA,2025-06-05
BM,BMU,Bermuda,1977,447000000,NA,NA,NA,2025-06-05
BM,BMU,Bermuda,1976,386300000,NA,NA,NA,2025-06-05
BM,BMU,Bermuda,1975,345000000,NA,NA,NA,2025-06-05
BM,BMU,Bermuda,1974,312600000,NA,NA,NA,2025-06-05
BM,BMU,Bermuda,1973,269500000,NA,NA,NA,2025-06-05
BM,BMU,Bermuda,1972,235400000,NA,NA,NA,2025-06-05
BM,BMU,Bermuda,1971,211100000,NA,NA,NA,2025-06-05
BM,BMU,Bermuda,1970,186300000,NA,NA,NA,2025-06-05
BM,BMU,Bermuda,1969,164900000,NA,NA,NA,2025-06-05
BM,BMU,Bermuda,1968,150000000,NA,NA,NA,2025-06-05
BM,BMU,Bermuda,1967,134800000,NA,NA,NA,2025-06-05
BM,BMU,Bermuda,1966,115000000,NA,NA,NA,2025-06-05
BM,BMU,Bermuda,1965,98000000,NA,NA,NA,2025-06-05
BM,BMU,Bermuda,1964,92200000,NA,NA,NA,2025-06-05
BM,BMU,Bermuda,1963,82600000,NA,NA,NA,2025-06-05
BM,BMU,Bermuda,1962,80700000,NA,NA,NA,2025-06-05
BM,BMU,Bermuda,1961,76500000,NA,NA,NA,2025-06-05
BM,BMU,Bermuda,1960,72400000,NA,NA,NA,2025-06-05
BT,BTN,Bhutan,2024,NA,NA,NA,NA,2025-06-05
BT,BTN,Bhutan,2023,NA,NA,NA,NA,2025-06-05
BT,BTN,Bhutan,2022,2898227743.13545,NA,NA,NA,2025-06-05
BT,BTN,Bhutan,2021,2768802959.60794,NA,NA,NA,2025-06-05
BT,BTN,Bhutan,2020,2457604334.15915,NA,NA,NA,2025-06-05
BT,BTN,Bhutan,2019,2735683570.28851,NA,NA,NA,2025-06-05
BT,BTN,Bhutan,2018,2583335721.20625,NA,NA,NA,2025-06-05
BT,BTN,Bhutan,2017,2591358009.79792,NA,NA,NA,2025-06-05
BT,BTN,Bhutan,2016,2357504760.5975,NA,NA,NA,2025-06-05
BT,BTN,Bhutan,2015,2187815803.82922,NA,NA,NA,2025-06-05
BT,BTN,Bhutan,2014,2089079570.67546,NA,NA,NA,2025-06-05
BT,BTN,Bhutan,2013,1943696951.76613,NA,NA,NA,2025-06-05
BT,BTN,Bhutan,2012,1973387228.03924,NA,NA,NA,2025-06-05
BT,BTN,Bhutan,2011,1977728659.25621,NA,NA,NA,2025-06-05
BT,BTN,Bhutan,2010,1708880730.87271,NA,NA,NA,2025-06-05
BT,BTN,Bhutan,2009,1331343797.77308,NA,NA,NA,2025-06-05
BT,BTN,Bhutan,2008,1317517834.59916,NA,NA,NA,2025-06-05
BT,BTN,Bhutan,2007,1255767964.00491,NA,NA,NA,2025-06-05
BT,BTN,Bhutan,2006,942879878.538879,NA,NA,NA,2025-06-05
BT,BTN,Bhutan,2005,860391000.221655,NA,NA,NA,2025-06-05
BT,BTN,Bhutan,2004,735348490.428435,NA,NA,NA,2025-06-05
BT,BTN,Bhutan,2003,651935430.314445,NA,NA,NA,2025-06-05
BT,BTN,Bhutan,2002,559345263.708309,NA,NA,NA,2025-06-05
BT,BTN,Bhutan,2001,496110225.710307,NA,NA,NA,2025-06-05
BT,BTN,Bhutan,2000,460733418.399276,NA,NA,NA,2025-06-05
BT,BTN,Bhutan,1999,399311199.50776,NA,NA,NA,2025-06-05
BT,BTN,Bhutan,1998,363458380.903342,NA,NA,NA,2025-06-05
BT,BTN,Bhutan,1997,352229076.707627,NA,NA,NA,2025-06-05
BT,BTN,Bhutan,1996,303408345.620078,NA,NA,NA,2025-06-05
BT,BTN,Bhutan,1995,290490983.815778,NA,NA,NA,2025-06-05
BT,BTN,Bhutan,1994,258954708.048533,NA,NA,NA,2025-06-05
BT,BTN,Bhutan,1993,225973692.8371,NA,NA,NA,2025-06-05
BT,BTN,Bhutan,1992,240233531.160464,NA,NA,NA,2025-06-05
BT,BTN,Bhutan,1991,240294286.015925,NA,NA,NA,2025-06-05
BT,BTN,Bhutan,1990,287765007.112863,NA,NA,NA,2025-06-05
BT,BTN,Bhutan,1989,264798626.174848,NA,NA,NA,2025-06-05
BT,BTN,Bhutan,1988,272298066.556045,NA,NA,NA,2025-06-05
BT,BTN,Bhutan,1987,242742766.346488,NA,NA,NA,2025-06-05
BT,BTN,Bhutan,1986,191218115.488485,NA,NA,NA,2025-06-05
BT,BTN,Bhutan,1985,163288815.361294,NA,NA,NA,2025-06-05
BT,BTN,Bhutan,1984,160423493.936194,NA,NA,NA,2025-06-05
BT,BTN,Bhutan,1983,156704289.913612,NA,NA,NA,2025-06-05
BT,BTN,Bhutan,1982,141439317.399271,NA,NA,NA,2025-06-05
BT,BTN,Bhutan,1981,139174178.090189,NA,NA,NA,2025-06-05
BT,BTN,Bhutan,1980,128669200.916451,NA,NA,NA,2025-06-05
BT,BTN,Bhutan,1979,105377995.200713,NA,NA,NA,2025-06-05
BT,BTN,Bhutan,1978,94086227.6084972,NA,NA,NA,2025-06-05
BT,BTN,Bhutan,1977,97884433.8024868,NA,NA,NA,2025-06-05
BT,BTN,Bhutan,1976,88461262.7788474,NA,NA,NA,2025-06-05
BT,BTN,Bhutan,1975,86820762.4931172,NA,NA,NA,2025-06-05
BT,BTN,Bhutan,1974,92901784.4986973,NA,NA,NA,2025-06-05
BT,BTN,Bhutan,1973,78900289.3165483,NA,NA,NA,2025-06-05
BT,BTN,Bhutan,1972,70139866.8083136,NA,NA,NA,2025-06-05
BT,BTN,Bhutan,1971,66289450.3252986,NA,NA,NA,2025-06-05
BT,BTN,Bhutan,1970,61812113.0666667,NA,NA,NA,2025-06-05
BT,BTN,Bhutan,1969,NA,NA,NA,NA,2025-06-05
BT,BTN,Bhutan,1968,NA,NA,NA,NA,2025-06-05
BT,BTN,Bhutan,1967,NA,NA,NA,NA,2025-06-05
BT,BTN,Bhutan,1966,NA,NA,NA,NA,2025-06-05
BT,BTN,Bhutan,1965,NA,NA,NA,NA,2025-06-05
BT,BTN,Bhutan,1964,NA,NA,NA,NA,2025-06-05
BT,BTN,Bhutan,1963,NA,NA,NA,NA,2025-06-05
BT,BTN,Bhutan,1962,NA,NA,NA,NA,2025-06-05
BT,BTN,Bhutan,1961,NA,NA,NA,NA,2025-06-05
BT,BTN,Bhutan,1960,NA,NA,NA,NA,2025-06-05
BO,BOL,Bolivia,2024,NA,NA,NA,NA,2025-06-05
BO,BOL,Bolivia,2023,45135398008.8166,NA,NA,NA,2025-06-05
BO,BOL,Bolivia,2022,44008282877.9606,NA,NA,NA,2025-06-05
BO,BOL,Bolivia,2021,40406111695.179,NA,NA,NA,2025-06-05
BO,BOL,Bolivia,2020,36629843805.0216,NA,NA,NA,2025-06-05
BO,BOL,Bolivia,2019,40895322843.7851,NA,NA,NA,2025-06-05
BO,BOL,Bolivia,2018,40287647930.4761,NA,NA,NA,2025-06-05
BO,BOL,Bolivia,2017,37508642165.3366,NA,NA,NA,2025-06-05
BO,BOL,Bolivia,2016,33941126200.0606,NA,NA,NA,2025-06-05
BO,BOL,Bolivia,2015,33000198248.1292,NA,NA,NA,2025-06-05
BO,BOL,Bolivia,2014,32996188012.5599,NA,NA,NA,2025-06-05
BO,BOL,Bolivia,2013,30659338885.6729,NA,NA,NA,2025-06-05
BO,BOL,Bolivia,2012,27084497481.9103,NA,NA,NA,2025-06-05
BO,BOL,Bolivia,2011,23963164696.592,NA,NA,NA,2025-06-05
BO,BOL,Bolivia,2010,19649723722.1034,NA,NA,NA,2025-06-05
BO,BOL,Bolivia,2009,17339992193.7322,NA,NA,NA,2025-06-05
BO,BOL,Bolivia,2008,16674276285.8956,NA,NA,NA,2025-06-05
BO,BOL,Bolivia,2007,13120108008.3477,NA,NA,NA,2025-06-05
BO,BOL,Bolivia,2006,11451844902.2214,NA,NA,NA,2025-06-05
BO,BOL,Bolivia,2005,9549122905.32852,NA,NA,NA,2025-06-05
BO,BOL,Bolivia,2004,8773451751.5121,NA,NA,NA,2025-06-05
BO,BOL,Bolivia,2003,8082399639.54305,NA,NA,NA,2025-06-05
BO,BOL,Bolivia,2002,7905485146.44351,NA,NA,NA,2025-06-05
BO,BOL,Bolivia,2001,8141516928.39489,NA,NA,NA,2025-06-05
BO,BOL,Bolivia,2000,8397855484.76908,NA,NA,NA,2025-06-05
BO,BOL,Bolivia,1999,8285064434.56826,NA,NA,NA,2025-06-05
BO,BOL,Bolivia,1998,8497494652.12546,NA,NA,NA,2025-06-05
BO,BOL,Bolivia,1997,7925736821.45034,NA,NA,NA,2025-06-05
BO,BOL,Bolivia,1996,7396949126.35685,NA,NA,NA,2025-06-05
BO,BOL,Bolivia,1995,6715161732.22658,NA,NA,NA,2025-06-05
BO,BOL,Bolivia,1994,5981222858.82727,NA,NA,NA,2025-06-05
BO,BOL,Bolivia,1993,5734699488.84934,NA,NA,NA,2025-06-05
BO,BOL,Bolivia,1992,5643868748.68126,NA,NA,NA,2025-06-05
BO,BOL,Bolivia,1991,5343262457.10226,NA,NA,NA,2025-06-05
BO,BOL,Bolivia,1990,4867582597.51312,NA,NA,NA,2025-06-05
BO,BOL,Bolivia,1989,4715973437.43673,NA,NA,NA,2025-06-05
BO,BOL,Bolivia,1988,4597611710.19835,NA,NA,NA,2025-06-05
BO,BOL,Bolivia,1987,4347956337.93221,NA,NA,NA,2025-06-05
BO,BOL,Bolivia,1986,3959383519.82718,NA,NA,NA,2025-06-05
BO,BOL,Bolivia,1985,5377276656.7658005,NA,NA,NA,2025-06-05
BO,BOL,Bolivia,1984,6169304528.06122,NA,NA,NA,2025-06-05
BO,BOL,Bolivia,1983,5414008620.68966,NA,NA,NA,2025-06-05
BO,BOL,Bolivia,1982,5600390625,NA,NA,NA,2025-06-05
BO,BOL,Bolivia,1981,5778480000,NA,NA,NA,2025-06-05
BO,BOL,Bolivia,1980,4450360000,NA,NA,NA,2025-06-05
BO,BOL,Bolivia,1979,4510500000,NA,NA,NA,2025-06-05
BO,BOL,Bolivia,1978,3760100000,NA,NA,NA,2025-06-05
BO,BOL,Bolivia,1977,3229050000,NA,NA,NA,2025-06-05
BO,BOL,Bolivia,1976,2733350000,NA,NA,NA,2025-06-05
BO,BOL,Bolivia,1975,2405900000,NA,NA,NA,2025-06-05
BO,BOL,Bolivia,1974,2101300000,NA,NA,NA,2025-06-05
BO,BOL,Bolivia,1973,1263600000,NA,NA,NA,2025-06-05
BO,BOL,Bolivia,1972,1286153846.15385,NA,NA,NA,2025-06-05
BO,BOL,Bolivia,1971,1084666666.66667,NA,NA,NA,2025-06-05
BO,BOL,Bolivia,1970,1006833333.33333,NA,NA,NA,2025-06-05
BO,BOL,Bolivia,1969,920333333.333333,NA,NA,NA,2025-06-05
BO,BOL,Bolivia,1968,849333333.333333,NA,NA,NA,2025-06-05
BO,BOL,Bolivia,1967,748250000,NA,NA,NA,2025-06-05
BO,BOL,Bolivia,1966,662500000,NA,NA,NA,2025-06-05
BO,BOL,Bolivia,1965,598333333.333333,NA,NA,NA,2025-06-05
BO,BOL,Bolivia,1964,538583333.333333,NA,NA,NA,2025-06-05
BO,BOL,Bolivia,1963,478000000,NA,NA,NA,2025-06-05
BO,BOL,Bolivia,1962,443916666.666667,NA,NA,NA,2025-06-05
BO,BOL,Bolivia,1961,406000000,NA,NA,NA,2025-06-05
BO,BOL,Bolivia,1960,373250000,NA,NA,NA,2025-06-05
BA,BIH,Bosnia and Herzegovina,2024,NA,NA,NA,NA,2025-06-05
BA,BIH,Bosnia and Herzegovina,2023,27514782476.0406,NA,NA,NA,2025-06-05
BA,BIH,Bosnia and Herzegovina,2022,24534663636.1778,NA,NA,NA,2025-06-05
BA,BIH,Bosnia and Herzegovina,2021,23672712242.2149,NA,NA,NA,2025-06-05
BA,BIH,Bosnia and Herzegovina,2020,20226036564.4129,NA,NA,NA,2025-06-05
BA,BIH,Bosnia and Herzegovina,2019,20482608755.379,NA,NA,NA,2025-06-05
BA,BIH,Bosnia and Herzegovina,2018,20484053868.9246,NA,NA,NA,2025-06-05
BA,BIH,Bosnia and Herzegovina,2017,18326373366.1105,NA,NA,NA,2025-06-05
BA,BIH,Bosnia and Herzegovina,2016,17116926327.6247,NA,NA,NA,2025-06-05
BA,BIH,Bosnia and Herzegovina,2015,16404348871.4437,NA,NA,NA,2025-06-05
BA,BIH,Bosnia and Herzegovina,2014,18558733564.4692,NA,NA,NA,2025-06-05
BA,BIH,Bosnia and Herzegovina,2013,18179108530.5261,NA,NA,NA,2025-06-05
BA,BIH,Bosnia and Herzegovina,2012,17226735995.6905,NA,NA,NA,2025-06-05
BA,BIH,Bosnia and Herzegovina,2011,18644233537.1093,NA,NA,NA,2025-06-05
BA,BIH,Bosnia and Herzegovina,2010,17176315803.7298,NA,NA,NA,2025-06-05
BA,BIH,Bosnia and Herzegovina,2009,17613949091.2294,NA,NA,NA,2025-06-05
BA,BIH,Bosnia and Herzegovina,2008,19112796623.1175,NA,NA,NA,2025-06-05
BA,BIH,Bosnia and Herzegovina,2007,15778734264.3787,NA,NA,NA,2025-06-05
BA,BIH,Bosnia and Herzegovina,2006,12864841905.9543,NA,NA,NA,2025-06-05
BA,BIH,Bosnia and Herzegovina,2005,11222796336.5426,NA,NA,NA,2025-06-05
BA,BIH,Bosnia and Herzegovina,2004,10156541538.399,NA,NA,NA,2025-06-05
BA,BIH,Bosnia and Herzegovina,2003,8498894359.38629,NA,NA,NA,2025-06-05
BA,BIH,Bosnia and Herzegovina,2002,6728220886.64546,NA,NA,NA,2025-06-05
BA,BIH,Bosnia and Herzegovina,2001,5800615466.26648,NA,NA,NA,2025-06-05
BA,BIH,Bosnia and Herzegovina,2000,5567772768.81188,NA,NA,NA,2025-06-05
BA,BIH,Bosnia and Herzegovina,1999,4686256363.04707,NA,NA,NA,2025-06-05
BA,BIH,Bosnia and Herzegovina,1998,4116774300.60671,NA,NA,NA,2025-06-05
BA,BIH,Bosnia and Herzegovina,1997,3671909673.04401,NA,NA,NA,2025-06-05
BA,BIH,Bosnia and Herzegovina,1996,2786045321.63743,NA,NA,NA,2025-06-05
BA,BIH,Bosnia and Herzegovina,1995,1866572953.73665,NA,NA,NA,2025-06-05
BA,BIH,Bosnia and Herzegovina,1994,1255802469.1358,NA,NA,NA,2025-06-05
BA,BIH,Bosnia and Herzegovina,1993,3630668949.83246,NA,NA,NA,2025-06-05
BA,BIH,Bosnia and Herzegovina,1992,4735044707.23969,NA,NA,NA,2025-06-05
BA,BIH,Bosnia and Herzegovina,1991,6122959183.67347,NA,NA,NA,2025-06-05
BA,BIH,Bosnia and Herzegovina,1990,7753478260.86957,NA,NA,NA,2025-06-05
BA,BIH,Bosnia and Herzegovina,1989,NA,NA,NA,NA,2025-06-05
BA,BIH,Bosnia and Herzegovina,1988,NA,NA,NA,NA,2025-06-05
BA,BIH,Bosnia and Herzegovina,1987,NA,NA,NA,NA,2025-06-05
BA,BIH,Bosnia and Herzegovina,1986,NA,NA,NA,NA,2025-06-05
BA,BIH,Bosnia and Herzegovina,1985,NA,NA,NA,NA,2025-06-05
BA,BIH,Bosnia and Herzegovina,1984,NA,NA,NA,NA,2025-06-05
BA,BIH,Bosnia and Herzegovina,1983,NA,NA,NA,NA,2025-06-05
BA,BIH,Bosnia and Herzegovina,1982,NA,NA,NA,NA,2025-06-05
BA,BIH,Bosnia and Herzegovina,1981,NA,NA,NA,NA,2025-06-05
BA,BIH,Bosnia and Herzegovina,1980,NA,NA,NA,NA,2025-06-05
BA,BIH,Bosnia and Herzegovina,1979,NA,NA,NA,NA,2025-06-05
BA,BIH,Bosnia and Herzegovina,1978,NA,NA,NA,NA,2025-06-05
BA,BIH,Bosnia and Herzegovina,1977,NA,NA,NA,NA,2025-06-05
BA,BIH,Bosnia and Herzegovina,1976,NA,NA,NA,NA,2025-06-05
BA,BIH,Bosnia and Herzegovina,1975,NA,NA,NA,NA,2025-06-05
BA,BIH,Bosnia and Herzegovina,1974,NA,NA,NA,NA,2025-06-05
BA,BIH,Bosnia and Herzegovina,1973,NA,NA,NA,NA,2025-06-05
BA,BIH,Bosnia and Herzegovina,1972,NA,NA,NA,NA,2025-06-05
BA,BIH,Bosnia and Herzegovina,1971,NA,NA,NA,NA,2025-06-05
BA,BIH,Bosnia and Herzegovina,1970,NA,NA,NA,NA,2025-06-05
BA,BIH,Bosnia and Herzegovina,1969,NA,NA,NA,NA,2025-06-05
BA,BIH,Bosnia and Herzegovina,1968,NA,NA,NA,NA,2025-06-05
BA,BIH,Bosnia and Herzegovina,1967,NA,NA,NA,NA,2025-06-05
BA,BIH,Bosnia and Herzegovina,1966,NA,NA,NA,NA,2025-06-05
BA,BIH,Bosnia and Herzegovina,1965,NA,NA,NA,NA,2025-06-05
BA,BIH,Bosnia and Herzegovina,1964,NA,NA,NA,NA,2025-06-05
BA,BIH,Bosnia and Herzegovina,1963,NA,NA,NA,NA,2025-06-05
BA,BIH,Bosnia and Herzegovina,1962,NA,NA,NA,NA,2025-06-05
BA,BIH,Bosnia and Herzegovina,1961,NA,NA,NA,NA,2025-06-05
BA,BIH,Bosnia and Herzegovina,1960,NA,NA,NA,NA,2025-06-05
BW,BWA,Botswana,2024,NA,NA,NA,NA,2025-06-05
BW,BWA,Botswana,2023,19396084498.0084,NA,NA,NA,2025-06-05
BW,BWA,Botswana,2022,20321958850.0363,NA,NA,NA,2025-06-05
BW,BWA,Botswana,2021,18750946600.1423,NA,NA,NA,2025-06-05
BW,BWA,Botswana,2020,14960291105.9316,NA,NA,NA,2025-06-05
BW,BWA,Botswana,2019,16725908148.5481,NA,NA,NA,2025-06-05
BW,BWA,Botswana,2018,17031943186.1353,NA,NA,NA,2025-06-05
BW,BWA,Botswana,2017,16105155856.7708,NA,NA,NA,2025-06-05
BW,BWA,Botswana,2016,15082637184.0496,NA,NA,NA,2025-06-05
BW,BWA,Botswana,2015,13530748844.505,NA,NA,NA,2025-06-05
BW,BWA,Botswana,2014,15470088500.7414,NA,NA,NA,2025-06-05
BW,BWA,Botswana,2013,14271738933.2042,NA,NA,NA,2025-06-05
BW,BWA,Botswana,2012,13907464500.1489,NA,NA,NA,2025-06-05
BW,BWA,Botswana,2011,15110643612.1729,NA,NA,NA,2025-06-05
BW,BWA,Botswana,2010,12637273429.1339,NA,NA,NA,2025-06-05
BW,BWA,Botswana,2009,10118459242.3183,NA,NA,NA,2025-06-05
BW,BWA,Botswana,2008,10730829116.4105,NA,NA,NA,2025-06-05
BW,BWA,Botswana,2007,10567270655.5027,NA,NA,NA,2025-06-05
BW,BWA,Botswana,2006,9919158482.41085,NA,NA,NA,2025-06-05
BW,BWA,Botswana,2005,9918907108.09702,NA,NA,NA,2025-06-05
BW,BWA,Botswana,2004,8957467706.5354,NA,NA,NA,2025-06-05
BW,BWA,Botswana,2003,7511582173.37724,NA,NA,NA,2025-06-05
BW,BWA,Botswana,2002,5438863982.88692,NA,NA,NA,2025-06-05
BW,BWA,Botswana,2001,5489608299.66445,NA,NA,NA,2025-06-05
BW,BWA,Botswana,2000,5788329609.15755,NA,NA,NA,2025-06-05
BW,BWA,Botswana,1999,5484263346.88105,NA,NA,NA,2025-06-05
BW,BWA,Botswana,1998,4790481509.17679,NA,NA,NA,2025-06-05
BW,BWA,Botswana,1997,5020265626.66489,NA,NA,NA,2025-06-05
BW,BWA,Botswana,1996,4847757217.75815,NA,NA,NA,2025-06-05
BW,BWA,Botswana,1995,4730599121.92704,NA,NA,NA,2025-06-05
BW,BWA,Botswana,1994,4259259604.15623,NA,NA,NA,2025-06-05
BW,BWA,Botswana,1993,4160129174.70569,NA,NA,NA,2025-06-05
BW,BWA,Botswana,1992,4146464586.61674,NA,NA,NA,2025-06-05
BW,BWA,Botswana,1991,3942876703.45184,NA,NA,NA,2025-06-05
BW,BWA,Botswana,1990,3790636324.44775,NA,NA,NA,2025-06-05
BW,BWA,Botswana,1989,3083822112.02023,NA,NA,NA,2025-06-05
BW,BWA,Botswana,1988,2644554158.72794,NA,NA,NA,2025-06-05
BW,BWA,Botswana,1987,1965226890.04557,NA,NA,NA,2025-06-05
BW,BWA,Botswana,1986,1392602163.53829,NA,NA,NA,2025-06-05
BW,BWA,Botswana,1985,1114783342.71539,NA,NA,NA,2025-06-05
BW,BWA,Botswana,1984,1240822167.43571,NA,NA,NA,2025-06-05
BW,BWA,Botswana,1983,1172230396.58099,NA,NA,NA,2025-06-05
BW,BWA,Botswana,1982,1014945695.71927,NA,NA,NA,2025-06-05
BW,BWA,Botswana,1981,1073812830.30052,NA,NA,NA,2025-06-05
BW,BWA,Botswana,1980,1060889703.75374,NA,NA,NA,2025-06-05
BW,BWA,Botswana,1979,819870258.783053,NA,NA,NA,2025-06-05
BW,BWA,Botswana,1978,590407374.447116,NA,NA,NA,2025-06-05
BW,BWA,Botswana,1977,451624780.274597,NA,NA,NA,2025-06-05
BW,BWA,Botswana,1976,372025093.006273,NA,NA,NA,2025-06-05
BW,BWA,Botswana,1975,355168571.536751,NA,NA,NA,2025-06-05
BW,BWA,Botswana,1974,306044207.530203,NA,NA,NA,2025-06-05
BW,BWA,Botswana,1973,244124164.042218,NA,NA,NA,2025-06-05
BW,BWA,Botswana,1972,164460914.977201,NA,NA,NA,2025-06-05
BW,BWA,Botswana,1971,127448613.505061,NA,NA,NA,2025-06-05
BW,BWA,Botswana,1970,96243233.6609837,NA,NA,NA,2025-06-05
BW,BWA,Botswana,1969,77361546.5067537,NA,NA,NA,2025-06-05
BW,BWA,Botswana,1968,66248441.4182466,NA,NA,NA,2025-06-05
BW,BWA,Botswana,1967,58642354.089673,NA,NA,NA,2025-06-05
BW,BWA,Botswana,1966,51465655.3921083,NA,NA,NA,2025-06-05
BW,BWA,Botswana,1965,45788696.3343915,NA,NA,NA,2025-06-05
BW,BWA,Botswana,1964,41616347.7906865,NA,NA,NA,2025-06-05
BW,BWA,Botswana,1963,38091842.8546863,NA,NA,NA,2025-06-05
BW,BWA,Botswana,1962,35644956.6430429,NA,NA,NA,2025-06-05
BW,BWA,Botswana,1961,32902612.8664855,NA,NA,NA,2025-06-05
BW,BWA,Botswana,1960,30411413.6552828,NA,NA,NA,2025-06-05
BR,BRA,Brazil,2024,NA,NA,NA,NA,2025-06-05
BR,BRA,Brazil,2023,2173665655937.27,NA,NA,NA,2025-06-05
BR,BRA,Brazil,2022,1951923942083.32,NA,NA,NA,2025-06-05
BR,BRA,Brazil,2021,1670647399034.67,NA,NA,NA,2025-06-05
BR,BRA,Brazil,2020,1476107231194.11,NA,NA,NA,2025-06-05
BR,BRA,Brazil,2019,1873288205186.45,NA,NA,NA,2025-06-05
BR,BRA,Brazil,2018,1916933898038.36,NA,NA,NA,2025-06-05
BR,BRA,Brazil,2017,2063514977334.32,NA,NA,NA,2025-06-05
BR,BRA,Brazil,2016,1795693482652.52,NA,NA,NA,2025-06-05
BR,BRA,Brazil,2015,1802212206904.68,NA,NA,NA,2025-06-05
BR,BRA,Brazil,2014,2456043727198.85,NA,NA,NA,2025-06-05
BR,BRA,Brazil,2013,2472819535742.73,NA,NA,NA,2025-06-05
BR,BRA,Brazil,2012,2465227803011.57,NA,NA,NA,2025-06-05
BR,BRA,Brazil,2011,2616156223977.47,NA,NA,NA,2025-06-05
BR,BRA,Brazil,2010,2208837745214.23,NA,NA,NA,2025-06-05
BR,BRA,Brazil,2009,1666996438681.46,NA,NA,NA,2025-06-05
BR,BRA,Brazil,2008,1695855083552.05,NA,NA,NA,2025-06-05
BR,BRA,Brazil,2007,1397114486471.38,NA,NA,NA,2025-06-05
BR,BRA,Brazil,2006,1107626541710.74,NA,NA,NA,2025-06-05
BR,BRA,Brazil,2005,891633839853.105,NA,NA,NA,2025-06-05
BR,BRA,Brazil,2004,669289424806.307,NA,NA,NA,2025-06-05
BR,BRA,Brazil,2003,558233745651.874,NA,NA,NA,2025-06-05
BR,BRA,Brazil,2002,509795273806.715,NA,NA,NA,2025-06-05
BR,BRA,Brazil,2001,559983634798.981,NA,NA,NA,2025-06-05
BR,BRA,Brazil,2000,655448231983.527,NA,NA,NA,2025-06-05
BR,BRA,Brazil,1999,599642024319.531,NA,NA,NA,2025-06-05
BR,BRA,Brazil,1998,863710759256.435,NA,NA,NA,2025-06-05
BR,BRA,Brazil,1997,883206179730.462,NA,NA,NA,2025-06-05
BR,BRA,Brazil,1996,850426432991.742,NA,NA,NA,2025-06-05
BR,BRA,Brazil,1995,769333050986.905,NA,NA,NA,2025-06-05
BR,BRA,Brazil,1994,525369467295.737,NA,NA,NA,2025-06-05
BR,BRA,Brazil,1993,368292034380.96,NA,NA,NA,2025-06-05
BR,BRA,Brazil,1992,328191909882.232,NA,NA,NA,2025-06-05
BR,BRA,Brazil,1991,342534090909.091,NA,NA,NA,2025-06-05
BR,BRA,Brazil,1990,464989098144.854,NA,NA,NA,2025-06-05
BR,BRA,Brazil,1989,412990820287.42,NA,NA,NA,2025-06-05
BR,BRA,Brazil,1988,307881930752.268,NA,NA,NA,2025-06-05
BR,BRA,Brazil,1987,283056836893.838,NA,NA,NA,2025-06-05
BR,BRA,Brazil,1986,256480852471.129,NA,NA,NA,2025-06-05
BR,BRA,Brazil,1985,210879844638.877,NA,NA,NA,2025-06-05
BR,BRA,Brazil,1984,188339974086.58,NA,NA,NA,2025-06-05
BR,BRA,Brazil,1983,189656506321.431,NA,NA,NA,2025-06-05
BR,BRA,Brazil,1982,271314113768.417,NA,NA,NA,2025-06-05
BR,BRA,Brazil,1981,258015174748.648,NA,NA,NA,2025-06-05
BR,BRA,Brazil,1980,237393489892.637,NA,NA,NA,2025-06-05
BR,BRA,Brazil,1979,221338204480.222,NA,NA,NA,2025-06-05
BR,BRA,Brazil,1978,200278646123.581,NA,NA,NA,2025-06-05
BR,BRA,Brazil,1977,176344101401.941,NA,NA,NA,2025-06-05
BR,BRA,Brazil,1976,153168949208.207,NA,NA,NA,2025-06-05
BR,BRA,Brazil,1975,129203555238.827,NA,NA,NA,2025-06-05
BR,BRA,Brazil,1974,109794519727.538,NA,NA,NA,2025-06-05
BR,BRA,Brazil,1973,83592275862.9982,NA,NA,NA,2025-06-05
BR,BRA,Brazil,1972,58434858374.8696,NA,NA,NA,2025-06-05
BR,BRA,Brazil,1971,48869830901.7878,NA,NA,NA,2025-06-05
BR,BRA,Brazil,1970,42327664793.6934,NA,NA,NA,2025-06-05
BR,BRA,Brazil,1969,37171640818.5863,NA,NA,NA,2025-06-05
BR,BRA,Brazil,1968,33930457425.2613,NA,NA,NA,2025-06-05
BR,BRA,Brazil,1967,31086389194.961,NA,NA,NA,2025-06-05
BR,BRA,Brazil,1966,28283323733.1114,NA,NA,NA,2025-06-05
BR,BRA,Brazil,1965,22465522884.0988,NA,NA,NA,2025-06-05
BR,BRA,Brazil,1964,20963733694.9749,NA,NA,NA,2025-06-05
BR,BRA,Brazil,1963,23287712878.2002,NA,NA,NA,2025-06-05
BR,BRA,Brazil,1962,19231747851.5332,NA,NA,NA,2025-06-05
BR,BRA,Brazil,1961,17275940449.3837,NA,NA,NA,2025-06-05
BR,BRA,Brazil,1960,17030465539.3906,NA,NA,NA,2025-06-05
VG,VGB,British Virgin Islands,2024,NA,NA,NA,NA,2025-06-05
VG,VGB,British Virgin Islands,2023,NA,NA,NA,NA,2025-06-05
VG,VGB,British Virgin Islands,2022,NA,NA,NA,NA,2025-06-05
VG,VGB,British Virgin Islands,2021,NA,NA,NA,NA,2025-06-05
VG,VGB,British Virgin Islands,2020,NA,NA,NA,NA,2025-06-05
VG,VGB,British Virgin Islands,2019,NA,NA,NA,NA,2025-06-05
VG,VGB,British Virgin Islands,2018,NA,NA,NA,NA,2025-06-05
VG,VGB,British Virgin Islands,2017,NA,NA,NA,NA,2025-06-05
VG,VGB,British Virgin Islands,2016,NA,NA,NA,NA,2025-06-05
VG,VGB,British Virgin Islands,2015,NA,NA,NA,NA,2025-06-05
VG,VGB,British Virgin Islands,2014,NA,NA,NA,NA,2025-06-05
VG,VGB,British Virgin Islands,2013,NA,NA,NA,NA,2025-06-05
VG,VGB,British Virgin Islands,2012,NA,NA,NA,NA,2025-06-05
VG,VGB,British Virgin Islands,2011,NA,NA,NA,NA,2025-06-05
VG,VGB,British Virgin Islands,2010,NA,NA,NA,NA,2025-06-05
VG,VGB,British Virgin Islands,2009,NA,NA,NA,NA,2025-06-05
VG,VGB,British Virgin Islands,2008,NA,NA,NA,NA,2025-06-05
VG,VGB,British Virgin Islands,2007,NA,NA,NA,NA,2025-06-05
VG,VGB,British Virgin Islands,2006,NA,NA,NA,NA,2025-06-05
VG,VGB,British Virgin Islands,2005,NA,NA,NA,NA,2025-06-05
VG,VGB,British Virgin Islands,2004,NA,NA,NA,NA,2025-06-05
VG,VGB,British Virgin Islands,2003,NA,NA,NA,NA,2025-06-05
VG,VGB,British Virgin Islands,2002,NA,NA,NA,NA,2025-06-05
VG,VGB,British Virgin Islands,2001,NA,NA,NA,NA,2025-06-05
VG,VGB,British Virgin Islands,2000,NA,NA,NA,NA,2025-06-05
VG,VGB,British Virgin Islands,1999,NA,NA,NA,NA,2025-06-05
VG,VGB,British Virgin Islands,1998,NA,NA,NA,NA,2025-06-05
VG,VGB,British Virgin Islands,1997,NA,NA,NA,NA,2025-06-05
VG,VGB,British Virgin Islands,1996,NA,NA,NA,NA,2025-06-05
VG,VGB,British Virgin Islands,1995,NA,NA,NA,NA,2025-06-05
VG,VGB,British Virgin Islands,1994,NA,NA,NA,NA,2025-06-05
VG,VGB,British Virgin Islands,1993,NA,NA,NA,NA,2025-06-05
VG,VGB,British Virgin Islands,1992,NA,NA,NA,NA,2025-06-05
VG,VGB,British Virgin Islands,1991,NA,NA,NA,NA,2025-06-05
VG,VGB,British Virgin Islands,1990,NA,NA,NA,NA,2025-06-05
VG,VGB,British Virgin Islands,1989,NA,NA,NA,NA,2025-06-05
VG,VGB,British Virgin Islands,1988,NA,NA,NA,NA,2025-06-05
VG,VGB,British Virgin Islands,1987,NA,NA,NA,NA,2025-06-05
VG,VGB,British Virgin Islands,1986,NA,NA,NA,NA,2025-06-05
VG,VGB,British Virgin Islands,1985,NA,NA,NA,NA,2025-06-05
VG,VGB,British Virgin Islands,1984,NA,NA,NA,NA,2025-06-05
VG,VGB,British Virgin Islands,1983,NA,NA,NA,NA,2025-06-05
VG,VGB,British Virgin Islands,1982,NA,NA,NA,NA,2025-06-05
VG,VGB,British Virgin Islands,1981,NA,NA,NA,NA,2025-06-05
VG,VGB,British Virgin Islands,1980,NA,NA,NA,NA,2025-06-05
VG,VGB,British Virgin Islands,1979,NA,NA,NA,NA,2025-06-05
VG,VGB,British Virgin Islands,1978,NA,NA,NA,NA,2025-06-05
VG,VGB,British Virgin Islands,1977,NA,NA,NA,NA,2025-06-05
VG,VGB,British Virgin Islands,1976,NA,NA,NA,NA,2025-06-05
VG,VGB,British Virgin Islands,1975,NA,NA,NA,NA,2025-06-05
VG,VGB,British Virgin Islands,1974,NA,NA,NA,NA,2025-06-05
VG,VGB,British Virgin Islands,1973,NA,NA,NA,NA,2025-06-05
VG,VGB,British Virgin Islands,1972,NA,NA,NA,NA,2025-06-05
VG,VGB,British Virgin Islands,1971,NA,NA,NA,NA,2025-06-05
VG,VGB,British Virgin Islands,1970,NA,NA,NA,NA,2025-06-05
VG,VGB,British Virgin Islands,1969,NA,NA,NA,NA,2025-06-05
VG,VGB,British Virgin Islands,1968,NA,NA,NA,NA,2025-06-05
VG,VGB,British Virgin Islands,1967,NA,NA,NA,NA,2025-06-05
VG,VGB,British Virgin Islands,1966,NA,NA,NA,NA,2025-06-05
VG,VGB,British Virgin Islands,1965,NA,NA,NA,NA,2025-06-05
VG,VGB,British Virgin Islands,1964,NA,NA,NA,NA,2025-06-05
VG,VGB,British Virgin Islands,1963,NA,NA,NA,NA,2025-06-05
VG,VGB,British Virgin Islands,1962,NA,NA,NA,NA,2025-06-05
VG,VGB,British Virgin Islands,1961,NA,NA,NA,NA,2025-06-05
VG,VGB,British Virgin Islands,1960,NA,NA,NA,NA,2025-06-05
BN,BRN,Brunei Darussalam,2024,NA,NA,NA,NA,2025-06-05
BN,BRN,Brunei Darussalam,2023,15128292980.8638,NA,NA,NA,2025-06-05
BN,BRN,Brunei Darussalam,2022,16681536442.5498,NA,NA,NA,2025-06-05
BN,BRN,Brunei Darussalam,2021,14006496614.3195,NA,NA,NA,2025-06-05
BN,BRN,Brunei Darussalam,2020,12005799664.2691,NA,NA,NA,2025-06-05
BN,BRN,Brunei Darussalam,2019,13469235348.2211,NA,NA,NA,2025-06-05
BN,BRN,Brunei Darussalam,2018,13566908401.1864,NA,NA,NA,2025-06-05
BN,BRN,Brunei Darussalam,2017,12128168046.7827,NA,NA,NA,2025-06-05
BN,BRN,Brunei Darussalam,2016,11400266055.3232,NA,NA,NA,2025-06-05
BN,BRN,Brunei Darussalam,2015,12930296852.4882,NA,NA,NA,2025-06-05
BN,BRN,Brunei Darussalam,2014,17097797371.9718,NA,NA,NA,2025-06-05
BN,BRN,Brunei Darussalam,2013,18094148099.4922,NA,NA,NA,2025-06-05
BN,BRN,Brunei Darussalam,2012,19048443339.9457,NA,NA,NA,2025-06-05
BN,BRN,Brunei Darussalam,2011,18524791070.6802,NA,NA,NA,2025-06-05
BN,BRN,Brunei Darussalam,2010,13707121031.2552,NA,NA,NA,2025-06-05
BN,BRN,Brunei Darussalam,2009,11912904529.0722,NA,NA,NA,2025-06-05
BN,BRN,Brunei Darussalam,2008,15926456491.5178,NA,NA,NA,2025-06-05
BN,BRN,Brunei Darussalam,2007,13432029495.6785,NA,NA,NA,2025-06-05
BN,BRN,Brunei Darussalam,2006,12644616446.1918,NA,NA,NA,2025-06-05
BN,BRN,Brunei Darussalam,2005,10547202612.4295,NA,NA,NA,2025-06-05
BN,BRN,Brunei Darussalam,2004,8619178799.47025,NA,NA,NA,2025-06-05
BN,BRN,Brunei Darussalam,2003,7167725264.75135,NA,NA,NA,2025-06-05
BN,BRN,Brunei Darussalam,2002,6333082878.97992,NA,NA,NA,2025-06-05
BN,BRN,Brunei Darussalam,2001,6096155747.56182,NA,NA,NA,2025-06-05
BN,BRN,Brunei Darussalam,2000,6570999059.70575,NA,NA,NA,2025-06-05
BN,BRN,Brunei Darussalam,1999,6309070374.83966,NA,NA,NA,2025-06-05
BN,BRN,Brunei Darussalam,1998,5550846024.98159,NA,NA,NA,2025-06-05
BN,BRN,Brunei Darussalam,1997,7793034389.75098,NA,NA,NA,2025-06-05
BN,BRN,Brunei Darussalam,1996,7663377277.0035105,NA,NA,NA,2025-06-05
BN,BRN,Brunei Darussalam,1995,7700144056.74744,NA,NA,NA,2025-06-05
BN,BRN,Brunei Darussalam,1994,6467782521.31603,NA,NA,NA,2025-06-05
BN,BRN,Brunei Darussalam,1993,6203339925.05349,NA,NA,NA,2025-06-05
BN,BRN,Brunei Darussalam,1992,6327966444.87488,NA,NA,NA,2025-06-05
BN,BRN,Brunei Darussalam,1991,6284497300.38401,NA,NA,NA,2025-06-05
BN,BRN,Brunei Darussalam,1990,6039881086.68157,NA,NA,NA,2025-06-05
BN,BRN,Brunei Darussalam,1989,4983622880.99938,NA,NA,NA,2025-06-05
BN,BRN,Brunei Darussalam,1988,4535130304.71096,NA,NA,NA,2025-06-05
BN,BRN,Brunei Darussalam,1987,4918010080.03047,NA,NA,NA,2025-06-05
BN,BRN,Brunei Darussalam,1986,4190280002.67381,NA,NA,NA,2025-06-05
BN,BRN,Brunei Darussalam,1985,6967623884.42343,NA,NA,NA,2025-06-05
BN,BRN,Brunei Darussalam,1984,7632788075.1621,NA,NA,NA,2025-06-05
BN,BRN,Brunei Darussalam,1983,7927590750.39502,NA,NA,NA,2025-06-05
BN,BRN,Brunei Darussalam,1982,8932198185.72876,NA,NA,NA,2025-06-05
BN,BRN,Brunei Darussalam,1981,9367218664.31094,NA,NA,NA,2025-06-05
BN,BRN,Brunei Darussalam,1980,10795432293.6119,NA,NA,NA,2025-06-05
BN,BRN,Brunei Darussalam,1979,6044367628.28515,NA,NA,NA,2025-06-05
BN,BRN,Brunei Darussalam,1978,4100423673.58759,NA,NA,NA,2025-06-05
BN,BRN,Brunei Darussalam,1977,3681242528.32494,NA,NA,NA,2025-06-05
BN,BRN,Brunei Darussalam,1976,3054765590.29214,NA,NA,NA,2025-06-05
BN,BRN,Brunei Darussalam,1975,2496420257.54042,NA,NA,NA,2025-06-05
BN,BRN,Brunei Darussalam,1974,2319576214.21329,NA,NA,NA,2025-06-05
BN,BRN,Brunei Darussalam,1973,433095526.686136,NA,NA,NA,2025-06-05
BN,BRN,Brunei Darussalam,1972,270822782.026674,NA,NA,NA,2025-06-05
BN,BRN,Brunei Darussalam,1971,197525767.791735,NA,NA,NA,2025-06-05
BN,BRN,Brunei Darussalam,1970,179078929.315763,NA,NA,NA,2025-06-05
BN,BRN,Brunei Darussalam,1969,161210236.44168,NA,NA,NA,2025-06-05
BN,BRN,Brunei Darussalam,1968,160818235.866746,NA,NA,NA,2025-06-05
BN,BRN,Brunei Darussalam,1967,139029537.243321,NA,NA,NA,2025-06-05
BN,BRN,Brunei Darussalam,1966,132757528.044374,NA,NA,NA,2025-06-05
BN,BRN,Brunei Darussalam,1965,114039500.591268,NA,NA,NA,2025-06-05
BN,BRN,Brunei Darussalam,1964,NA,NA,NA,NA,2025-06-05
BN,BRN,Brunei Darussalam,1963,NA,NA,NA,NA,2025-06-05
BN,BRN,Brunei Darussalam,1962,NA,NA,NA,NA,2025-06-05
BN,BRN,Brunei Darussalam,1961,NA,NA,NA,NA,2025-06-05
BN,BRN,Brunei Darussalam,1960,NA,NA,NA,NA,2025-06-05
BG,BGR,Bulgaria,2024,NA,NA,NA,NA,2025-06-05
BG,BGR,Bulgaria,2023,102407653020.606,NA,NA,NA,2025-06-05
BG,BGR,Bulgaria,2022,90642851835.8996,NA,NA,NA,2025-06-05
BG,BGR,Bulgaria,2021,84417951260.8091,NA,NA,NA,2025-06-05
BG,BGR,Bulgaria,2020,70716821234.5967,NA,NA,NA,2025-06-05
BG,BGR,Bulgaria,2019,68631726289.2794,NA,NA,NA,2025-06-05
BG,BGR,Bulgaria,2018,66289266348.6504,NA,NA,NA,2025-06-05
BG,BGR,Bulgaria,2017,59309748166.1179,NA,NA,NA,2025-06-05
BG,BGR,Bulgaria,2016,53964253211.84,NA,NA,NA,2025-06-05
BG,BGR,Bulgaria,2015,50811995688.6771,NA,NA,NA,2025-06-05
BG,BGR,Bulgaria,2014,57157782909.9307,NA,NA,NA,2025-06-05
BG,BGR,Bulgaria,2013,55852123989.9504,NA,NA,NA,2025-06-05
BG,BGR,Bulgaria,2012,54288135058.7926,NA,NA,NA,2025-06-05
BG,BGR,Bulgaria,2011,57737040780.0157,NA,NA,NA,2025-06-05
BG,BGR,Bulgaria,2010,50760929302.5147,NA,NA,NA,2025-06-05
BG,BGR,Bulgaria,2009,52023801230.12,NA,NA,NA,2025-06-05
BG,BGR,Bulgaria,2008,54480684188.4442,NA,NA,NA,2025-06-05
BG,BGR,Bulgaria,2007,44432811756.4731,NA,NA,NA,2025-06-05
BG,BGR,Bulgaria,2006,34380536495.6739,NA,NA,NA,2025-06-05
BG,BGR,Bulgaria,2005,29868657858.0082,NA,NA,NA,2025-06-05
BG,BGR,Bulgaria,2004,26157743368.8716,NA,NA,NA,2025-06-05
BG,BGR,Bulgaria,2003,21144957990.4681,NA,NA,NA,2025-06-05
BG,BGR,Bulgaria,2002,16403043849.8297,NA,NA,NA,2025-06-05
BG,BGR,Bulgaria,2001,14183446025.7389,NA,NA,NA,2025-06-05
BG,BGR,Bulgaria,2000,13245990274.4581,NA,NA,NA,2025-06-05
BG,BGR,Bulgaria,1999,13627325461.1743,NA,NA,NA,2025-06-05
BG,BGR,Bulgaria,1998,15031055046.7575,NA,NA,NA,2025-06-05
BG,BGR,Bulgaria,1997,11316127378.9613,NA,NA,NA,2025-06-05
BG,BGR,Bulgaria,1996,12294964837.6235,NA,NA,NA,2025-06-05
BG,BGR,Bulgaria,1995,18991484420.36,NA,NA,NA,2025-06-05
BG,BGR,Bulgaria,1994,9697416974.16974,NA,NA,NA,2025-06-05
BG,BGR,Bulgaria,1993,10832064941.654,NA,NA,NA,2025-06-05
BG,BGR,Bulgaria,1992,10350515463.9175,NA,NA,NA,2025-06-05
BG,BGR,Bulgaria,1991,10943548387.0968,NA,NA,NA,2025-06-05
BG,BGR,Bulgaria,1990,20632090909.0909,NA,NA,NA,2025-06-05
BG,BGR,Bulgaria,1989,21988444444.4444,NA,NA,NA,2025-06-05
BG,BGR,Bulgaria,1988,22555941176.4706,NA,NA,NA,2025-06-05
BG,BGR,Bulgaria,1987,28101000000,NA,NA,NA,2025-06-05
BG,BGR,Bulgaria,1986,20249294117.6471,NA,NA,NA,2025-06-05
BG,BGR,Bulgaria,1985,17155421052.6316,NA,NA,NA,2025-06-05
BG,BGR,Bulgaria,1984,17594944444.4444,NA,NA,NA,2025-06-05
BG,BGR,Bulgaria,1983,16563666666.6667,NA,NA,NA,2025-06-05
BG,BGR,Bulgaria,1982,19342000000,NA,NA,NA,2025-06-05
BG,BGR,Bulgaria,1981,19870000000,NA,NA,NA,2025-06-05
BG,BGR,Bulgaria,1980,19839230769.2308,NA,NA,NA,2025-06-05
BG,BGR,Bulgaria,1979,NA,NA,NA,NA,2025-06-05
BG,BGR,Bulgaria,1978,NA,NA,NA,NA,2025-06-05
BG,BGR,Bulgaria,1977,NA,NA,NA,NA,2025-06-05
BG,BGR,Bulgaria,1976,NA,NA,NA,NA,2025-06-05
BG,BGR,Bulgaria,1975,NA,NA,NA,NA,2025-06-05
BG,BGR,Bulgaria,1974,NA,NA,NA,NA,2025-06-05
BG,BGR,Bulgaria,1973,NA,NA,NA,NA,2025-06-05
BG,BGR,Bulgaria,1972,NA,NA,NA,NA,2025-06-05
BG,BGR,Bulgaria,1971,NA,NA,NA,NA,2025-06-05
BG,BGR,Bulgaria,1970,NA,NA,NA,NA,2025-06-05
BG,BGR,Bulgaria,1969,NA,NA,NA,NA,2025-06-05
BG,BGR,Bulgaria,1968,NA,NA,NA,NA,2025-06-05
BG,BGR,Bulgaria,1967,NA,NA,NA,NA,2025-06-05
BG,BGR,Bulgaria,1966,NA,NA,NA,NA,2025-06-05
BG,BGR,Bulgaria,1965,NA,NA,NA,NA,2025-06-05
BG,BGR,Bulgaria,1964,NA,NA,NA,NA,2025-06-05
BG,BGR,Bulgaria,1963,NA,NA,NA,NA,2025-06-05
BG,BGR,Bulgaria,1962,NA,NA,NA,NA,2025-06-05
BG,BGR,Bulgaria,1961,NA,NA,NA,NA,2025-06-05
BG,BGR,Bulgaria,1960,NA,NA,NA,NA,2025-06-05
BF,BFA,Burkina Faso,2024,NA,NA,NA,NA,2025-06-05
BF,BFA,Burkina Faso,2023,20324617844.5265,NA,NA,NA,2025-06-05
BF,BFA,Burkina Faso,2022,18820218690.5948,NA,NA,NA,2025-06-05
BF,BFA,Burkina Faso,2021,19697516284.3787,NA,NA,NA,2025-06-05
BF,BFA,Burkina Faso,2020,17725010532.5268,NA,NA,NA,2025-06-05
BF,BFA,Burkina Faso,2019,16032813503.3707,NA,NA,NA,2025-06-05
BF,BFA,Burkina Faso,2018,15890066221.2882,NA,NA,NA,2025-06-05
BF,BFA,Burkina Faso,2017,14106955615.3442,NA,NA,NA,2025-06-05
BF,BFA,Burkina Faso,2016,12833363045.3367,NA,NA,NA,2025-06-05
BF,BFA,Burkina Faso,2015,11832159315.6298,NA,NA,NA,2025-06-05
BF,BFA,Burkina Faso,2014,13943016076.7436,NA,NA,NA,2025-06-05
BF,BFA,Burkina Faso,2013,13444300485.8412,NA,NA,NA,2025-06-05
BF,BFA,Burkina Faso,2012,12561015156.5683,NA,NA,NA,2025-06-05
BF,BFA,Burkina Faso,2011,12080295977.5632,NA,NA,NA,2025-06-05
BF,BFA,Burkina Faso,2010,10109619740.6994,NA,NA,NA,2025-06-05
BF,BFA,Burkina Faso,2009,9450696873.34326,NA,NA,NA,2025-06-05
BF,BFA,Burkina Faso,2008,9451435490.11467,NA,NA,NA,2025-06-05
BF,BFA,Burkina Faso,2007,7625722836.76847,NA,NA,NA,2025-06-05
BF,BFA,Burkina Faso,2006,6547419820.38113,NA,NA,NA,2025-06-05
BF,BFA,Burkina Faso,2005,6146353173.34929,NA,NA,NA,2025-06-05
BF,BFA,Burkina Faso,2004,5451688537.60959,NA,NA,NA,2025-06-05
BF,BFA,Burkina Faso,2003,4740768142.67494,NA,NA,NA,2025-06-05
BF,BFA,Burkina Faso,2002,3622350062.96053,NA,NA,NA,2025-06-05
BF,BFA,Burkina Faso,2001,3190371080.94768,NA,NA,NA,2025-06-05
BF,BFA,Burkina Faso,2000,2968370087.59759,NA,NA,NA,2025-06-05
BF,BFA,Burkina Faso,1999,3389566712.66037,NA,NA,NA,2025-06-05
BF,BFA,Burkina Faso,1998,2804902367.14687,NA,NA,NA,2025-06-05
BF,BFA,Burkina Faso,1997,2447669101.95178,NA,NA,NA,2025-06-05
BF,BFA,Burkina Faso,1996,2586550595.41013,NA,NA,NA,2025-06-05
BF,BFA,Burkina Faso,1995,2379517975.28056,NA,NA,NA,2025-06-05
BF,BFA,Burkina Faso,1994,1895290637.09504,NA,NA,NA,2025-06-05
BF,BFA,Burkina Faso,1993,3199536465.23328,NA,NA,NA,2025-06-05
BF,BFA,Burkina Faso,1992,3356692505.18266,NA,NA,NA,2025-06-05
BF,BFA,Burkina Faso,1991,3135045584.08387,NA,NA,NA,2025-06-05
BF,BFA,Burkina Faso,1990,3101300778.56414,NA,NA,NA,2025-06-05
BF,BFA,Burkina Faso,1989,2615587733.97303,NA,NA,NA,2025-06-05
BF,BFA,Burkina Faso,1988,2616040478.99309,NA,NA,NA,2025-06-05
BF,BFA,Burkina Faso,1987,2369834949.73234,NA,NA,NA,2025-06-05
BF,BFA,Burkina Faso,1986,2036303357.68113,NA,NA,NA,2025-06-05
BF,BFA,Burkina Faso,1985,1552493196.28424,NA,NA,NA,2025-06-05
BF,BFA,Burkina Faso,1984,1459880132.14107,NA,NA,NA,2025-06-05
BF,BFA,Burkina Faso,1983,1600278605.25465,NA,NA,NA,2025-06-05
BF,BFA,Burkina Faso,1982,1754450096.23721,NA,NA,NA,2025-06-05
BF,BFA,Burkina Faso,1981,1775842333.57042,NA,NA,NA,2025-06-05
BF,BFA,Burkina Faso,1980,1928719888.20688,NA,NA,NA,2025-06-05
BF,BFA,Burkina Faso,1979,1748480620.52397,NA,NA,NA,2025-06-05
BF,BFA,Burkina Faso,1978,1475583644.93614,NA,NA,NA,2025-06-05
BF,BFA,Burkina Faso,1977,1131224878.18865,NA,NA,NA,2025-06-05
BF,BFA,Burkina Faso,1976,976547188.054778,NA,NA,NA,2025-06-05
BF,BFA,Burkina Faso,1975,939972703.463021,NA,NA,NA,2025-06-05
BF,BFA,Burkina Faso,1974,751133430.449301,NA,NA,NA,2025-06-05
BF,BFA,Burkina Faso,1973,674773569.877548,NA,NA,NA,2025-06-05
BF,BFA,Burkina Faso,1972,578595521.990135,NA,NA,NA,2025-06-05
BF,BFA,Burkina Faso,1971,482411179.121178,NA,NA,NA,2025-06-05
BF,BFA,Burkina Faso,1970,458404268.761971,NA,NA,NA,2025-06-05
BF,BFA,Burkina Faso,1969,478298645.39382,NA,NA,NA,2025-06-05
BF,BFA,Burkina Faso,1968,460442689.376378,NA,NA,NA,2025-06-05
BF,BFA,Burkina Faso,1967,450753923.548048,NA,NA,NA,2025-06-05
BF,BFA,Burkina Faso,1966,433889766.239436,NA,NA,NA,2025-06-05
BF,BFA,Burkina Faso,1965,422916789.7483,NA,NA,NA,2025-06-05
BF,BFA,Burkina Faso,1964,410321644.964911,NA,NA,NA,2025-06-05
BF,BFA,Burkina Faso,1963,394040667.106335,NA,NA,NA,2025-06-05
BF,BFA,Burkina Faso,1962,379567099.249422,NA,NA,NA,2025-06-05
BF,BFA,Burkina Faso,1961,350247234.260712,NA,NA,NA,2025-06-05
BF,BFA,Burkina Faso,1960,330442815.821186,NA,NA,NA,2025-06-05
BI,BDI,Burundi,2024,NA,NA,NA,NA,2025-06-05
BI,BDI,Burundi,2023,2642161668.85211,NA,NA,NA,2025-06-05
BI,BDI,Burundi,2022,3338722827.65691,NA,NA,NA,2025-06-05
BI,BDI,Burundi,2021,2775798697.46022,NA,NA,NA,2025-06-05
BI,BDI,Burundi,2020,2649680261.44299,NA,NA,NA,2025-06-05
BI,BDI,Burundi,2019,2576518879.82353,NA,NA,NA,2025-06-05
BI,BDI,Burundi,2018,2667182199.51333,NA,NA,NA,2025-06-05
BI,BDI,Burundi,2017,2723586962.84034,NA,NA,NA,2025-06-05
BI,BDI,Burundi,2016,2644487776.50077,NA,NA,NA,2025-06-05
BI,BDI,Burundi,2015,3104003546.26497,NA,NA,NA,2025-06-05
BI,BDI,Burundi,2014,2705783329.80483,NA,NA,NA,2025-06-05
BI,BDI,Burundi,2013,2451606632.29246,NA,NA,NA,2025-06-05
BI,BDI,Burundi,2012,2333341334.45753,NA,NA,NA,2025-06-05
BI,BDI,Burundi,2011,2235820809.32006,NA,NA,NA,2025-06-05
BI,BDI,Burundi,2010,2032135192.01248,NA,NA,NA,2025-06-05
BI,BDI,Burundi,2009,1781455139.85931,NA,NA,NA,2025-06-05
BI,BDI,Burundi,2008,1611835857.04588,NA,NA,NA,2025-06-05
BI,BDI,Burundi,2007,1356199387.42308,NA,NA,NA,2025-06-05
BI,BDI,Burundi,2006,1273375078.44844,NA,NA,NA,2025-06-05
BI,BDI,Burundi,2005,1117113079.73645,NA,NA,NA,2025-06-05
BI,BDI,Burundi,2004,915257323.3961,NA,NA,NA,2025-06-05
BI,BDI,Burundi,2003,784654423.620476,NA,NA,NA,2025-06-05
BI,BDI,Burundi,2002,825394519.423728,NA,NA,NA,2025-06-05
BI,BDI,Burundi,2001,876794723.068586,NA,NA,NA,2025-06-05
BI,BDI,Burundi,2000,870486065.883137,NA,NA,NA,2025-06-05
BI,BDI,Burundi,1999,808077223.365746,NA,NA,NA,2025-06-05
BI,BDI,Burundi,1998,893770740.207416,NA,NA,NA,2025-06-05
BI,BDI,Burundi,1997,972896267.915425,NA,NA,NA,2025-06-05
BI,BDI,Burundi,1996,869033856.317093,NA,NA,NA,2025-06-05
BI,BDI,Burundi,1995,1000428393.88528,NA,NA,NA,2025-06-05
BI,BDI,Burundi,1994,925030590.153683,NA,NA,NA,2025-06-05
BI,BDI,Burundi,1993,938632612.026359,NA,NA,NA,2025-06-05
BI,BDI,Burundi,1992,1083037670.60484,NA,NA,NA,2025-06-05
BI,BDI,Burundi,1991,1167398478.3459,NA,NA,NA,2025-06-05
BI,BDI,Burundi,1990,1132101252.51817,NA,NA,NA,2025-06-05
BI,BDI,Burundi,1989,1113924130.41149,NA,NA,NA,2025-06-05
BI,BDI,Burundi,1988,1082403219.48787,NA,NA,NA,2025-06-05
BI,BDI,Burundi,1987,1131466494.01101,NA,NA,NA,2025-06-05
BI,BDI,Burundi,1986,1201725497.06578,NA,NA,NA,2025-06-05
BI,BDI,Burundi,1985,1149979285.77347,NA,NA,NA,2025-06-05
BI,BDI,Burundi,1984,987143931.166987,NA,NA,NA,2025-06-05
BI,BDI,Burundi,1983,1082926304.46477,NA,NA,NA,2025-06-05
BI,BDI,Burundi,1982,1013222222.22222,NA,NA,NA,2025-06-05
BI,BDI,Burundi,1981,969046666.666667,NA,NA,NA,2025-06-05
BI,BDI,Burundi,1980,919726666.666667,NA,NA,NA,2025-06-05
BI,BDI,Burundi,1979,782496666.666667,NA,NA,NA,2025-06-05
BI,BDI,Burundi,1978,610225555.555556,NA,NA,NA,2025-06-05
BI,BDI,Burundi,1977,547535555.555556,NA,NA,NA,2025-06-05
BI,BDI,Burundi,1976,448412753.623188,NA,NA,NA,2025-06-05
BI,BDI,Burundi,1975,420986666.666667,NA,NA,NA,2025-06-05
BI,BDI,Burundi,1974,345263492.063492,NA,NA,NA,2025-06-05
BI,BDI,Burundi,1973,304339522.636075,NA,NA,NA,2025-06-05
BI,BDI,Burundi,1972,246804571.428571,NA,NA,NA,2025-06-05
BI,BDI,Burundi,1971,252842285.483116,NA,NA,NA,2025-06-05
BI,BDI,Burundi,1970,242732571.187226,NA,NA,NA,2025-06-05
BI,BDI,Burundi,1969,190205714.096595,NA,NA,NA,2025-06-05
BI,BDI,Burundi,1968,183199999.817847,NA,NA,NA,2025-06-05
BI,BDI,Burundi,1967,178297142.679865,NA,NA,NA,2025-06-05
BI,BDI,Burundi,1966,165444571.264072,NA,NA,NA,2025-06-05
BI,BDI,Burundi,1965,158994962.812212,NA,NA,NA,2025-06-05
BI,BDI,Burundi,1964,260750007.744465,NA,NA,NA,2025-06-05
BI,BDI,Burundi,1963,232749997.771905,NA,NA,NA,2025-06-05
BI,BDI,Burundi,1962,213500005.79077,NA,NA,NA,2025-06-05
BI,BDI,Burundi,1961,202999991.80106,NA,NA,NA,2025-06-05
BI,BDI,Burundi,1960,195999989.80792,NA,NA,NA,2025-06-05
CV,CPV,Cabo Verde,2024,NA,NA,NA,NA,2025-06-05
CV,CPV,Cabo Verde,2023,2533819406.4916,NA,NA,NA,2025-06-05
CV,CPV,Cabo Verde,2022,2247003347.63376,NA,NA,NA,2025-06-05
CV,CPV,Cabo Verde,2021,2051842609.64558,NA,NA,NA,2025-06-05
CV,CPV,Cabo Verde,2020,1821565617.6945,NA,NA,NA,2025-06-05
CV,CPV,Cabo Verde,2019,2252177133.74705,NA,NA,NA,2025-06-05
CV,CPV,Cabo Verde,2018,2205099509.15987,NA,NA,NA,2025-06-05
CV,CPV,Cabo Verde,2017,1996741544.61574,NA,NA,NA,2025-06-05
CV,CPV,Cabo Verde,2016,1849789992.7426,NA,NA,NA,2025-06-05
CV,CPV,Cabo Verde,2015,1749857620.35329,NA,NA,NA,2025-06-05
CV,CPV,Cabo Verde,2014,2041930125.42979,NA,NA,NA,2025-06-05
CV,CPV,Cabo Verde,2013,2028910915.16446,NA,NA,NA,2025-06-05
CV,CPV,Cabo Verde,2012,1913081210.41411,NA,NA,NA,2025-06-05
CV,CPV,Cabo Verde,2011,2046817987.20109,NA,NA,NA,2025-06-05
CV,CPV,Cabo Verde,2010,1824751467.92957,NA,NA,NA,2025-06-05
CV,CPV,Cabo Verde,2009,1852334575.17521,NA,NA,NA,2025-06-05
CV,CPV,Cabo Verde,2008,1959620648.31578,NA,NA,NA,2025-06-05
CV,CPV,Cabo Verde,2007,1649621738.63689,NA,NA,NA,2025-06-05
CV,CPV,Cabo Verde,2006,1107571457.90614,NA,NA,NA,2025-06-05
CV,CPV,Cabo Verde,2005,972241676.907662,NA,NA,NA,2025-06-05
CV,CPV,Cabo Verde,2004,924940011.836897,NA,NA,NA,2025-06-05
CV,CPV,Cabo Verde,2003,813260468.873834,NA,NA,NA,2025-06-05
CV,CPV,Cabo Verde,2002,620507387.466174,NA,NA,NA,2025-06-05
CV,CPV,Cabo Verde,2001,563090490.377368,NA,NA,NA,2025-06-05
CV,CPV,Cabo Verde,2000,539227277.626411,NA,NA,NA,2025-06-05
CV,CPV,Cabo Verde,1999,592416703.058878,NA,NA,NA,2025-06-05
CV,CPV,Cabo Verde,1998,521910560.524868,NA,NA,NA,2025-06-05
CV,CPV,Cabo Verde,1997,490608657.924976,NA,NA,NA,2025-06-05
CV,CPV,Cabo Verde,1996,501979269.843942,NA,NA,NA,2025-06-05
CV,CPV,Cabo Verde,1995,487148993.533109,NA,NA,NA,2025-06-05
CV,CPV,Cabo Verde,1994,406580652.330537,NA,NA,NA,2025-06-05
CV,CPV,Cabo Verde,1993,490417389.682569,NA,NA,NA,2025-06-05
CV,CPV,Cabo Verde,1992,357160985.327413,NA,NA,NA,2025-06-05
CV,CPV,Cabo Verde,1991,319827058.592875,NA,NA,NA,2025-06-05
CV,CPV,Cabo Verde,1990,306890962.649533,NA,NA,NA,2025-06-05
CV,CPV,Cabo Verde,1989,267448571.414611,NA,NA,NA,2025-06-05
CV,CPV,Cabo Verde,1988,264308140.285149,NA,NA,NA,2025-06-05
CV,CPV,Cabo Verde,1987,235253064.70982,NA,NA,NA,2025-06-05
CV,CPV,Cabo Verde,1986,190651167.559385,NA,NA,NA,2025-06-05
CV,CPV,Cabo Verde,1985,137728204.813735,NA,NA,NA,2025-06-05
CV,CPV,Cabo Verde,1984,132019038.591628,NA,NA,NA,2025-06-05
CV,CPV,Cabo Verde,1983,138476175.620363,NA,NA,NA,2025-06-05
CV,CPV,Cabo Verde,1982,140630678.983478,NA,NA,NA,2025-06-05
CV,CPV,Cabo Verde,1981,139468209.116206,NA,NA,NA,2025-06-05
CV,CPV,Cabo Verde,1980,142246815.345007,NA,NA,NA,2025-06-05
CV,CPV,Cabo Verde,1979,NA,NA,NA,NA,2025-06-05
CV,CPV,Cabo Verde,1978,NA,NA,NA,NA,2025-06-05
CV,CPV,Cabo Verde,1977,NA,NA,NA,NA,2025-06-05
CV,CPV,Cabo Verde,1976,NA,NA,NA,NA,2025-06-05
CV,CPV,Cabo Verde,1975,NA,NA,NA,NA,2025-06-05
CV,CPV,Cabo Verde,1974,NA,NA,NA,NA,2025-06-05
CV,CPV,Cabo Verde,1973,NA,NA,NA,NA,2025-06-05
CV,CPV,Cabo Verde,1972,NA,NA,NA,NA,2025-06-05
CV,CPV,Cabo Verde,1971,NA,NA,NA,NA,2025-06-05
CV,CPV,Cabo Verde,1970,NA,NA,NA,NA,2025-06-05
CV,CPV,Cabo Verde,1969,NA,NA,NA,NA,2025-06-05
CV,CPV,Cabo Verde,1968,NA,NA,NA,NA,2025-06-05
CV,CPV,Cabo Verde,1967,NA,NA,NA,NA,2025-06-05
CV,CPV,Cabo Verde,1966,NA,NA,NA,NA,2025-06-05
CV,CPV,Cabo Verde,1965,NA,NA,NA,NA,2025-06-05
CV,CPV,Cabo Verde,1964,NA,NA,NA,NA,2025-06-05
CV,CPV,Cabo Verde,1963,NA,NA,NA,NA,2025-06-05
CV,CPV,Cabo Verde,1962,NA,NA,NA,NA,2025-06-05
CV,CPV,Cabo Verde,1961,NA,NA,NA,NA,2025-06-05
CV,CPV,Cabo Verde,1960,NA,NA,NA,NA,2025-06-05
KH,KHM,Cambodia,2024,NA,NA,NA,NA,2025-06-05
KH,KHM,Cambodia,2023,42335646895.7984,NA,NA,NA,2025-06-05
KH,KHM,Cambodia,2022,39994532959.6074,NA,NA,NA,2025-06-05
KH,KHM,Cambodia,2021,36790163687.4421,NA,NA,NA,2025-06-05
KH,KHM,Cambodia,2020,34818073901.4851,NA,NA,NA,2025-06-05
KH,KHM,Cambodia,2019,36685356407.7206,NA,NA,NA,2025-06-05
KH,KHM,Cambodia,2018,33145892168.8958,NA,NA,NA,2025-06-05
KH,KHM,Cambodia,2017,29355665909.7905,NA,NA,NA,2025-06-05
KH,KHM,Cambodia,2016,26556545153.3573,NA,NA,NA,2025-06-05
KH,KHM,Cambodia,2015,24174170369.0738,NA,NA,NA,2025-06-05
KH,KHM,Cambodia,2014,22041463967.9009,NA,NA,NA,2025-06-05
KH,KHM,Cambodia,2013,19807135252.8649,NA,NA,NA,2025-06-05
KH,KHM,Cambodia,2012,17826536699.8016,NA,NA,NA,2025-06-05
KH,KHM,Cambodia,2011,16032622023.8265,NA,NA,NA,2025-06-05
KH,KHM,Cambodia,2010,13808673288.0696,NA,NA,NA,2025-06-05
KH,KHM,Cambodia,2009,12502901169.7377,NA,NA,NA,2025-06-05
KH,KHM,Cambodia,2008,12174303999.0812,NA,NA,NA,2025-06-05
KH,KHM,Cambodia,2007,10127916459.8983,NA,NA,NA,2025-06-05
KH,KHM,Cambodia,2006,8350531016.65753,NA,NA,NA,2025-06-05
KH,KHM,Cambodia,2005,7066296463.3598,NA,NA,NA,2025-06-05
KH,KHM,Cambodia,2004,5883297159.87352,NA,NA,NA,2025-06-05
KH,KHM,Cambodia,2003,5046693484.31767,NA,NA,NA,2025-06-05
KH,KHM,Cambodia,2002,4501227626.62752,NA,NA,NA,2025-06-05
KH,KHM,Cambodia,2001,4145665969.92864,NA,NA,NA,2025-06-05
KH,KHM,Cambodia,2000,3694168979.32019,NA,NA,NA,2025-06-05
KH,KHM,Cambodia,1999,3517242477.2548,NA,NA,NA,2025-06-05
KH,KHM,Cambodia,1998,3120425502.66241,NA,NA,NA,2025-06-05
KH,KHM,Cambodia,1997,3443413388.65696,NA,NA,NA,2025-06-05
KH,KHM,Cambodia,1996,3506695719.57259,NA,NA,NA,2025-06-05
KH,KHM,Cambodia,1995,3441205692.9166,NA,NA,NA,2025-06-05
KH,KHM,Cambodia,1994,2791435272.26653,NA,NA,NA,2025-06-05
KH,KHM,Cambodia,1993,2533727592.04165,NA,NA,NA,2025-06-05
KH,KHM,Cambodia,1992,2491486594.18917,NA,NA,NA,2025-06-05
KH,KHM,Cambodia,1991,2054974089.3643,NA,NA,NA,2025-06-05
KH,KHM,Cambodia,1990,1402541176.5121,NA,NA,NA,2025-06-05
KH,KHM,Cambodia,1989,1353137647.68304,NA,NA,NA,2025-06-05
KH,KHM,Cambodia,1988,1662877859.22297,NA,NA,NA,2025-06-05
KH,KHM,Cambodia,1987,1036974910.45,NA,NA,NA,2025-06-05
KH,KHM,Cambodia,1986,1167630317.8411,NA,NA,NA,2025-06-05
KH,KHM,Cambodia,1985,1102669184.43812,NA,NA,NA,2025-06-05
KH,KHM,Cambodia,1984,1021176058.63327,NA,NA,NA,2025-06-05
KH,KHM,Cambodia,1983,939291262.100055,NA,NA,NA,2025-06-05
KH,KHM,Cambodia,1982,865516039.800558,NA,NA,NA,2025-06-05
KH,KHM,Cambodia,1981,815153652.415596,NA,NA,NA,2025-06-05
KH,KHM,Cambodia,1980,744384129.707563,NA,NA,NA,2025-06-05
KH,KHM,Cambodia,1979,723738502.67823,NA,NA,NA,2025-06-05
KH,KHM,Cambodia,1978,766642356.138135,NA,NA,NA,2025-06-05
KH,KHM,Cambodia,1977,716261764.498093,NA,NA,NA,2025-06-05
KH,KHM,Cambodia,1976,790357254.540309,NA,NA,NA,2025-06-05
KH,KHM,Cambodia,1975,749129748.150633,NA,NA,NA,2025-06-05
KH,KHM,Cambodia,1974,NA,NA,NA,NA,2025-06-05
KH,KHM,Cambodia,1973,NA,NA,NA,NA,2025-06-05
KH,KHM,Cambodia,1972,NA,NA,NA,NA,2025-06-05
KH,KHM,Cambodia,1971,NA,NA,NA,NA,2025-06-05
KH,KHM,Cambodia,1970,NA,NA,NA,NA,2025-06-05
KH,KHM,Cambodia,1969,NA,NA,NA,NA,2025-06-05
KH,KHM,Cambodia,1968,NA,NA,NA,NA,2025-06-05
KH,KHM,Cambodia,1967,NA,NA,NA,NA,2025-06-05
KH,KHM,Cambodia,1966,NA,NA,NA,NA,2025-06-05
KH,KHM,Cambodia,1965,NA,NA,NA,NA,2025-06-05
KH,KHM,Cambodia,1964,NA,NA,NA,NA,2025-06-05
KH,KHM,Cambodia,1963,NA,NA,NA,NA,2025-06-05
KH,KHM,Cambodia,1962,NA,NA,NA,NA,2025-06-05
KH,KHM,Cambodia,1961,NA,NA,NA,NA,2025-06-05
KH,KHM,Cambodia,1960,NA,NA,NA,NA,2025-06-05
CM,CMR,Cameroon,2024,NA,NA,NA,NA,2025-06-05
CM,CMR,Cameroon,2023,49279410982.826,NA,NA,NA,2025-06-05
CM,CMR,Cameroon,2022,44347206072.5513,NA,NA,NA,2025-06-05
CM,CMR,Cameroon,2021,45011937346.8384,NA,NA,NA,2025-06-05
CM,CMR,Cameroon,2020,40773241177.0505,NA,NA,NA,2025-06-05
CM,CMR,Cameroon,2019,39667757527.6578,NA,NA,NA,2025-06-05
CM,CMR,Cameroon,2018,39955552189.795,NA,NA,NA,2025-06-05
CM,CMR,Cameroon,2017,36098547033.1655,NA,NA,NA,2025-06-05
CM,CMR,Cameroon,2016,33814337044.3765,NA,NA,NA,2025-06-05
CM,CMR,Cameroon,2015,32210233020.4569,NA,NA,NA,2025-06-05
CM,CMR,Cameroon,2014,36386544706.0806,NA,NA,NA,2025-06-05
CM,CMR,Cameroon,2013,33728621180.3231,NA,NA,NA,2025-06-05
CM,CMR,Cameroon,2012,30155062329.2821,NA,NA,NA,2025-06-05
CM,CMR,Cameroon,2011,30630910495.217,NA,NA,NA,2025-06-05
CM,CMR,Cameroon,2010,27507501821.0296,NA,NA,NA,2025-06-05
CM,CMR,Cameroon,2009,27932970317.129,NA,NA,NA,2025-06-05
CM,CMR,Cameroon,2008,27715142032.913,NA,NA,NA,2025-06-05
CM,CMR,Cameroon,2007,23928250433.0378,NA,NA,NA,2025-06-05
CM,CMR,Cameroon,2006,20910512974.933,NA,NA,NA,2025-06-05
CM,CMR,Cameroon,2005,19509852206.9341,NA,NA,NA,2025-06-05
CM,CMR,Cameroon,2004,18826214135.6419,NA,NA,NA,2025-06-05
CM,CMR,Cameroon,2003,15970315034.9903,NA,NA,NA,2025-06-05
CM,CMR,Cameroon,2002,12417251350.4882,NA,NA,NA,2025-06-05
CM,CMR,Cameroon,2001,10953485349.1135,NA,NA,NA,2025-06-05
CM,CMR,Cameroon,2000,10566579294.9831,NA,NA,NA,2025-06-05
CM,CMR,Cameroon,1999,11565826464.8921,NA,NA,NA,2025-06-05
CM,CMR,Cameroon,1998,11298144990.4104,NA,NA,NA,2025-06-05
CM,CMR,Cameroon,1997,10789458432.6416,NA,NA,NA,2025-06-05
CM,CMR,Cameroon,1996,11093538846.4483,NA,NA,NA,2025-06-05
CM,CMR,Cameroon,1995,10864772470.9043,NA,NA,NA,2025-06-05
CM,CMR,Cameroon,1994,8902446252.18372,NA,NA,NA,2025-06-05
CM,CMR,Cameroon,1993,16181814712.5295,NA,NA,NA,2025-06-05
CM,CMR,Cameroon,1992,12071775335.0433,NA,NA,NA,2025-06-05
CM,CMR,Cameroon,1991,11840192296.3893,NA,NA,NA,2025-06-05
CM,CMR,Cameroon,1990,12314482627.8454,NA,NA,NA,2025-06-05
CM,CMR,Cameroon,1989,11012566195.0255,NA,NA,NA,2025-06-05
CM,CMR,Cameroon,1988,12236057362.4917,NA,NA,NA,2025-06-05
CM,CMR,Cameroon,1987,13049659981.1373,NA,NA,NA,2025-06-05
CM,CMR,Cameroon,1986,11857056199.0765,NA,NA,NA,2025-06-05
CM,CMR,Cameroon,1985,8544810497.9889,NA,NA,NA,2025-06-05
CM,CMR,Cameroon,1984,7311938026.36713,NA,NA,NA,2025-06-05
CM,CMR,Cameroon,1983,6870200009.90065,NA,NA,NA,2025-06-05
CM,CMR,Cameroon,1982,6611255963.83584,NA,NA,NA,2025-06-05
CM,CMR,Cameroon,1981,6610938616.6643,NA,NA,NA,2025-06-05
CM,CMR,Cameroon,1980,6674569046.6832,NA,NA,NA,2025-06-05
CM,CMR,Cameroon,1979,5919002982.602,NA,NA,NA,2025-06-05
CM,CMR,Cameroon,1978,4662852583.13256,NA,NA,NA,2025-06-05
CM,CMR,Cameroon,1977,3394664024.05503,NA,NA,NA,2025-06-05
CM,CMR,Cameroon,1976,2898090001.8562,NA,NA,NA,2025-06-05
CM,CMR,Cameroon,1975,2857037371.05886,NA,NA,NA,2025-06-05
CM,CMR,Cameroon,1974,2157415532.54796,NA,NA,NA,2025-06-05
CM,CMR,Cameroon,1973,1901393361.02282,NA,NA,NA,2025-06-05
CM,CMR,Cameroon,1972,1498251889.66287,NA,NA,NA,2025-06-05
CM,CMR,Cameroon,1971,1236941394.11447,NA,NA,NA,2025-06-05
CM,CMR,Cameroon,1970,1151216992.88095,NA,NA,NA,2025-06-05
CM,CMR,Cameroon,1969,1100551488.62689,NA,NA,NA,2025-06-05
CM,CMR,Cameroon,1968,1046191217.79942,NA,NA,NA,2025-06-05
CM,CMR,Cameroon,1967,936175260.030919,NA,NA,NA,2025-06-05
CM,CMR,Cameroon,1966,851112534.552636,NA,NA,NA,2025-06-05
CM,CMR,Cameroon,1965,814083265.511426,NA,NA,NA,2025-06-05
CM,CMR,Cameroon,1964,776650176.904453,NA,NA,NA,2025-06-05
CM,CMR,Cameroon,1963,718320845.044338,NA,NA,NA,2025-06-05
CM,CMR,Cameroon,1962,694247864.3789,NA,NA,NA,2025-06-05
CM,CMR,Cameroon,1961,652777608.320492,NA,NA,NA,2025-06-05
CM,CMR,Cameroon,1960,614206068.497266,NA,NA,NA,2025-06-05
CA,CAN,Canada,2024,NA,NA,NA,NA,2025-06-05
CA,CAN,Canada,2023,2142470914401.36,NA,NA,NA,2025-06-05
CA,CAN,Canada,2022,2161483369422.01,NA,NA,NA,2025-06-05
CA,CAN,Canada,2021,2007472181464.15,NA,NA,NA,2025-06-05
CA,CAN,Canada,2020,1655684730000.19,NA,NA,NA,2025-06-05
CA,CAN,Canada,2019,1743725183672.52,NA,NA,NA,2025-06-05
CA,CAN,Canada,2018,1725329192783.02,NA,NA,NA,2025-06-05
CA,CAN,Canada,2017,1649265644244.09,NA,NA,NA,2025-06-05
CA,CAN,Canada,2016,1527994741907.43,NA,NA,NA,2025-06-05
CA,CAN,Canada,2015,1556508816217.14,NA,NA,NA,2025-06-05
CA,CAN,Canada,2014,1805749878439.94,NA,NA,NA,2025-06-05
CA,CAN,Canada,2013,1846597421834.98,NA,NA,NA,2025-06-05
CA,CAN,Canada,2012,1828366481521.6,NA,NA,NA,2025-06-05
CA,CAN,Canada,2011,1793326630174.52,NA,NA,NA,2025-06-05
CA,CAN,Canada,2010,1617343367486.26,NA,NA,NA,2025-06-05
CA,CAN,Canada,2009,1374625142157.29,NA,NA,NA,2025-06-05
CA,CAN,Canada,2008,1552989690721.65,NA,NA,NA,2025-06-05
CA,CAN,Canada,2007,1468820407783.26,NA,NA,NA,2025-06-05
CA,CAN,Canada,2006,1319264809590.97,NA,NA,NA,2025-06-05
CA,CAN,Canada,2005,1173108598778.68,NA,NA,NA,2025-06-05
CA,CAN,Canada,2004,1026690238278.25,NA,NA,NA,2025-06-05
CA,CAN,Canada,2003,895540646634.787,NA,NA,NA,2025-06-05
CA,CAN,Canada,2002,760649334098.005,NA,NA,NA,2025-06-05
CA,CAN,Canada,2001,738981792355.372,NA,NA,NA,2025-06-05
CA,CAN,Canada,2000,744773415931.587,NA,NA,NA,2025-06-05
CA,CAN,Canada,1999,678412196271.118,NA,NA,NA,2025-06-05
CA,CAN,Canada,1998,634000000000,NA,NA,NA,2025-06-05
CA,CAN,Canada,1997,654986999855.554,NA,NA,NA,2025-06-05
CA,CAN,Canada,1996,630607994132.747,NA,NA,NA,2025-06-05
CA,CAN,Canada,1995,605961090061.207,NA,NA,NA,2025-06-05
CA,CAN,Canada,1994,579944346807.264,NA,NA,NA,2025-06-05
CA,CAN,Canada,1993,579053561739.4,NA,NA,NA,2025-06-05
CA,CAN,Canada,1992,594387358318.855,NA,NA,NA,2025-06-05
CA,CAN,Canada,1991,612527712315.615,NA,NA,NA,2025-06-05
CA,CAN,Canada,1990,596075591360.987,NA,NA,NA,2025-06-05
CA,CAN,Canada,1989,567211993243.243,NA,NA,NA,2025-06-05
CA,CAN,Canada,1988,509380027626.554,NA,NA,NA,2025-06-05
CA,CAN,Canada,1987,433134238310.709,NA,NA,NA,2025-06-05
CA,CAN,Canada,1986,379006836991.724,NA,NA,NA,2025-06-05
CA,CAN,Canada,1985,366186012449.652,NA,NA,NA,2025-06-05
CA,CAN,Canada,1984,356718400123.543,NA,NA,NA,2025-06-05
CA,CAN,Canada,1983,341866277182.733,NA,NA,NA,2025-06-05
CA,CAN,Canada,1982,314647807408.608,NA,NA,NA,2025-06-05
CA,CAN,Canada,1981,307246642755.859,NA,NA,NA,2025-06-05
CA,CAN,Canada,1980,274776566028.053,NA,NA,NA,2025-06-05
CA,CAN,Canada,1979,243891124295.715,NA,NA,NA,2025-06-05
CA,CAN,Canada,1978,219369542386.254,NA,NA,NA,2025-06-05
CA,CAN,Canada,1977,212325176304.654,NA,NA,NA,2025-06-05
CA,CAN,Canada,1976,207271612576.065,NA,NA,NA,2025-06-05
CA,CAN,Canada,1975,174419757176.563,NA,NA,NA,2025-06-05
CA,CAN,Canada,1974,160949188139.059,NA,NA,NA,2025-06-05
CA,CAN,Canada,1973,131764343565.643,NA,NA,NA,2025-06-05
CA,CAN,Canada,1972,113463848873.624,NA,NA,NA,2025-06-05
CA,CAN,Canada,1971,99606454743.5136,NA,NA,NA,2025-06-05
CA,CAN,Canada,1970,88192257632.3093,NA,NA,NA,2025-06-05
CA,CAN,Canada,1969,79405011124.8208,NA,NA,NA,2025-06-05
CA,CAN,Canada,1968,72048833006.1602,NA,NA,NA,2025-06-05
CA,CAN,Canada,1967,65856924423.9721,NA,NA,NA,2025-06-05
CA,CAN,Canada,1966,61252415404.686,NA,NA,NA,2025-06-05
CA,CAN,Canada,1965,54649410478.5226,NA,NA,NA,2025-06-05
CA,CAN,Canada,1964,49503663836.3665,NA,NA,NA,2025-06-05
CA,CAN,Canada,1963,45140337826.9869,NA,NA,NA,2025-06-05
CA,CAN,Canada,1962,42336211555.8268,NA,NA,NA,2025-06-05
CA,CAN,Canada,1961,41038192837.9035,NA,NA,NA,2025-06-05
CA,CAN,Canada,1960,40563768946.9503,NA,NA,NA,2025-06-05
KY,CYM,Cayman Islands,2024,NA,NA,NA,NA,2025-06-05
KY,CYM,Cayman Islands,2023,7139428557.71423,NA,NA,NA,2025-06-05
KY,CYM,Cayman Islands,2022,6600843963.37585,NA,NA,NA,2025-06-05
KY,CYM,Cayman Islands,2021,6060026520.10608,NA,NA,NA,2025-06-05
KY,CYM,Cayman Islands,2020,5655358021.43209,NA,NA,NA,2025-06-05
KY,CYM,Cayman Islands,2019,5941896607.58643,NA,NA,NA,2025-06-05
KY,CYM,Cayman Islands,2018,5530178440.71376,NA,NA,NA,2025-06-05
KY,CYM,Cayman Islands,2017,5166281305.12522,NA,NA,NA,2025-06-05
KY,CYM,Cayman Islands,2016,4909322237.28895,NA,NA,NA,2025-06-05
KY,CYM,Cayman Islands,2015,4708167232.66893,NA,NA,NA,2025-06-05
KY,CYM,Cayman Islands,2014,4562853611.41445,NA,NA,NA,2025-06-05
KY,CYM,Cayman Islands,2013,4405796023.18409,NA,NA,NA,2025-06-05
KY,CYM,Cayman Islands,2012,4291004524.0181,NA,NA,NA,2025-06-05
KY,CYM,Cayman Islands,2011,4186073104.29242,NA,NA,NA,2025-06-05
KY,CYM,Cayman Islands,2010,4156841107.36443,NA,NA,NA,2025-06-05
KY,CYM,Cayman Islands,2009,4281714566.85827,NA,NA,NA,2025-06-05
KY,CYM,Cayman Islands,2008,4585949023.79609,NA,NA,NA,2025-06-05
KY,CYM,Cayman Islands,2007,4466278065.11226,NA,NA,NA,2025-06-05
KY,CYM,Cayman Islands,2006,4200288241.15296,NA,NA,NA,2025-06-05
KY,CYM,Cayman Islands,2005,NA,NA,NA,NA,2025-06-05
KY,CYM,Cayman Islands,2004,NA,NA,NA,NA,2025-06-05
KY,CYM,Cayman Islands,2003,NA,NA,NA,NA,2025-06-05
KY,CYM,Cayman Islands,2002,NA,NA,NA,NA,2025-06-05
KY,CYM,Cayman Islands,2001,NA,NA,NA,NA,2025-06-05
KY,CYM,Cayman Islands,2000,NA,NA,NA,NA,2025-06-05
KY,CYM,Cayman Islands,1999,NA,NA,NA,NA,2025-06-05
KY,CYM,Cayman Islands,1998,NA,NA,NA,NA,2025-06-05
KY,CYM,Cayman Islands,1997,NA,NA,NA,NA,2025-06-05
KY,CYM,Cayman Islands,1996,NA,NA,NA,NA,2025-06-05
KY,CYM,Cayman Islands,1995,NA,NA,NA,NA,2025-06-05
KY,CYM,Cayman Islands,1994,NA,NA,NA,NA,2025-06-05
KY,CYM,Cayman Islands,1993,NA,NA,NA,NA,2025-06-05
KY,CYM,Cayman Islands,1992,NA,NA,NA,NA,2025-06-05
KY,CYM,Cayman Islands,1991,NA,NA,NA,NA,2025-06-05
KY,CYM,Cayman Islands,1990,NA,NA,NA,NA,2025-06-05
KY,CYM,Cayman Islands,1989,NA,NA,NA,NA,2025-06-05
KY,CYM,Cayman Islands,1988,NA,NA,NA,NA,2025-06-05
KY,CYM,Cayman Islands,1987,NA,NA,NA,NA,2025-06-05
KY,CYM,Cayman Islands,1986,NA,NA,NA,NA,2025-06-05
KY,CYM,Cayman Islands,1985,NA,NA,NA,NA,2025-06-05
KY,CYM,Cayman Islands,1984,NA,NA,NA,NA,2025-06-05
KY,CYM,Cayman Islands,1983,NA,NA,NA,NA,2025-06-05
KY,CYM,Cayman Islands,1982,NA,NA,NA,NA,2025-06-05
KY,CYM,Cayman Islands,1981,NA,NA,NA,NA,2025-06-05
KY,CYM,Cayman Islands,1980,NA,NA,NA,NA,2025-06-05
KY,CYM,Cayman Islands,1979,NA,NA,NA,NA,2025-06-05
KY,CYM,Cayman Islands,1978,NA,NA,NA,NA,2025-06-05
KY,CYM,Cayman Islands,1977,NA,NA,NA,NA,2025-06-05
KY,CYM,Cayman Islands,1976,NA,NA,NA,NA,2025-06-05
KY,CYM,Cayman Islands,1975,NA,NA,NA,NA,2025-06-05
KY,CYM,Cayman Islands,1974,NA,NA,NA,NA,2025-06-05
KY,CYM,Cayman Islands,1973,NA,NA,NA,NA,2025-06-05
KY,CYM,Cayman Islands,1972,NA,NA,NA,NA,2025-06-05
KY,CYM,Cayman Islands,1971,NA,NA,NA,NA,2025-06-05
KY,CYM,Cayman Islands,1970,NA,NA,NA,NA,2025-06-05
KY,CYM,Cayman Islands,1969,NA,NA,NA,NA,2025-06-05
KY,CYM,Cayman Islands,1968,NA,NA,NA,NA,2025-06-05
KY,CYM,Cayman Islands,1967,NA,NA,NA,NA,2025-06-05
KY,CYM,Cayman Islands,1966,NA,NA,NA,NA,2025-06-05
KY,CYM,Cayman Islands,1965,NA,NA,NA,NA,2025-06-05
KY,CYM,Cayman Islands,1964,NA,NA,NA,NA,2025-06-05
KY,CYM,Cayman Islands,1963,NA,NA,NA,NA,2025-06-05
KY,CYM,Cayman Islands,1962,NA,NA,NA,NA,2025-06-05
KY,CYM,Cayman Islands,1961,NA,NA,NA,NA,2025-06-05
KY,CYM,Cayman Islands,1960,NA,NA,NA,NA,2025-06-05
CF,CAF,Central African Republic,2024,NA,NA,NA,NA,2025-06-05
CF,CAF,Central African Republic,2023,2555492085.24831,NA,NA,NA,2025-06-05
CF,CAF,Central African Republic,2022,2382618615.01694,NA,NA,NA,2025-06-05
CF,CAF,Central African Republic,2021,2516498412.46384,NA,NA,NA,2025-06-05
CF,CAF,Central African Republic,2020,2326720900.38047,NA,NA,NA,2025-06-05
CF,CAF,Central African Republic,2019,2221301351.43918,NA,NA,NA,2025-06-05
CF,CAF,Central African Republic,2018,2220979146.11241,NA,NA,NA,2025-06-05
CF,CAF,Central African Republic,2017,2072349972.6818,NA,NA,NA,2025-06-05
CF,CAF,Central African Republic,2016,1825018144.65595,NA,NA,NA,2025-06-05
CF,CAF,Central African Republic,2015,1695825714.19282,NA,NA,NA,2025-06-05
CF,CAF,Central African Republic,2014,1894813389.40325,NA,NA,NA,2025-06-05
CF,CAF,Central African Republic,2013,1691544110.18543,NA,NA,NA,2025-06-05
CF,CAF,Central African Republic,2012,2510126512.22831,NA,NA,NA,2025-06-05
CF,CAF,Central African Republic,2011,2437982705.12093,NA,NA,NA,2025-06-05
CF,CAF,Central African Republic,2010,2142591540.40068,NA,NA,NA,2025-06-05
CF,CAF,Central African Republic,2009,2067381665.25454,NA,NA,NA,2025-06-05
CF,CAF,Central African Republic,2008,1993407888.49838,NA,NA,NA,2025-06-05
CF,CAF,Central African Republic,2007,1699811294.94935,NA,NA,NA,2025-06-05
CF,CAF,Central African Republic,2006,1461859762.33459,NA,NA,NA,2025-06-05
CF,CAF,Central African Republic,2005,1337894378.73743,NA,NA,NA,2025-06-05
CF,CAF,Central African Republic,2004,1272360517.32373,NA,NA,NA,2025-06-05
CF,CAF,Central African Republic,2003,1142315522.53864,NA,NA,NA,2025-06-05
CF,CAF,Central African Republic,2002,996068144.884889,NA,NA,NA,2025-06-05
CF,CAF,Central African Republic,2001,932648604.751954,NA,NA,NA,2025-06-05
CF,CAF,Central African Republic,2000,916777282.691659,NA,NA,NA,2025-06-05
CF,CAF,Central African Republic,1999,999477510.686632,NA,NA,NA,2025-06-05
CF,CAF,Central African Republic,1998,967338389.650578,NA,NA,NA,2025-06-05
CF,CAF,Central African Republic,1997,937741513.015352,NA,NA,NA,2025-06-05
CF,CAF,Central African Republic,1996,1007791127.09913,NA,NA,NA,2025-06-05
CF,CAF,Central African Republic,1995,1115389673.69197,NA,NA,NA,2025-06-05
CF,CAF,Central African Republic,1994,851174356.781737,NA,NA,NA,2025-06-05
CF,CAF,Central African Republic,1993,1278781261.55928,NA,NA,NA,2025-06-05
CF,CAF,Central African Republic,1992,1411917553.12436,NA,NA,NA,2025-06-05
CF,CAF,Central African Republic,1991,1377374986.58709,NA,NA,NA,2025-06-05
CF,CAF,Central African Republic,1990,1440711459.16967,NA,NA,NA,2025-06-05
CF,CAF,Central African Republic,1989,1233930280.91724,NA,NA,NA,2025-06-05
CF,CAF,Central African Republic,1988,1264899287.51261,NA,NA,NA,2025-06-05
CF,CAF,Central African Republic,1987,1200991977.80801,NA,NA,NA,2025-06-05
CF,CAF,Central African Republic,1986,1122265013.42004,NA,NA,NA,2025-06-05
CF,CAF,Central African Republic,1985,864849836.286193,NA,NA,NA,2025-06-05
CF,CAF,Central African Republic,1984,637820670.299604,NA,NA,NA,2025-06-05
CF,CAF,Central African Republic,1983,658679332.681331,NA,NA,NA,2025-06-05
CF,CAF,Central African Republic,1982,748312390.756606,NA,NA,NA,2025-06-05
CF,CAF,Central African Republic,1981,694803622.898966,NA,NA,NA,2025-06-05
CF,CAF,Central African Republic,1980,797048198.534875,NA,NA,NA,2025-06-05
CF,CAF,Central African Republic,1979,700764747.756462,NA,NA,NA,2025-06-05
CF,CAF,Central African Republic,1978,610578631.992983,NA,NA,NA,2025-06-05
CF,CAF,Central African Republic,1977,507298147.526539,NA,NA,NA,2025-06-05
CF,CAF,Central African Republic,1976,451152461.31276,NA,NA,NA,2025-06-05
CF,CAF,Central African Republic,1975,378660016.265936,NA,NA,NA,2025-06-05
CF,CAF,Central African Republic,1974,281398705.570596,NA,NA,NA,2025-06-05
CF,CAF,Central African Republic,1973,271183082.043062,NA,NA,NA,2025-06-05
CF,CAF,Central African Republic,1972,230317883.36443,NA,NA,NA,2025-06-05
CF,CAF,Central African Republic,1971,201450799.82635,NA,NA,NA,2025-06-05
CF,CAF,Central African Republic,1970,189106529.207011,NA,NA,NA,2025-06-05
CF,CAF,Central African Republic,1969,188039210.130379,NA,NA,NA,2025-06-05
CF,CAF,Central African Republic,1968,191767441.604577,NA,NA,NA,2025-06-05
CF,CAF,Central African Republic,1967,163820513.562432,NA,NA,NA,2025-06-05
CF,CAF,Central African Republic,1966,157930018.091087,NA,NA,NA,2025-06-05
CF,CAF,Central African Republic,1965,150574795.409863,NA,NA,NA,2025-06-05
CF,CAF,Central African Republic,1964,142025078.735754,NA,NA,NA,2025-06-05
CF,CAF,Central African Republic,1963,129379123.76305,NA,NA,NA,2025-06-05
CF,CAF,Central African Republic,1962,124482773.83306,NA,NA,NA,2025-06-05
CF,CAF,Central African Republic,1961,123134583.463559,NA,NA,NA,2025-06-05
CF,CAF,Central African Republic,1960,112155598.492157,NA,NA,NA,2025-06-05
TD,TCD,Chad,2024,NA,NA,NA,NA,2025-06-05
TD,TCD,Chad,2023,13149325362.3347,NA,NA,NA,2025-06-05
TD,TCD,Chad,2022,12396807588.4082,NA,NA,NA,2025-06-05
TD,TCD,Chad,2021,11779981332.8631,NA,NA,NA,2025-06-05
TD,TCD,Chad,2020,10715396042.3343,NA,NA,NA,2025-06-05
TD,TCD,Chad,2019,11314951091.7283,NA,NA,NA,2025-06-05
TD,TCD,Chad,2018,11239167898.3395,NA,NA,NA,2025-06-05
TD,TCD,Chad,2017,10000394381.0177,NA,NA,NA,2025-06-05
TD,TCD,Chad,2016,10097778098.1707,NA,NA,NA,2025-06-05
TD,TCD,Chad,2015,10950392256.9543,NA,NA,NA,2025-06-05
TD,TCD,Chad,2014,13940767218.5849,NA,NA,NA,2025-06-05
TD,TCD,Chad,2013,12953534866.4286,NA,NA,NA,2025-06-05
TD,TCD,Chad,2012,12367362757.1342,NA,NA,NA,2025-06-05
TD,TCD,Chad,2011,12172308851.0395,NA,NA,NA,2025-06-05
TD,TCD,Chad,2010,10668103554.1192,NA,NA,NA,2025-06-05
TD,TCD,Chad,2009,9290728318.98821,NA,NA,NA,2025-06-05
TD,TCD,Chad,2008,10393833765.3651,NA,NA,NA,2025-06-05
TD,TCD,Chad,2007,8650137743.32547,NA,NA,NA,2025-06-05
TD,TCD,Chad,2006,7428701453.91509,NA,NA,NA,2025-06-05
TD,TCD,Chad,2005,6649307523.64377,NA,NA,NA,2025-06-05
TD,TCD,Chad,2004,4422855660.82592,NA,NA,NA,2025-06-05
TD,TCD,Chad,2003,2742815071.5744,NA,NA,NA,2025-06-05
TD,TCD,Chad,2002,1997005708.81576,NA,NA,NA,2025-06-05
TD,TCD,Chad,2001,1710843377.00119,NA,NA,NA,2025-06-05
TD,TCD,Chad,2000,1388506771.58756,NA,NA,NA,2025-06-05
TD,TCD,Chad,1999,1534673583.2487,NA,NA,NA,2025-06-05
TD,TCD,Chad,1998,1744794531.21401,NA,NA,NA,2025-06-05
TD,TCD,Chad,1997,1544689576.92712,NA,NA,NA,2025-06-05
TD,TCD,Chad,1996,1607345355.78298,NA,NA,NA,2025-06-05
TD,TCD,Chad,1995,1445919894.57661,NA,NA,NA,2025-06-05
TD,TCD,Chad,1994,1179837963.22213,NA,NA,NA,2025-06-05
TD,TCD,Chad,1993,1463251163.9188,NA,NA,NA,2025-06-05
TD,TCD,Chad,1992,1881847669.69794,NA,NA,NA,2025-06-05
TD,TCD,Chad,1991,1877137981.75712,NA,NA,NA,2025-06-05
TD,TCD,Chad,1990,1738605557.76313,NA,NA,NA,2025-06-05
TD,TCD,Chad,1989,1433686312.02914,NA,NA,NA,2025-06-05
TD,TCD,Chad,1988,1482597297.98821,NA,NA,NA,2025-06-05
TD,TCD,Chad,1987,1163426852.20442,NA,NA,NA,2025-06-05
TD,TCD,Chad,1986,1067828245.86207,NA,NA,NA,2025-06-05
TD,TCD,Chad,1985,1033069709.3319,NA,NA,NA,2025-06-05
TD,TCD,Chad,1984,919103734.876996,NA,NA,NA,2025-06-05
TD,TCD,Chad,1983,832415806.010064,NA,NA,NA,2025-06-05
TD,TCD,Chad,1982,834369859.663018,NA,NA,NA,2025-06-05
TD,TCD,Chad,1981,876937558.273757,NA,NA,NA,2025-06-05
TD,TCD,Chad,1980,1033002403.85304,NA,NA,NA,2025-06-05
TD,TCD,Chad,1979,1004316496.35051,NA,NA,NA,2025-06-05
TD,TCD,Chad,1978,1113920123.76723,NA,NA,NA,2025-06-05
TD,TCD,Chad,1977,935360464.701341,NA,NA,NA,2025-06-05
TD,TCD,Chad,1976,866044962.016274,NA,NA,NA,2025-06-05
TD,TCD,Chad,1975,864602104.679653,NA,NA,NA,2025-06-05
TD,TCD,Chad,1974,652532795.084805,NA,NA,NA,2025-06-05
TD,TCD,Chad,1973,647199482.982537,NA,NA,NA,2025-06-05
TD,TCD,Chad,1972,585427546.798272,NA,NA,NA,2025-06-05
TD,TCD,Chad,1971,501866730.148987,NA,NA,NA,2025-06-05
TD,TCD,Chad,1970,469266736.650677,NA,NA,NA,2025-06-05
TD,TCD,Chad,1969,471635621.561599,NA,NA,NA,2025-06-05
TD,TCD,Chad,1968,453980096.208711,NA,NA,NA,2025-06-05
TD,TCD,Chad,1967,449826322.613453,NA,NA,NA,2025-06-05
TD,TCD,Chad,1966,432794921.680489,NA,NA,NA,2025-06-05
TD,TCD,Chad,1965,416926303.316872,NA,NA,NA,2025-06-05
TD,TCD,Chad,1964,392247517.728482,NA,NA,NA,2025-06-05
TD,TCD,Chad,1963,371767002.194886,NA,NA,NA,2025-06-05
TD,TCD,Chad,1962,357635713.41932,NA,NA,NA,2025-06-05
TD,TCD,Chad,1961,333975336.110722,NA,NA,NA,2025-06-05
TD,TCD,Chad,1960,313582728.147574,NA,NA,NA,2025-06-05
JG,CHI,Channel Islands,2024,NA,NA,NA,NA,2025-06-05
JG,CHI,Channel Islands,2023,12507927144.1342,NA,NA,NA,2025-06-05
JG,CHI,Channel Islands,2022,11308300346.3725,NA,NA,NA,2025-06-05
JG,CHI,Channel Islands,2021,11157002972.5829,NA,NA,NA,2025-06-05
JG,CHI,Channel Islands,2020,9439810775.67214,NA,NA,NA,2025-06-05
JG,CHI,Channel Islands,2019,10032440928.3488,NA,NA,NA,2025-06-05
JG,CHI,Channel Islands,2018,10026153344.8196,NA,NA,NA,2025-06-05
JG,CHI,Channel Islands,2017,9170079925.78986,NA,NA,NA,2025-06-05
JG,CHI,Channel Islands,2016,9169278192.53124,NA,NA,NA,2025-06-05
JG,CHI,Channel Islands,2015,10109968846.9524,NA,NA,NA,2025-06-05
JG,CHI,Channel Islands,2014,10528493035.477,NA,NA,NA,2025-06-05
JG,CHI,Channel Islands,2013,9594160920.26187,NA,NA,NA,2025-06-05
JG,CHI,Channel Islands,2012,9455340154.1218,NA,NA,NA,2025-06-05
JG,CHI,Channel Islands,2011,9649313947.21684,NA,NA,NA,2025-06-05
JG,CHI,Channel Islands,2010,8902070446.19007,NA,NA,NA,2025-06-05
JG,CHI,Channel Islands,2009,9100755659.57526,NA,NA,NA,2025-06-05
JG,CHI,Channel Islands,2008,NA,NA,NA,NA,2025-06-05
JG,CHI,Channel Islands,2007,11514605842.3369,NA,NA,NA,2025-06-05
JG,CHI,Channel Islands,2006,9676172953.08188,NA,NA,NA,2025-06-05
JG,CHI,Channel Islands,2005,8827272727.27273,NA,NA,NA,2025-06-05
JG,CHI,Channel Islands,2004,8553643354.08275,NA,NA,NA,2025-06-05
JG,CHI,Channel Islands,2003,7332244897.95918,NA,NA,NA,2025-06-05
JG,CHI,Channel Islands,2002,6663669064.7482,NA,NA,NA,2025-06-05
JG,CHI,Channel Islands,2001,6232906290.4851,NA,NA,NA,2025-06-05
JG,CHI,Channel Islands,2000,6439703434.71024,NA,NA,NA,2025-06-05
JG,CHI,Channel Islands,1999,6262740656.85164,NA,NA,NA,2025-06-05
JG,CHI,Channel Islands,1998,5945677376.61477,NA,NA,NA,2025-06-05
JG,CHI,Channel Islands,1997,NA,NA,NA,NA,2025-06-05
JG,CHI,Channel Islands,1996,NA,NA,NA,NA,2025-06-05
JG,CHI,Channel Islands,1995,NA,NA,NA,NA,2025-06-05
JG,CHI,Channel Islands,1994,NA,NA,NA,NA,2025-06-05
JG,CHI,Channel Islands,1993,NA,NA,NA,NA,2025-06-05
JG,CHI,Channel Islands,1992,NA,NA,NA,NA,2025-06-05
JG,CHI,Channel Islands,1991,NA,NA,NA,NA,2025-06-05
JG,CHI,Channel Islands,1990,NA,NA,NA,NA,2025-06-05
JG,CHI,Channel Islands,1989,NA,NA,NA,NA,2025-06-05
JG,CHI,Channel Islands,1988,NA,NA,NA,NA,2025-06-05
JG,CHI,Channel Islands,1987,NA,NA,NA,NA,2025-06-05
JG,CHI,Channel Islands,1986,NA,NA,NA,NA,2025-06-05
JG,CHI,Channel Islands,1985,NA,NA,NA,NA,2025-06-05
JG,CHI,Channel Islands,1984,NA,NA,NA,NA,2025-06-05
JG,CHI,Channel Islands,1983,NA,NA,NA,NA,2025-06-05
JG,CHI,Channel Islands,1982,NA,NA,NA,NA,2025-06-05
JG,CHI,Channel Islands,1981,NA,NA,NA,NA,2025-06-05
JG,CHI,Channel Islands,1980,NA,NA,NA,NA,2025-06-05
JG,CHI,Channel Islands,1979,NA,NA,NA,NA,2025-06-05
JG,CHI,Channel Islands,1978,NA,NA,NA,NA,2025-06-05
JG,CHI,Channel Islands,1977,NA,NA,NA,NA,2025-06-05
JG,CHI,Channel Islands,1976,NA,NA,NA,NA,2025-06-05
JG,CHI,Channel Islands,1975,NA,NA,NA,NA,2025-06-05
JG,CHI,Channel Islands,1974,NA,NA,NA,NA,2025-06-05
JG,CHI,Channel Islands,1973,NA,NA,NA,NA,2025-06-05
JG,CHI,Channel Islands,1972,NA,NA,NA,NA,2025-06-05
JG,CHI,Channel Islands,1971,NA,NA,NA,NA,2025-06-05
JG,CHI,Channel Islands,1970,NA,NA,NA,NA,2025-06-05
JG,CHI,Channel Islands,1969,NA,NA,NA,NA,2025-06-05
JG,CHI,Channel Islands,1968,NA,NA,NA,NA,2025-06-05
JG,CHI,Channel Islands,1967,NA,NA,NA,NA,2025-06-05
JG,CHI,Channel Islands,1966,NA,NA,NA,NA,2025-06-05
JG,CHI,Channel Islands,1965,NA,NA,NA,NA,2025-06-05
JG,CHI,Channel Islands,1964,NA,NA,NA,NA,2025-06-05
JG,CHI,Channel Islands,1963,NA,NA,NA,NA,2025-06-05
JG,CHI,Channel Islands,1962,NA,NA,NA,NA,2025-06-05
JG,CHI,Channel Islands,1961,NA,NA,NA,NA,2025-06-05
JG,CHI,Channel Islands,1960,NA,NA,NA,NA,2025-06-05
CL,CHL,Chile,2024,NA,NA,NA,NA,2025-06-05
CL,CHL,Chile,2023,335533331669.219,NA,NA,NA,2025-06-05
CL,CHL,Chile,2022,302116539409.03,NA,NA,NA,2025-06-05
CL,CHL,Chile,2021,315515014838.539,NA,NA,NA,2025-06-05
CL,CHL,Chile,2020,254042159309.311,NA,NA,NA,2025-06-05
CL,CHL,Chile,2019,278285058719.466,NA,NA,NA,2025-06-05
CL,CHL,Chile,2018,295857562991.709,NA,NA,NA,2025-06-05
CL,CHL,Chile,2017,276154259987.103,NA,NA,NA,2025-06-05
CL,CHL,Chile,2016,249344863933.461,NA,NA,NA,2025-06-05
CL,CHL,Chile,2015,242450355827.827,NA,NA,NA,2025-06-05
CL,CHL,Chile,2014,259560978231.552,NA,NA,NA,2025-06-05
CL,CHL,Chile,2013,277395018837.366,NA,NA,NA,2025-06-05
CL,CHL,Chile,2012,267024782480.28,NA,NA,NA,2025-06-05
CL,CHL,Chile,2011,251382573885.594,NA,NA,NA,2025-06-05
CL,CHL,Chile,2010,217051209240.298,NA,NA,NA,2025-06-05
CL,CHL,Chile,2009,171777900623.177,NA,NA,NA,2025-06-05
CL,CHL,Chile,2008,179894594475.98,NA,NA,NA,2025-06-05
CL,CHL,Chile,2007,172491076033.863,NA,NA,NA,2025-06-05
CL,CHL,Chile,2006,153843518171.43,NA,NA,NA,2025-06-05
CL,CHL,Chile,2005,122294145162.835,NA,NA,NA,2025-06-05
CL,CHL,Chile,2004,99075985773.176,NA,NA,NA,2025-06-05
CL,CHL,Chile,2003,76492579644.0605,NA,NA,NA,2025-06-05
CL,CHL,Chile,2002,70264045939.1322,NA,NA,NA,2025-06-05
CL,CHL,Chile,2001,71574739561.4329,NA,NA,NA,2025-06-05
CL,CHL,Chile,2000,78339750721.7352,NA,NA,NA,2025-06-05
CL,CHL,Chile,1999,75578685735.5219,NA,NA,NA,2025-06-05
CL,CHL,Chile,1998,81990010703.843,NA,NA,NA,2025-06-05
CL,CHL,Chile,1997,85741415285.4035,NA,NA,NA,2025-06-05
CL,CHL,Chile,1996,78584098982.9097,NA,NA,NA,2025-06-05
CL,CHL,Chile,1995,73444831671.0169,NA,NA,NA,2025-06-05
CL,CHL,Chile,1994,56998601183.5492,NA,NA,NA,2025-06-05
CL,CHL,Chile,1993,49287378599.1612,NA,NA,NA,2025-06-05
CL,CHL,Chile,1992,45949608551.8086,NA,NA,NA,2025-06-05
CL,CHL,Chile,1991,37846188228.2702,NA,NA,NA,2025-06-05
CL,CHL,Chile,1990,33137824762.0173,NA,NA,NA,2025-06-05
CL,CHL,Chile,1989,29936735491.4427,NA,NA,NA,2025-06-05
CL,CHL,Chile,1988,26042571615.5987,NA,NA,NA,2025-06-05
CL,CHL,Chile,1987,22250729666.7937,NA,NA,NA,2025-06-05
CL,CHL,Chile,1986,18897110625.5242,NA,NA,NA,2025-06-05
CL,CHL,Chile,1985,17717662227.8036,NA,NA,NA,2025-06-05
CL,CHL,Chile,1984,19671768024.4581,NA,NA,NA,2025-06-05
CL,CHL,Chile,1983,20362016672.278,NA,NA,NA,2025-06-05
CL,CHL,Chile,1982,19529291464.7274,NA,NA,NA,2025-06-05
CL,CHL,Chile,1981,34509878043.5897,NA,NA,NA,2025-06-05
CL,CHL,Chile,1980,29036709871.7949,NA,NA,NA,2025-06-05
CL,CHL,Chile,1979,21806136345.5074,NA,NA,NA,2025-06-05
CL,CHL,Chile,1978,15992038535.2046,NA,NA,NA,2025-06-05
CL,CHL,Chile,1977,13965595122.3247,NA,NA,NA,2025-06-05
CL,CHL,Chile,1976,10338624019.4415,NA,NA,NA,2025-06-05
CL,CHL,Chile,1975,7621570062.17598,NA,NA,NA,2025-06-05
CL,CHL,Chile,1974,16209693232.0782,NA,NA,NA,2025-06-05
CL,CHL,Chile,1973,16826390943.8597,NA,NA,NA,2025-06-05
CL,CHL,Chile,1972,11833904487.641,NA,NA,NA,2025-06-05
CL,CHL,Chile,1971,10876091407.9777,NA,NA,NA,2025-06-05
CL,CHL,Chile,1970,9144112431.28214,NA,NA,NA,2025-06-05
CL,CHL,Chile,1969,8359596194.01253,NA,NA,NA,2025-06-05
CL,CHL,Chile,1968,7192102966.84119,NA,NA,NA,2025-06-05
CL,CHL,Chile,1967,7057478295.18548,NA,NA,NA,2025-06-05
CL,CHL,Chile,1966,7162633082.31628,NA,NA,NA,2025-06-05
CL,CHL,Chile,1965,6108679125.7523,NA,NA,NA,2025-06-05
CL,CHL,Chile,1964,5964195925.4443,NA,NA,NA,2025-06-05
CL,CHL,Chile,1963,5591307028.36005,NA,NA,NA,2025-06-05
CL,CHL,Chile,1962,5631285444.2344,NA,NA,NA,2025-06-05
CL,CHL,Chile,1961,4829238095.2381,NA,NA,NA,2025-06-05
CL,CHL,Chile,1960,4110000000,NA,NA,NA,2025-06-05
CN,CHN,China,2024,NA,NA,NA,NA,2025-06-05
CN,CHN,China,2023,17794783039552,NA,NA,NA,2025-06-05
CN,CHN,China,2022,17881782683707.3,NA,NA,NA,2025-06-05
CN,CHN,China,2021,17820459508852.2,NA,NA,NA,2025-06-05
CN,CHN,China,2020,14687744162801,NA,NA,NA,2025-06-05
CN,CHN,China,2019,14279968506271.7,NA,NA,NA,2025-06-05
CN,CHN,China,2018,13894907857880.6,NA,NA,NA,2025-06-05
CN,CHN,China,2017,12310491333980.9,NA,NA,NA,2025-06-05
CN,CHN,China,2016,11233313730348.7,NA,NA,NA,2025-06-05
CN,CHN,China,2015,11061572618578.7,NA,NA,NA,2025-06-05
CN,CHN,China,2014,10475624944355.2,NA,NA,NA,2025-06-05
CN,CHN,China,2013,9570471111831.68,NA,NA,NA,2025-06-05
CN,CHN,China,2012,8532185381680.59,NA,NA,NA,2025-06-05
CN,CHN,China,2011,7551545703440.75,NA,NA,NA,2025-06-05
CN,CHN,China,2010,6087191746679.49,NA,NA,NA,2025-06-05
CN,CHN,China,2009,5101691124285.21,NA,NA,NA,2025-06-05
CN,CHN,China,2008,4594336785737.67,NA,NA,NA,2025-06-05
CN,CHN,China,2007,3550327802998.4,NA,NA,NA,2025-06-05
CN,CHN,China,2006,2752118657184.02,NA,NA,NA,2025-06-05
CN,CHN,China,2005,2285961149879.85,NA,NA,NA,2025-06-05
CN,CHN,China,2004,1955346768721.39,NA,NA,NA,2025-06-05
CN,CHN,China,2003,1660280543846.79,NA,NA,NA,2025-06-05
CN,CHN,China,2002,1470557654799.95,NA,NA,NA,2025-06-05
CN,CHN,China,2001,1339400897105.11,NA,NA,NA,2025-06-05
CN,CHN,China,2000,1211331651866.09,NA,NA,NA,2025-06-05
CN,CHN,China,1999,1094003874937.34,NA,NA,NA,2025-06-05
CN,CHN,China,1998,1029060747620.65,NA,NA,NA,2025-06-05
CN,CHN,China,1997,961601980984.623,NA,NA,NA,2025-06-05
CN,CHN,China,1996,863749314718.538,NA,NA,NA,2025-06-05
CN,CHN,China,1995,734484834573.582,NA,NA,NA,2025-06-05
CN,CHN,China,1994,564321854521.013,NA,NA,NA,2025-06-05
CN,CHN,China,1993,444731282435.515,NA,NA,NA,2025-06-05
CN,CHN,China,1992,426915712715.856,NA,NA,NA,2025-06-05
CN,CHN,China,1991,383373318083.624,NA,NA,NA,2025-06-05
CN,CHN,China,1990,360857912565.966,NA,NA,NA,2025-06-05
CN,CHN,China,1989,347768051311.741,NA,NA,NA,2025-06-05
CN,CHN,China,1988,312353631207.819,NA,NA,NA,2025-06-05
CN,CHN,China,1987,272972974764.574,NA,NA,NA,2025-06-05
CN,CHN,China,1986,300758100107.246,NA,NA,NA,2025-06-05
CN,CHN,China,1985,309488028132.653,NA,NA,NA,2025-06-05
CN,CHN,China,1984,259946510957.143,NA,NA,NA,2025-06-05
CN,CHN,China,1983,230686747153.257,NA,NA,NA,2025-06-05
CN,CHN,China,1982,205089699858.779,NA,NA,NA,2025-06-05
CN,CHN,China,1981,195866382432.54,NA,NA,NA,2025-06-05
CN,CHN,China,1980,191149211575,NA,NA,NA,2025-06-05
CN,CHN,China,1979,178280594413.043,NA,NA,NA,2025-06-05
CN,CHN,China,1978,149540752829.268,NA,NA,NA,2025-06-05
CN,CHN,China,1977,174935933078.663,NA,NA,NA,2025-06-05
CN,CHN,China,1976,153939265947.775,NA,NA,NA,2025-06-05
CN,CHN,China,1975,163429530659.638,NA,NA,NA,2025-06-05
CN,CHN,China,1974,144188970821.072,NA,NA,NA,2025-06-05
CN,CHN,China,1973,138543170458.064,NA,NA,NA,2025-06-05
CN,CHN,China,1972,113689308020.343,NA,NA,NA,2025-06-05
CN,CHN,China,1971,99800593790.9886,NA,NA,NA,2025-06-05
CN,CHN,China,1970,92602634891.6589,NA,NA,NA,2025-06-05
CN,CHN,China,1969,79705614854.7674,NA,NA,NA,2025-06-05
CN,CHN,China,1968,70846276051.4727,NA,NA,NA,2025-06-05
CN,CHN,China,1967,72881364882.4909,NA,NA,NA,2025-06-05
CN,CHN,China,1966,76720005491.8964,NA,NA,NA,2025-06-05
CN,CHN,China,1965,70436008642.4251,NA,NA,NA,2025-06-05
CN,CHN,China,1964,59708125203.8643,NA,NA,NA,2025-06-05
CN,CHN,China,1963,50706614526.1472,NA,NA,NA,2025-06-05
CN,CHN,China,1962,47209186415.3555,NA,NA,NA,2025-06-05
CN,CHN,China,1961,50056685957.359,NA,NA,NA,2025-06-05
CN,CHN,China,1960,59716249310.9742,NA,NA,NA,2025-06-05
CO,COL,Colombia,2024,NA,NA,NA,NA,2025-06-05
CO,COL,Colombia,2023,363493841244.303,NA,NA,NA,2025-06-05
CO,COL,Colombia,2022,345329875078.512,NA,NA,NA,2025-06-05
CO,COL,Colombia,2021,318524633225.395,NA,NA,NA,2025-06-05
CO,COL,Colombia,2020,270348342541.465,NA,NA,NA,2025-06-05
CO,COL,Colombia,2019,323031701192.84,NA,NA,NA,2025-06-05
CO,COL,Colombia,2018,334198218098.276,NA,NA,NA,2025-06-05
CO,COL,Colombia,2017,311866875156.879,NA,NA,NA,2025-06-05
CO,COL,Colombia,2016,282720100286.228,NA,NA,NA,2025-06-05
CO,COL,Colombia,2015,293492370193.166,NA,NA,NA,2025-06-05
CO,COL,Colombia,2014,381240864422.407,NA,NA,NA,2025-06-05
CO,COL,Colombia,2013,382093697077.685,NA,NA,NA,2025-06-05
CO,COL,Colombia,2012,370691143018.039,NA,NA,NA,2025-06-05
CO,COL,Colombia,2011,334966134804.887,NA,NA,NA,2025-06-05
CO,COL,Colombia,2010,286498534094.963,NA,NA,NA,2025-06-05
CO,COL,Colombia,2009,232468663109.595,NA,NA,NA,2025-06-05
CO,COL,Colombia,2008,242504150472.931,NA,NA,NA,2025-06-05
CO,COL,Colombia,2007,206229540926.312,NA,NA,NA,2025-06-05
CO,COL,Colombia,2006,161792958904.864,NA,NA,NA,2025-06-05
CO,COL,Colombia,2005,145600529605.803,NA,NA,NA,2025-06-05
CO,COL,Colombia,2004,117092416666.245,NA,NA,NA,2025-06-05
CO,COL,Colombia,2003,94644969157.0987,NA,NA,NA,2025-06-05
CO,COL,Colombia,2002,97945812802.8882,NA,NA,NA,2025-06-05
CO,COL,Colombia,2001,98200641203.3892,NA,NA,NA,2025-06-05
CO,COL,Colombia,2000,99875074951.0278,NA,NA,NA,2025-06-05
CO,COL,Colombia,1999,86278947636.962,NA,NA,NA,2025-06-05
CO,COL,Colombia,1998,98486358581.1639,NA,NA,NA,2025-06-05
CO,COL,Colombia,1997,106656492293.614,NA,NA,NA,2025-06-05
CO,COL,Colombia,1996,97153389010.9466,NA,NA,NA,2025-06-05
CO,COL,Colombia,1995,92495970511.3951,NA,NA,NA,2025-06-05
CO,COL,Colombia,1994,81705497616.5703,NA,NA,NA,2025-06-05
CO,COL,Colombia,1993,66474101301.1759,NA,NA,NA,2025-06-05
CO,COL,Colombia,1992,58394443377.5416,NA,NA,NA,2025-06-05
CO,COL,Colombia,1991,49637993948.8402,NA,NA,NA,2025-06-05
CO,COL,Colombia,1990,47844090709.9908,NA,NA,NA,2025-06-05
CO,COL,Colombia,1989,39540080200.3938,NA,NA,NA,2025-06-05
CO,COL,Colombia,1988,39212550050.4223,NA,NA,NA,2025-06-05
CO,COL,Colombia,1987,36373307085.0887,NA,NA,NA,2025-06-05
CO,COL,Colombia,1986,34942489683.9712,NA,NA,NA,2025-06-05
CO,COL,Colombia,1985,34894419443.4881,NA,NA,NA,2025-06-05
CO,COL,Colombia,1984,38253120737.9671,NA,NA,NA,2025-06-05
CO,COL,Colombia,1983,38729822781.5997,NA,NA,NA,2025-06-05
CO,COL,Colombia,1982,38968039721.748,NA,NA,NA,2025-06-05
CO,COL,Colombia,1981,36388366869.0309,NA,NA,NA,2025-06-05
CO,COL,Colombia,1980,33400735644.0481,NA,NA,NA,2025-06-05
CO,COL,Colombia,1979,27940411250.2732,NA,NA,NA,2025-06-05
CO,COL,Colombia,1978,23263511958.0509,NA,NA,NA,2025-06-05
CO,COL,Colombia,1977,19470960619.1297,NA,NA,NA,2025-06-05
CO,COL,Colombia,1976,15341403660.4698,NA,NA,NA,2025-06-05
CO,COL,Colombia,1975,13098633901.8673,NA,NA,NA,2025-06-05
CO,COL,Colombia,1974,12370029583.6419,NA,NA,NA,2025-06-05
CO,COL,Colombia,1973,10315760000.3394,NA,NA,NA,2025-06-05
CO,COL,Colombia,1972,8671358732.68486,NA,NA,NA,2025-06-05
CO,COL,Colombia,1971,7820380970.53674,NA,NA,NA,2025-06-05
CO,COL,Colombia,1970,7198360460.19887,NA,NA,NA,2025-06-05
CO,COL,Colombia,1969,6450175213.74923,NA,NA,NA,2025-06-05
CO,COL,Colombia,1968,5960212869.12968,NA,NA,NA,2025-06-05
CO,COL,Colombia,1967,5825170438.48704,NA,NA,NA,2025-06-05
CO,COL,Colombia,1966,5428518518.51852,NA,NA,NA,2025-06-05
CO,COL,Colombia,1965,5760761904.7619,NA,NA,NA,2025-06-05
CO,COL,Colombia,1964,5973366666.66667,NA,NA,NA,2025-06-05
CO,COL,Colombia,1963,4836166666.66667,NA,NA,NA,2025-06-05
CO,COL,Colombia,1962,4955538218.81618,NA,NA,NA,2025-06-05
CO,COL,Colombia,1961,4540447761.19403,NA,NA,NA,2025-06-05
CO,COL,Colombia,1960,4031152976.63904,NA,NA,NA,2025-06-05
KM,COM,Comoros,2024,NA,NA,NA,NA,2025-06-05
KM,COM,Comoros,2023,1352380971.24055,NA,NA,NA,2025-06-05
KM,COM,Comoros,2022,1242519407.77603,NA,NA,NA,2025-06-05
KM,COM,Comoros,2021,1296089479.91978,NA,NA,NA,2025-06-05
KM,COM,Comoros,2020,1225039196.61091,NA,NA,NA,2025-06-05
KM,COM,Comoros,2019,1195019531.9011,NA,NA,NA,2025-06-05
KM,COM,Comoros,2018,1188797449.38584,NA,NA,NA,2025-06-05
KM,COM,Comoros,2017,1077439756.59451,NA,NA,NA,2025-06-05
KM,COM,Comoros,2016,1012835493.19325,NA,NA,NA,2025-06-05
KM,COM,Comoros,2015,966029600.862227,NA,NA,NA,2025-06-05
KM,COM,Comoros,2014,1149587661.00693,NA,NA,NA,2025-06-05
KM,COM,Comoros,2013,1116224106.83728,NA,NA,NA,2025-06-05
KM,COM,Comoros,2012,1015843490.82374,NA,NA,NA,2025-06-05
KM,COM,Comoros,2011,1023086273.53336,NA,NA,NA,2025-06-05
KM,COM,Comoros,2010,907978730.887844,NA,NA,NA,2025-06-05
KM,COM,Comoros,2009,905341172.70583,NA,NA,NA,2025-06-05
KM,COM,Comoros,2008,915659107.965823,NA,NA,NA,2025-06-05
KM,COM,Comoros,2007,795673152.867077,NA,NA,NA,2025-06-05
KM,COM,Comoros,2006,698431793.872776,NA,NA,NA,2025-06-05
KM,COM,Comoros,2005,653845169.168576,NA,NA,NA,2025-06-05
KM,COM,Comoros,2004,633706110.795614,NA,NA,NA,2025-06-05
KM,COM,Comoros,2003,546885222.713065,NA,NA,NA,2025-06-05
KM,COM,Comoros,2002,425964681.044378,NA,NA,NA,2025-06-05
KM,COM,Comoros,2001,378512024.077556,NA,NA,NA,2025-06-05
KM,COM,Comoros,2000,351136579.648632,NA,NA,NA,2025-06-05
KM,COM,Comoros,1999,382454989.945311,NA,NA,NA,2025-06-05
KM,COM,Comoros,1998,370106745.930146,NA,NA,NA,2025-06-05
KM,COM,Comoros,1997,364445600.525492,NA,NA,NA,2025-06-05
KM,COM,Comoros,1996,396053805.891754,NA,NA,NA,2025-06-05
KM,COM,Comoros,1995,398461797.009413,NA,NA,NA,2025-06-05
KM,COM,Comoros,1994,319189184.255639,NA,NA,NA,2025-06-05
KM,COM,Comoros,1993,452881475.071813,NA,NA,NA,2025-06-05
KM,COM,Comoros,1992,457388651.500941,NA,NA,NA,2025-06-05
KM,COM,Comoros,1991,424108769.502231,NA,NA,NA,2025-06-05
KM,COM,Comoros,1990,429622177.724885,NA,NA,NA,2025-06-05
KM,COM,Comoros,1989,341476768.326033,NA,NA,NA,2025-06-05
KM,COM,Comoros,1988,356500032.676316,NA,NA,NA,2025-06-05
KM,COM,Comoros,1987,337525852.647575,NA,NA,NA,2025-06-05
KM,COM,Comoros,1986,279197721.807577,NA,NA,NA,2025-06-05
KM,COM,Comoros,1985,196726096.329131,NA,NA,NA,2025-06-05
KM,COM,Comoros,1984,184697225.637076,NA,NA,NA,2025-06-05
KM,COM,Comoros,1983,191621954.855332,NA,NA,NA,2025-06-05
KM,COM,Comoros,1982,184009013.562815,NA,NA,NA,2025-06-05
KM,COM,Comoros,1981,196349931.540286,NA,NA,NA,2025-06-05
KM,COM,Comoros,1980,212218261.585643,NA,NA,NA,2025-06-05
KM,COM,Comoros,1979,NA,NA,NA,NA,2025-06-05
KM,COM,Comoros,1978,NA,NA,NA,NA,2025-06-05
KM,COM,Comoros,1977,NA,NA,NA,NA,2025-06-05
KM,COM,Comoros,1976,NA,NA,NA,NA,2025-06-05
KM,COM,Comoros,1975,NA,NA,NA,NA,2025-06-05
KM,COM,Comoros,1974,NA,NA,NA,NA,2025-06-05
KM,COM,Comoros,1973,NA,NA,NA,NA,2025-06-05
KM,COM,Comoros,1972,NA,NA,NA,NA,2025-06-05
KM,COM,Comoros,1971,NA,NA,NA,NA,2025-06-05
KM,COM,Comoros,1970,NA,NA,NA,NA,2025-06-05
KM,COM,Comoros,1969,NA,NA,NA,NA,2025-06-05
KM,COM,Comoros,1968,NA,NA,NA,NA,2025-06-05
KM,COM,Comoros,1967,NA,NA,NA,NA,2025-06-05
KM,COM,Comoros,1966,NA,NA,NA,NA,2025-06-05
KM,COM,Comoros,1965,NA,NA,NA,NA,2025-06-05
KM,COM,Comoros,1964,NA,NA,NA,NA,2025-06-05
KM,COM,Comoros,1963,NA,NA,NA,NA,2025-06-05
KM,COM,Comoros,1962,NA,NA,NA,NA,2025-06-05
KM,COM,Comoros,1961,NA,NA,NA,NA,2025-06-05
KM,COM,Comoros,1960,NA,NA,NA,NA,2025-06-05
CD,COD,"Congo, Dem. Rep.",2024,NA,NA,NA,NA,2025-06-05
CD,COD,"Congo, Dem. Rep.",2023,66383287002.9867,NA,NA,NA,2025-06-05
CD,COD,"Congo, Dem. Rep.",2022,65801547619.5815,NA,NA,NA,2025-06-05
CD,COD,"Congo, Dem. Rep.",2021,55328482783.5393,NA,NA,NA,2025-06-05
CD,COD,"Congo, Dem. Rep.",2020,48716961860.1325,NA,NA,NA,2025-06-05
CD,COD,"Congo, Dem. Rep.",2019,51775829877.2088,NA,NA,NA,2025-06-05
CD,COD,"Congo, Dem. Rep.",2018,47568210009.8172,NA,NA,NA,2025-06-05
CD,COD,"Congo, Dem. Rep.",2017,38019264794.8263,NA,NA,NA,2025-06-05
CD,COD,"Congo, Dem. Rep.",2016,37134801555.3322,NA,NA,NA,2025-06-05
CD,COD,"Congo, Dem. Rep.",2015,37917706497.1793,NA,NA,NA,2025-06-05
CD,COD,"Congo, Dem. Rep.",2014,35909040925.9375,NA,NA,NA,2025-06-05
CD,COD,"Congo, Dem. Rep.",2013,32679745048.4427,NA,NA,NA,2025-06-05
CD,COD,"Congo, Dem. Rep.",2012,29306235285.2597,NA,NA,NA,2025-06-05
CD,COD,"Congo, Dem. Rep.",2011,25839749199.3671,NA,NA,NA,2025-06-05
CD,COD,"Congo, Dem. Rep.",2010,21565721044.8462,NA,NA,NA,2025-06-05
CD,COD,"Congo, Dem. Rep.",2009,18648372553.0921,NA,NA,NA,2025-06-05
CD,COD,"Congo, Dem. Rep.",2008,19788515590.1284,NA,NA,NA,2025-06-05
CD,COD,"Congo, Dem. Rep.",2007,16737071816.38,NA,NA,NA,2025-06-05
CD,COD,"Congo, Dem. Rep.",2006,14451901696.3878,NA,NA,NA,2025-06-05
CD,COD,"Congo, Dem. Rep.",2005,11964484465.9388,NA,NA,NA,2025-06-05
CD,COD,"Congo, Dem. Rep.",2004,10297483481.223,NA,NA,NA,2025-06-05
CD,COD,"Congo, Dem. Rep.",2003,8937567059.87754,NA,NA,NA,2025-06-05
CD,COD,"Congo, Dem. Rep.",2002,8728038525.14034,NA,NA,NA,2025-06-05
CD,COD,"Congo, Dem. Rep.",2001,7438189100.33333,NA,NA,NA,2025-06-05
CD,COD,"Congo, Dem. Rep.",2000,19088046305.7971,NA,NA,NA,2025-06-05
CD,COD,"Congo, Dem. Rep.",1999,4711259427.27273,NA,NA,NA,2025-06-05
CD,COD,"Congo, Dem. Rep.",1998,6217806273.31082,NA,NA,NA,2025-06-05
CD,COD,"Congo, Dem. Rep.",1997,6090840548.18784,NA,NA,NA,2025-06-05
CD,COD,"Congo, Dem. Rep.",1996,5771454939.62404,NA,NA,NA,2025-06-05
CD,COD,"Congo, Dem. Rep.",1995,5643439376.10491,NA,NA,NA,2025-06-05
CD,COD,"Congo, Dem. Rep.",1994,5820383305.54668,NA,NA,NA,2025-06-05
CD,COD,"Congo, Dem. Rep.",1993,10707792340.0276,NA,NA,NA,2025-06-05
CD,COD,"Congo, Dem. Rep.",1992,8206227134.00857,NA,NA,NA,2025-06-05
CD,COD,"Congo, Dem. Rep.",1991,9087965281.52726,NA,NA,NA,2025-06-05
CD,COD,"Congo, Dem. Rep.",1990,9349764580.41173,NA,NA,NA,2025-06-05
CD,COD,"Congo, Dem. Rep.",1989,9021862775.18112,NA,NA,NA,2025-06-05
CD,COD,"Congo, Dem. Rep.",1988,8861299976.74158,NA,NA,NA,2025-06-05
CD,COD,"Congo, Dem. Rep.",1987,7661625472.57705,NA,NA,NA,2025-06-05
CD,COD,"Congo, Dem. Rep.",1986,8095367168.21769,NA,NA,NA,2025-06-05
CD,COD,"Congo, Dem. Rep.",1985,7195042616.0071,NA,NA,NA,2025-06-05
CD,COD,"Congo, Dem. Rep.",1984,7857729193.20343,NA,NA,NA,2025-06-05
CD,COD,"Congo, Dem. Rep.",1983,11006712650.4481,NA,NA,NA,2025-06-05
CD,COD,"Congo, Dem. Rep.",1982,13651667371.1676,NA,NA,NA,2025-06-05
CD,COD,"Congo, Dem. Rep.",1981,12537821038.2202,NA,NA,NA,2025-06-05
CD,COD,"Congo, Dem. Rep.",1980,14394927494.8647,NA,NA,NA,2025-06-05
CD,COD,"Congo, Dem. Rep.",1979,15068422236.3663,NA,NA,NA,2025-06-05
CD,COD,"Congo, Dem. Rep.",1978,15372608002.3923,NA,NA,NA,2025-06-05
CD,COD,"Congo, Dem. Rep.",1977,12344424763.5727,NA,NA,NA,2025-06-05
CD,COD,"Congo, Dem. Rep.",1976,9648583224.99212,NA,NA,NA,2025-06-05
CD,COD,"Congo, Dem. Rep.",1975,10237343173.6527,NA,NA,NA,2025-06-05
CD,COD,"Congo, Dem. Rep.",1974,9596960179.64072,NA,NA,NA,2025-06-05
CD,COD,"Congo, Dem. Rep.",1973,7870239461.07784,NA,NA,NA,2025-06-05
CD,COD,"Congo, Dem. Rep.",1972,6173712814.37126,NA,NA,NA,2025-06-05
CD,COD,"Congo, Dem. Rep.",1971,5594770359.28144,NA,NA,NA,2025-06-05
CD,COD,"Congo, Dem. Rep.",1970,4877684910.17964,NA,NA,NA,2025-06-05
CD,COD,"Congo, Dem. Rep.",1969,5032434970.05988,NA,NA,NA,2025-06-05
CD,COD,"Congo, Dem. Rep.",1968,3909780538.92216,NA,NA,NA,2025-06-05
CD,COD,"Congo, Dem. Rep.",1967,3384063371.75792,NA,NA,NA,2025-06-05
CD,COD,"Congo, Dem. Rep.",1966,4532660181.81818,NA,NA,NA,2025-06-05
CD,COD,"Congo, Dem. Rep.",1965,4043901818.18182,NA,NA,NA,2025-06-05
CD,COD,"Congo, Dem. Rep.",1964,2881545272.72727,NA,NA,NA,2025-06-05
CD,COD,"Congo, Dem. Rep.",1963,6213185742.57426,NA,NA,NA,2025-06-05
CD,COD,"Congo, Dem. Rep.",1962,3779841428.57143,NA,NA,NA,2025-06-05
CD,COD,"Congo, Dem. Rep.",1961,3086746857.14286,NA,NA,NA,2025-06-05
CD,COD,"Congo, Dem. Rep.",1960,3359404117.64706,NA,NA,NA,2025-06-05
CG,COG,"Congo, Rep.",2024,NA,NA,NA,NA,2025-06-05
CG,COG,"Congo, Rep.",2023,15321055822.5167,NA,NA,NA,2025-06-05
CG,COG,"Congo, Rep.",2022,15817030154.6941,NA,NA,NA,2025-06-05
CG,COG,"Congo, Rep.",2021,14825690210.9157,NA,NA,NA,2025-06-05
CG,COG,"Congo, Rep.",2020,11468687464.0046,NA,NA,NA,2025-06-05
CG,COG,"Congo, Rep.",2019,13976637779.9763,NA,NA,NA,2025-06-05
CG,COG,"Congo, Rep.",2018,14773900288.5135,NA,NA,NA,2025-06-05
CG,COG,"Congo, Rep.",2017,11834473039.3645,NA,NA,NA,2025-06-05
CG,COG,"Congo, Rep.",2016,10931328150.8478,NA,NA,NA,2025-06-05
CG,COG,"Congo, Rep.",2015,12434793867.3568,NA,NA,NA,2025-06-05
CG,COG,"Congo, Rep.",2014,17919321078.0284,NA,NA,NA,2025-06-05
CG,COG,"Congo, Rep.",2013,17958720699.0868,NA,NA,NA,2025-06-05
CG,COG,"Congo, Rep.",2012,17692911296.3044,NA,NA,NA,2025-06-05
CG,COG,"Congo, Rep.",2011,15655383576.6515,NA,NA,NA,2025-06-05
CG,COG,"Congo, Rep.",2010,13148396211.5955,NA,NA,NA,2025-06-05
CG,COG,"Congo, Rep.",2009,9723299915.25312,NA,NA,NA,2025-06-05
CG,COG,"Congo, Rep.",2008,11649857673.4436,NA,NA,NA,2025-06-05
CG,COG,"Congo, Rep.",2007,8782703436.70188,NA,NA,NA,2025-06-05
CG,COG,"Congo, Rep.",2006,8072305029.06514,NA,NA,NA,2025-06-05
CG,COG,"Congo, Rep.",2005,6650001680.48544,NA,NA,NA,2025-06-05
CG,COG,"Congo, Rep.",2004,4656974940.12721,NA,NA,NA,2025-06-05
CG,COG,"Congo, Rep.",2003,3503723087.74483,NA,NA,NA,2025-06-05
CG,COG,"Congo, Rep.",2002,3034250923.97726,NA,NA,NA,2025-06-05
CG,COG,"Congo, Rep.",2001,2796704604.03812,NA,NA,NA,2025-06-05
CG,COG,"Congo, Rep.",2000,3227927697.57921,NA,NA,NA,2025-06-05
CG,COG,"Congo, Rep.",1999,2354772960.28296,NA,NA,NA,2025-06-05
CG,COG,"Congo, Rep.",1998,1949481379.21951,NA,NA,NA,2025-06-05
CG,COG,"Congo, Rep.",1997,2322719102.6909,NA,NA,NA,2025-06-05
CG,COG,"Congo, Rep.",1996,2540697539.05773,NA,NA,NA,2025-06-05
CG,COG,"Congo, Rep.",1995,2116003867.75536,NA,NA,NA,2025-06-05
CG,COG,"Congo, Rep.",1994,1769365437.78801,NA,NA,NA,2025-06-05
CG,COG,"Congo, Rep.",1993,2684323623.14372,NA,NA,NA,2025-06-05
CG,COG,"Congo, Rep.",1992,2933222703.0334,NA,NA,NA,2025-06-05
CG,COG,"Congo, Rep.",1991,2724853505.80336,NA,NA,NA,2025-06-05
CG,COG,"Congo, Rep.",1990,2798746050.11354,NA,NA,NA,2025-06-05
CG,COG,"Congo, Rep.",1989,2389593025.60339,NA,NA,NA,2025-06-05
CG,COG,"Congo, Rep.",1988,2212536311.99319,NA,NA,NA,2025-06-05
CG,COG,"Congo, Rep.",1987,2297753652.34929,NA,NA,NA,2025-06-05
CG,COG,"Congo, Rep.",1986,1849268212.30284,NA,NA,NA,2025-06-05
CG,COG,"Congo, Rep.",1985,2160872540.03175,NA,NA,NA,2025-06-05
CG,COG,"Congo, Rep.",1984,2193581365.34299,NA,NA,NA,2025-06-05
CG,COG,"Congo, Rep.",1983,2097274289.75066,NA,NA,NA,2025-06-05
CG,COG,"Congo, Rep.",1982,2160640564.56041,NA,NA,NA,2025-06-05
CG,COG,"Congo, Rep.",1981,1993512322.62391,NA,NA,NA,2025-06-05
CG,COG,"Congo, Rep.",1980,1705796852.89473,NA,NA,NA,2025-06-05
CG,COG,"Congo, Rep.",1979,1198749667.42923,NA,NA,NA,2025-06-05
CG,COG,"Congo, Rep.",1978,878771772.202149,NA,NA,NA,2025-06-05
CG,COG,"Congo, Rep.",1977,765224029.286556,NA,NA,NA,2025-06-05
CG,COG,"Congo, Rep.",1976,754549601.391492,NA,NA,NA,2025-06-05
CG,COG,"Congo, Rep.",1975,767102680.239967,NA,NA,NA,2025-06-05
CG,COG,"Congo, Rep.",1974,585364634.473977,NA,NA,NA,2025-06-05
CG,COG,"Congo, Rep.",1973,541973362.610423,NA,NA,NA,2025-06-05
CG,COG,"Congo, Rep.",1972,410669263.651798,NA,NA,NA,2025-06-05
CG,COG,"Congo, Rep.",1971,322128018.955444,NA,NA,NA,2025-06-05
CG,COG,"Congo, Rep.",1970,274960699.885255,NA,NA,NA,2025-06-05
CG,COG,"Congo, Rep.",1969,265040036.417215,NA,NA,NA,2025-06-05
CG,COG,"Congo, Rep.",1968,251247457.765525,NA,NA,NA,2025-06-05
CG,COG,"Congo, Rep.",1967,237397428.13501,NA,NA,NA,2025-06-05
CG,COG,"Congo, Rep.",1966,220613581.972601,NA,NA,NA,2025-06-05
CG,COG,"Congo, Rep.",1965,198318064.028924,NA,NA,NA,2025-06-05
CG,COG,"Congo, Rep.",1964,185693724.905233,NA,NA,NA,2025-06-05
CG,COG,"Congo, Rep.",1963,172233430.657858,NA,NA,NA,2025-06-05
CG,COG,"Congo, Rep.",1962,166521239.650243,NA,NA,NA,2025-06-05
CG,COG,"Congo, Rep.",1961,151675738.926342,NA,NA,NA,2025-06-05
CG,COG,"Congo, Rep.",1960,131731862.783017,NA,NA,NA,2025-06-05
CR,CRI,Costa Rica,2024,NA,NA,NA,NA,2025-06-05
CR,CRI,Costa Rica,2023,86497941439.0174,NA,NA,NA,2025-06-05
CR,CRI,Costa Rica,2022,69243626028.5936,NA,NA,NA,2025-06-05
CR,CRI,Costa Rica,2021,64960725734.1965,NA,NA,NA,2025-06-05
CR,CRI,Costa Rica,2020,62395610760.0492,NA,NA,NA,2025-06-05
CR,CRI,Costa Rica,2019,64417670521.3545,NA,NA,NA,2025-06-05
CR,CRI,Costa Rica,2018,62420164991.5374,NA,NA,NA,2025-06-05
CR,CRI,Costa Rica,2017,60516044656.5206,NA,NA,NA,2025-06-05
CR,CRI,Costa Rica,2016,58847019609.6549,NA,NA,NA,2025-06-05
CR,CRI,Costa Rica,2015,56441920820.5194,NA,NA,NA,2025-06-05
CR,CRI,Costa Rica,2014,52016408854.2658,NA,NA,NA,2025-06-05
CR,CRI,Costa Rica,2013,50949668841.6696,NA,NA,NA,2025-06-05
CR,CRI,Costa Rica,2012,47231655431.7355,NA,NA,NA,2025-06-05
CR,CRI,Costa Rica,2011,42762613698.9636,NA,NA,NA,2025-06-05
CR,CRI,Costa Rica,2010,37658616951.8038,NA,NA,NA,2025-06-05
CR,CRI,Costa Rica,2009,30745714312.6417,NA,NA,NA,2025-06-05
CR,CRI,Costa Rica,2008,30801745700.4514,NA,NA,NA,2025-06-05
CR,CRI,Costa Rica,2007,26884700709.3146,NA,NA,NA,2025-06-05
CR,CRI,Costa Rica,2006,22715540324.3032,NA,NA,NA,2025-06-05
CR,CRI,Costa Rica,2005,20040642476.9817,NA,NA,NA,2025-06-05
CR,CRI,Costa Rica,2004,18610594846.2083,NA,NA,NA,2025-06-05
CR,CRI,Costa Rica,2003,17271760506.9483,NA,NA,NA,2025-06-05
CR,CRI,Costa Rica,2002,16578820687.2881,NA,NA,NA,2025-06-05
CR,CRI,Costa Rica,2001,15976174336.9721,NA,NA,NA,2025-06-05
CR,CRI,Costa Rica,2000,15013629661.8969,NA,NA,NA,2025-06-05
CR,CRI,Costa Rica,1999,14254866284.6542,NA,NA,NA,2025-06-05
CR,CRI,Costa Rica,1998,13684255946.5765,NA,NA,NA,2025-06-05
CR,CRI,Costa Rica,1997,12614602382.2012,NA,NA,NA,2025-06-05
CR,CRI,Costa Rica,1996,11678424507.2457,NA,NA,NA,2025-06-05
CR,CRI,Costa Rica,1995,11578594259.8675,NA,NA,NA,2025-06-05
CR,CRI,Costa Rica,1994,10489903725.0032,NA,NA,NA,2025-06-05
CR,CRI,Costa Rica,1993,9564815975.14743,NA,NA,NA,2025-06-05
CR,CRI,Costa Rica,1992,8579754757.93237,NA,NA,NA,2025-06-05
CR,CRI,Costa Rica,1991,7215725487.30549,NA,NA,NA,2025-06-05
CR,CRI,Costa Rica,1990,5711687786.75989,NA,NA,NA,2025-06-05
CR,CRI,Costa Rica,1989,5251025767.47627,NA,NA,NA,2025-06-05
CR,CRI,Costa Rica,1988,4614629898.40348,NA,NA,NA,2025-06-05
CR,CRI,Costa Rica,1987,4532952047.15628,NA,NA,NA,2025-06-05
CR,CRI,Costa Rica,1986,4418983870.96774,NA,NA,NA,2025-06-05
CR,CRI,Costa Rica,1985,3919203960.39604,NA,NA,NA,2025-06-05
CR,CRI,Costa Rica,1984,3660477856.22977,NA,NA,NA,2025-06-05
CR,CRI,Costa Rica,1983,3146772630.77263,NA,NA,NA,2025-06-05
CR,CRI,Costa Rica,1982,2606623554.56582,NA,NA,NA,2025-06-05
CR,CRI,Costa Rica,1981,2623803095.78501,NA,NA,NA,2025-06-05
CR,CRI,Costa Rica,1980,4831447001.16686,NA,NA,NA,2025-06-05
CR,CRI,Costa Rica,1979,4035519323.22054,NA,NA,NA,2025-06-05
CR,CRI,Costa Rica,1978,3523208809.80163,NA,NA,NA,2025-06-05
CR,CRI,Costa Rica,1977,3072427012.83547,NA,NA,NA,2025-06-05
CR,CRI,Costa Rica,1976,2412555425.90432,NA,NA,NA,2025-06-05
CR,CRI,Costa Rica,1975,1960863465.5776,NA,NA,NA,2025-06-05
CR,CRI,Costa Rica,1974,1666544754.09836,NA,NA,NA,2025-06-05
CR,CRI,Costa Rica,1973,1528925846.25467,NA,NA,NA,2025-06-05
CR,CRI,Costa Rica,1972,1238251695.55388,NA,NA,NA,2025-06-05
CR,CRI,Costa Rica,1971,1077147537.52472,NA,NA,NA,2025-06-05
CR,CRI,Costa Rica,1970,984830158.490566,NA,NA,NA,2025-06-05
CR,CRI,Costa Rica,1969,853630203.773585,NA,NA,NA,2025-06-05
CR,CRI,Costa Rica,1968,773841494.339623,NA,NA,NA,2025-06-05
CR,CRI,Costa Rica,1967,699456618.867925,NA,NA,NA,2025-06-05
CR,CRI,Costa Rica,1966,647305630.188679,NA,NA,NA,2025-06-05
CR,CRI,Costa Rica,1965,592981162.264151,NA,NA,NA,2025-06-05
CR,CRI,Costa Rica,1964,542578367.242598,NA,NA,NA,2025-06-05
CR,CRI,Costa Rica,1963,511902136.809973,NA,NA,NA,2025-06-05
CR,CRI,Costa Rica,1962,479180824.348506,NA,NA,NA,2025-06-05
CR,CRI,Costa Rica,1961,490325181.614275,NA,NA,NA,2025-06-05
CR,CRI,Costa Rica,1960,507513829.994855,NA,NA,NA,2025-06-05
CI,CIV,Cote d'Ivoire,2024,NA,NA,NA,NA,2025-06-05
CI,CIV,Cote d'Ivoire,2023,78875489245.0538,NA,NA,NA,2025-06-05
CI,CIV,Cote d'Ivoire,2022,70173140101.4315,NA,NA,NA,2025-06-05
CI,CIV,Cote d'Ivoire,2021,72794636653.7793,NA,NA,NA,2025-06-05
CI,CIV,Cote d'Ivoire,2020,63027852805.4204,NA,NA,NA,2025-06-05
CI,CIV,Cote d'Ivoire,2019,60382894697.3557,NA,NA,NA,2025-06-05
CI,CIV,Cote d'Ivoire,2018,58522477786.688904,NA,NA,NA,2025-06-05
CI,CIV,Cote d'Ivoire,2017,52512343996.69,NA,NA,NA,2025-06-05
CI,CIV,Cote d'Ivoire,2016,48407761036.8238,NA,NA,NA,2025-06-05
CI,CIV,Cote d'Ivoire,2015,45815005169.2651,NA,NA,NA,2025-06-05
CI,CIV,Cote d'Ivoire,2014,48843005613.7091,NA,NA,NA,2025-06-05
CI,CIV,Cote d'Ivoire,2013,42760235484.6093,NA,NA,NA,2025-06-05
CI,CIV,Cote d'Ivoire,2012,36302302877.2977,NA,NA,NA,2025-06-05
CI,CIV,Cote d'Ivoire,2011,36693710801.3976,NA,NA,NA,2025-06-05
CI,CIV,Cote d'Ivoire,2010,34936307980.063,NA,NA,NA,2025-06-05
CI,CIV,Cote d'Ivoire,2009,33886813250.2036,NA,NA,NA,2025-06-05
CI,CIV,Cote d'Ivoire,2008,34078240293.2559,NA,NA,NA,2025-06-05
CI,CIV,Cote d'Ivoire,2007,28760090953.3081,NA,NA,NA,2025-06-05
CI,CIV,Cote d'Ivoire,2006,25281413263.3712,NA,NA,NA,2025-06-05
CI,CIV,Cote d'Ivoire,2005,24036918703.1747,NA,NA,NA,2025-06-05
CI,CIV,Cote d'Ivoire,2004,23510575681.3686,NA,NA,NA,2025-06-05
CI,CIV,Cote d'Ivoire,2003,21251754340.4305,NA,NA,NA,2025-06-05
CI,CIV,Cote d'Ivoire,2002,18054383320.8474,NA,NA,NA,2025-06-05
CI,CIV,Cote d'Ivoire,2001,16810537043.8407,NA,NA,NA,2025-06-05
CI,CIV,Cote d'Ivoire,2000,16577533891.8785,NA,NA,NA,2025-06-05
CI,CIV,Cote d'Ivoire,1999,18870992455.568,NA,NA,NA,2025-06-05
CI,CIV,Cote d'Ivoire,1998,19619654755.679,NA,NA,NA,2025-06-05
CI,CIV,Cote d'Ivoire,1997,18047558037.7036,NA,NA,NA,2025-06-05
CI,CIV,Cote d'Ivoire,1996,18071152830.6101,NA,NA,NA,2025-06-05
CI,CIV,Cote d'Ivoire,1995,11000146266.5135,NA,NA,NA,2025-06-05
CI,CIV,Cote d'Ivoire,1994,8313557510.14757,NA,NA,NA,2025-06-05
CI,CIV,Cote d'Ivoire,1993,11045760288.1206,NA,NA,NA,2025-06-05
CI,CIV,Cote d'Ivoire,1992,11152971273.9383,NA,NA,NA,2025-06-05
CI,CIV,Cote d'Ivoire,1991,10492628580.7484,NA,NA,NA,2025-06-05
CI,CIV,Cote d'Ivoire,1990,10795850582.779,NA,NA,NA,2025-06-05
CI,CIV,Cote d'Ivoire,1989,9757410644.6679,NA,NA,NA,2025-06-05
CI,CIV,Cote d'Ivoire,1988,10255169805.7996,NA,NA,NA,2025-06-05
CI,CIV,Cote d'Ivoire,1987,10087654464.8168,NA,NA,NA,2025-06-05
CI,CIV,Cote d'Ivoire,1986,9158302099.57957,NA,NA,NA,2025-06-05
CI,CIV,Cote d'Ivoire,1985,6977650643.99488,NA,NA,NA,2025-06-05
CI,CIV,Cote d'Ivoire,1984,6841639246.8996,NA,NA,NA,2025-06-05
CI,CIV,Cote d'Ivoire,1983,6838184772.52063,NA,NA,NA,2025-06-05
CI,CIV,Cote d'Ivoire,1982,7567110848.92228,NA,NA,NA,2025-06-05
CI,CIV,Cote d'Ivoire,1981,8432589942.39434,NA,NA,NA,2025-06-05
CI,CIV,Cote d'Ivoire,1980,10175617609.0962,NA,NA,NA,2025-06-05
CI,CIV,Cote d'Ivoire,1979,9142933966.79465,NA,NA,NA,2025-06-05
CI,CIV,Cote d'Ivoire,1978,7900526298.31993,NA,NA,NA,2025-06-05
CI,CIV,Cote d'Ivoire,1977,6265068189.37782,NA,NA,NA,2025-06-05
CI,CIV,Cote d'Ivoire,1976,4662053824.83955,NA,NA,NA,2025-06-05
CI,CIV,Cote d'Ivoire,1975,3893839190.26806,NA,NA,NA,2025-06-05
CI,CIV,Cote d'Ivoire,1974,3070152309.21903,NA,NA,NA,2025-06-05
CI,CIV,Cote d'Ivoire,1973,2508421426.17572,NA,NA,NA,2025-06-05
CI,CIV,Cote d'Ivoire,1972,1849400401.64724,NA,NA,NA,2025-06-05
CI,CIV,Cote d'Ivoire,1971,1584128509.46873,NA,NA,NA,2025-06-05
CI,CIV,Cote d'Ivoire,1970,1455482795.40691,NA,NA,NA,2025-06-05
CI,CIV,Cote d'Ivoire,1969,1361360293.42665,NA,NA,NA,2025-06-05
CI,CIV,Cote d'Ivoire,1968,1281281276.72357,NA,NA,NA,2025-06-05
CI,CIV,Cote d'Ivoire,1967,1082922724.87189,NA,NA,NA,2025-06-05
CI,CIV,Cote d'Ivoire,1966,1024102880.05862,NA,NA,NA,2025-06-05
CI,CIV,Cote d'Ivoire,1965,919771228.816095,NA,NA,NA,2025-06-05
CI,CIV,Cote d'Ivoire,1964,921063326.589918,NA,NA,NA,2025-06-05
CI,CIV,Cote d'Ivoire,1963,761047198.029653,NA,NA,NA,2025-06-05
CI,CIV,Cote d'Ivoire,1962,645284473.733691,NA,NA,NA,2025-06-05
CI,CIV,Cote d'Ivoire,1961,618245634.179831,NA,NA,NA,2025-06-05
CI,CIV,Cote d'Ivoire,1960,546203559.344361,NA,NA,NA,2025-06-05
HR,HRV,Croatia,2024,NA,NA,NA,NA,2025-06-05
HR,HRV,Croatia,2023,84393795502.4421,NA,NA,NA,2025-06-05
HR,HRV,Croatia,2022,71198635101.9514,NA,NA,NA,2025-06-05
HR,HRV,Croatia,2021,69006802298.6956,NA,NA,NA,2025-06-05
HR,HRV,Croatia,2020,57963370885.0798,NA,NA,NA,2025-06-05
HR,HRV,Croatia,2019,61467582193.6824,NA,NA,NA,2025-06-05
HR,HRV,Croatia,2018,61668130122.5878,NA,NA,NA,2025-06-05
HR,HRV,Croatia,2017,56186190437.9959,NA,NA,NA,2025-06-05
HR,HRV,Croatia,2016,52654855638.1057,NA,NA,NA,2025-06-05
HR,HRV,Croatia,2015,51005200669.6941,NA,NA,NA,2025-06-05
HR,HRV,Croatia,2014,59612144078.4133,NA,NA,NA,2025-06-05
HR,HRV,Croatia,2013,59852401272.3204,NA,NA,NA,2025-06-05
HR,HRV,Croatia,2012,57551963753.2104,NA,NA,NA,2025-06-05
HR,HRV,Croatia,2011,62903737379.7834,NA,NA,NA,2025-06-05
HR,HRV,Croatia,2010,58981738868.753,NA,NA,NA,2025-06-05
HR,HRV,Croatia,2009,62321642125.1721,NA,NA,NA,2025-06-05
HR,HRV,Croatia,2008,68478776205.9826,NA,NA,NA,2025-06-05
HR,HRV,Croatia,2007,59298265769.9946,NA,NA,NA,2025-06-05
HR,HRV,Croatia,2006,49590197656.5482,NA,NA,NA,2025-06-05
HR,HRV,Croatia,2005,45013119281.806,NA,NA,NA,2025-06-05
HR,HRV,Croatia,2004,41836292157.3335,NA,NA,NA,2025-06-05
HR,HRV,Croatia,2003,35245317001.8224,NA,NA,NA,2025-06-05
HR,HRV,Croatia,2002,26757722428.6781,NA,NA,NA,2025-06-05
HR,HRV,Croatia,2001,23066883849.6467,NA,NA,NA,2025-06-05
HR,HRV,Croatia,2000,22134411297.473,NA,NA,NA,2025-06-05
HR,HRV,Croatia,1999,23777026779.3004,NA,NA,NA,2025-06-05
HR,HRV,Croatia,1998,25890228429.7214,NA,NA,NA,2025-06-05
HR,HRV,Croatia,1997,24175764812.1218,NA,NA,NA,2025-06-05
HR,HRV,Croatia,1996,24150978346.5253,NA,NA,NA,2025-06-05
HR,HRV,Croatia,1995,22772394546.6058,NA,NA,NA,2025-06-05
HR,HRV,Croatia,1994,15062911616.8222,NA,NA,NA,2025-06-05
HR,HRV,Croatia,1993,11259647874.4986,NA,NA,NA,2025-06-05
HR,HRV,Croatia,1992,10621169290.9986,NA,NA,NA,2025-06-05
HR,HRV,Croatia,1991,18760386774.7973,NA,NA,NA,2025-06-05
HR,HRV,Croatia,1990,25650213279.6781,NA,NA,NA,2025-06-05
HR,HRV,Croatia,1989,NA,NA,NA,NA,2025-06-05
HR,HRV,Croatia,1988,NA,NA,NA,NA,2025-06-05
HR,HRV,Croatia,1987,NA,NA,NA,NA,2025-06-05
HR,HRV,Croatia,1986,NA,NA,NA,NA,2025-06-05
HR,HRV,Croatia,1985,NA,NA,NA,NA,2025-06-05
HR,HRV,Croatia,1984,NA,NA,NA,NA,2025-06-05
HR,HRV,Croatia,1983,NA,NA,NA,NA,2025-06-05
HR,HRV,Croatia,1982,NA,NA,NA,NA,2025-06-05
HR,HRV,Croatia,1981,NA,NA,NA,NA,2025-06-05
HR,HRV,Croatia,1980,NA,NA,NA,NA,2025-06-05
HR,HRV,Croatia,1979,NA,NA,NA,NA,2025-06-05
HR,HRV,Croatia,1978,NA,NA,NA,NA,2025-06-05
HR,HRV,Croatia,1977,NA,NA,NA,NA,2025-06-05
HR,HRV,Croatia,1976,NA,NA,NA,NA,2025-06-05
HR,HRV,Croatia,1975,NA,NA,NA,NA,2025-06-05
HR,HRV,Croatia,1974,NA,NA,NA,NA,2025-06-05
HR,HRV,Croatia,1973,NA,NA,NA,NA,2025-06-05
HR,HRV,Croatia,1972,NA,NA,NA,NA,2025-06-05
HR,HRV,Croatia,1971,NA,NA,NA,NA,2025-06-05
HR,HRV,Croatia,1970,NA,NA,NA,NA,2025-06-05
HR,HRV,Croatia,1969,NA,NA,NA,NA,2025-06-05
HR,HRV,Croatia,1968,NA,NA,NA,NA,2025-06-05
HR,HRV,Croatia,1967,NA,NA,NA,NA,2025-06-05
HR,HRV,Croatia,1966,NA,NA,NA,NA,2025-06-05
HR,HRV,Croatia,1965,NA,NA,NA,NA,2025-06-05
HR,HRV,Croatia,1964,NA,NA,NA,NA,2025-06-05
HR,HRV,Croatia,1963,NA,NA,NA,NA,2025-06-05
HR,HRV,Croatia,1962,NA,NA,NA,NA,2025-06-05
HR,HRV,Croatia,1961,NA,NA,NA,NA,2025-06-05
HR,HRV,Croatia,1960,NA,NA,NA,NA,2025-06-05
CU,CUB,Cuba,2024,NA,NA,NA,NA,2025-06-05
CU,CUB,Cuba,2023,NA,NA,NA,NA,2025-06-05
CU,CUB,Cuba,2022,NA,NA,NA,NA,2025-06-05
CU,CUB,Cuba,2021,NA,NA,NA,NA,2025-06-05
CU,CUB,Cuba,2020,107351800000,NA,NA,NA,2025-06-05
CU,CUB,Cuba,2019,103427600000,NA,NA,NA,2025-06-05
CU,CUB,Cuba,2018,100050036096.123,NA,NA,NA,2025-06-05
CU,CUB,Cuba,2017,96850649691.7406,NA,NA,NA,2025-06-05
CU,CUB,Cuba,2016,91370407863.7,NA,NA,NA,2025-06-05
CU,CUB,Cuba,2015,87132800000,NA,NA,NA,2025-06-05
CU,CUB,Cuba,2014,80656100000,NA,NA,NA,2025-06-05
CU,CUB,Cuba,2013,77148000000,NA,NA,NA,2025-06-05
CU,CUB,Cuba,2012,73141000000,NA,NA,NA,2025-06-05
CU,CUB,Cuba,2011,68990000000,NA,NA,NA,2025-06-05
CU,CUB,Cuba,2010,59562962962.963,NA,NA,NA,2025-06-05
CU,CUB,Cuba,2009,57481481481.4815,NA,NA,NA,2025-06-05
CU,CUB,Cuba,2008,56302129629.6296,NA,NA,NA,2025-06-05
CU,CUB,Cuba,2007,54262870370.3704,NA,NA,NA,2025-06-05
CU,CUB,Cuba,2006,48835925925.9259,NA,NA,NA,2025-06-05
CU,CUB,Cuba,2005,42643836100,NA,NA,NA,2025-06-05
CU,CUB,Cuba,2004,38203000000,NA,NA,NA,2025-06-05
CU,CUB,Cuba,2003,35901200000,NA,NA,NA,2025-06-05
CU,CUB,Cuba,2002,33590500000,NA,NA,NA,2025-06-05
CU,CUB,Cuba,2001,31682400000,NA,NA,NA,2025-06-05
CU,CUB,Cuba,2000,30565400000,NA,NA,NA,2025-06-05
CU,CUB,Cuba,1999,28364615200,NA,NA,NA,2025-06-05
CU,CUB,Cuba,1998,25736331200,NA,NA,NA,2025-06-05
CU,CUB,Cuba,1997,25365908100,NA,NA,NA,2025-06-05
CU,CUB,Cuba,1996,25017368700,NA,NA,NA,2025-06-05
CU,CUB,Cuba,1995,30429803651.2192,NA,NA,NA,2025-06-05
CU,CUB,Cuba,1994,28448326756.7568,NA,NA,NA,2025-06-05
CU,CUB,Cuba,1993,22367254864.8649,NA,NA,NA,2025-06-05
CU,CUB,Cuba,1992,22085858243.2432,NA,NA,NA,2025-06-05
CU,CUB,Cuba,1991,24316556025.6585,NA,NA,NA,2025-06-05
CU,CUB,Cuba,1990,28645436569.1489,NA,NA,NA,2025-06-05
CU,CUB,Cuba,1989,27023468665.8977,NA,NA,NA,2025-06-05
CU,CUB,Cuba,1988,27458999472.2955,NA,NA,NA,2025-06-05
CU,CUB,Cuba,1987,25213935012.0819,NA,NA,NA,2025-06-05
CU,CUB,Cuba,1986,24226574634.0293,NA,NA,NA,2025-06-05
CU,CUB,Cuba,1985,22920490774.102,NA,NA,NA,2025-06-05
CU,CUB,Cuba,1984,24039383608.4235,NA,NA,NA,2025-06-05
CU,CUB,Cuba,1983,22204940512.2235,NA,NA,NA,2025-06-05
CU,CUB,Cuba,1982,20953510235.2941,NA,NA,NA,2025-06-05
CU,CUB,Cuba,1981,20150254096.3855,NA,NA,NA,2025-06-05
CU,CUB,Cuba,1980,19912889861.1111,NA,NA,NA,2025-06-05
CU,CUB,Cuba,1979,19584443287.6712,NA,NA,NA,2025-06-05
CU,CUB,Cuba,1978,17844705324.6753,NA,NA,NA,2025-06-05
CU,CUB,Cuba,1977,14206158674.6988,NA,NA,NA,2025-06-05
CU,CUB,Cuba,1976,13789579902.5579,NA,NA,NA,2025-06-05
CU,CUB,Cuba,1975,13027415243.9024,NA,NA,NA,2025-06-05
CU,CUB,Cuba,1974,11405957317.0732,NA,NA,NA,2025-06-05
CU,CUB,Cuba,1973,9987709650.18094,NA,NA,NA,2025-06-05
CU,CUB,Cuba,1972,8135150891.92025,NA,NA,NA,2025-06-05
CU,CUB,Cuba,1971,6914658400,NA,NA,NA,2025-06-05
CU,CUB,Cuba,1970,5693005200,NA,NA,NA,2025-06-05
CU,CUB,Cuba,1969,NA,NA,NA,NA,2025-06-05
CU,CUB,Cuba,1968,NA,NA,NA,NA,2025-06-05
CU,CUB,Cuba,1967,NA,NA,NA,NA,2025-06-05
CU,CUB,Cuba,1966,NA,NA,NA,NA,2025-06-05
CU,CUB,Cuba,1965,NA,NA,NA,NA,2025-06-05
CU,CUB,Cuba,1964,NA,NA,NA,NA,2025-06-05
CU,CUB,Cuba,1963,NA,NA,NA,NA,2025-06-05
CU,CUB,Cuba,1962,NA,NA,NA,NA,2025-06-05
CU,CUB,Cuba,1961,NA,NA,NA,NA,2025-06-05
CU,CUB,Cuba,1960,NA,NA,NA,NA,2025-06-05
CW,CUW,Curacao,2024,NA,NA,NA,NA,2025-06-05
CW,CUW,Curacao,2023,3281419347.37053,NA,NA,NA,2025-06-05
CW,CUW,Curacao,2022,3075180834.72417,NA,NA,NA,2025-06-05
CW,CUW,Curacao,2021,2739608156.42458,NA,NA,NA,2025-06-05
CW,CUW,Curacao,2020,2534327597.76536,NA,NA,NA,2025-06-05
CW,CUW,Curacao,2019,3026124134.07821,NA,NA,NA,2025-06-05
CW,CUW,Curacao,2018,3046364804.46927,NA,NA,NA,2025-06-05
CW,CUW,Curacao,2017,3033433240.22346,NA,NA,NA,2025-06-05
CW,CUW,Curacao,2016,3024690167.59777,NA,NA,NA,2025-06-05
CW,CUW,Curacao,2015,3058779217.87709,NA,NA,NA,2025-06-05
CW,CUW,Curacao,2014,3059406983.24022,NA,NA,NA,2025-06-05
CW,CUW,Curacao,2013,3033568603.35196,NA,NA,NA,2025-06-05
CW,CUW,Curacao,2012,3012836256.98324,NA,NA,NA,2025-06-05
CW,CUW,Curacao,2011,2930092234.63687,NA,NA,NA,2025-06-05
CW,CUW,Curacao,2010,2951342793.29609,NA,NA,NA,2025-06-05
CW,CUW,Curacao,2009,2869153184.35754,NA,NA,NA,2025-06-05
CW,CUW,Curacao,2008,2833476145.2514,NA,NA,NA,2025-06-05
CW,CUW,Curacao,2007,2593831508.37989,NA,NA,NA,2025-06-05
CW,CUW,Curacao,2006,2457581731.84358,NA,NA,NA,2025-06-05
CW,CUW,Curacao,2005,2344637262.56983,NA,NA,NA,2025-06-05
CW,CUW,Curacao,2004,2237160502.7933,NA,NA,NA,2025-06-05
CW,CUW,Curacao,2003,2202117374.30168,NA,NA,NA,2025-06-05
CW,CUW,Curacao,2002,2160784692.73743,NA,NA,NA,2025-06-05
CW,CUW,Curacao,2001,2143450726.25698,NA,NA,NA,2025-06-05
CW,CUW,Curacao,2000,2120511229.05028,NA,NA,NA,2025-06-05
CW,CUW,Curacao,1999,NA,NA,NA,NA,2025-06-05
CW,CUW,Curacao,1998,NA,NA,NA,NA,2025-06-05
CW,CUW,Curacao,1997,NA,NA,NA,NA,2025-06-05
CW,CUW,Curacao,1996,NA,NA,NA,NA,2025-06-05
CW,CUW,Curacao,1995,NA,NA,NA,NA,2025-06-05
CW,CUW,Curacao,1994,NA,NA,NA,NA,2025-06-05
CW,CUW,Curacao,1993,NA,NA,NA,NA,2025-06-05
CW,CUW,Curacao,1992,NA,NA,NA,NA,2025-06-05
CW,CUW,Curacao,1991,NA,NA,NA,NA,2025-06-05
CW,CUW,Curacao,1990,NA,NA,NA,NA,2025-06-05
CW,CUW,Curacao,1989,NA,NA,NA,NA,2025-06-05
CW,CUW,Curacao,1988,NA,NA,NA,NA,2025-06-05
CW,CUW,Curacao,1987,NA,NA,NA,NA,2025-06-05
CW,CUW,Curacao,1986,NA,NA,NA,NA,2025-06-05
CW,CUW,Curacao,1985,NA,NA,NA,NA,2025-06-05
CW,CUW,Curacao,1984,NA,NA,NA,NA,2025-06-05
CW,CUW,Curacao,1983,NA,NA,NA,NA,2025-06-05
CW,CUW,Curacao,1982,NA,NA,NA,NA,2025-06-05
CW,CUW,Curacao,1981,NA,NA,NA,NA,2025-06-05
CW,CUW,Curacao,1980,NA,NA,NA,NA,2025-06-05
CW,CUW,Curacao,1979,NA,NA,NA,NA,2025-06-05
CW,CUW,Curacao,1978,NA,NA,NA,NA,2025-06-05
CW,CUW,Curacao,1977,NA,NA,NA,NA,2025-06-05
CW,CUW,Curacao,1976,NA,NA,NA,NA,2025-06-05
CW,CUW,Curacao,1975,NA,NA,NA,NA,2025-06-05
CW,CUW,Curacao,1974,NA,NA,NA,NA,2025-06-05
CW,CUW,Curacao,1973,NA,NA,NA,NA,2025-06-05
CW,CUW,Curacao,1972,NA,NA,NA,NA,2025-06-05
CW,CUW,Curacao,1971,NA,NA,NA,NA,2025-06-05
CW,CUW,Curacao,1970,NA,NA,NA,NA,2025-06-05
CW,CUW,Curacao,1969,NA,NA,NA,NA,2025-06-05
CW,CUW,Curacao,1968,NA,NA,NA,NA,2025-06-05
CW,CUW,Curacao,1967,NA,NA,NA,NA,2025-06-05
CW,CUW,Curacao,1966,NA,NA,NA,NA,2025-06-05
CW,CUW,Curacao,1965,NA,NA,NA,NA,2025-06-05
CW,CUW,Curacao,1964,NA,NA,NA,NA,2025-06-05
CW,CUW,Curacao,1963,NA,NA,NA,NA,2025-06-05
CW,CUW,Curacao,1962,NA,NA,NA,NA,2025-06-05
CW,CUW,Curacao,1961,NA,NA,NA,NA,2025-06-05
CW,CUW,Curacao,1960,NA,NA,NA,NA,2025-06-05
CY,CYP,Cyprus,2024,NA,NA,NA,NA,2025-06-05
CY,CYP,Cyprus,2023,33886930712.3394,NA,NA,NA,2025-06-05
CY,CYP,Cyprus,2022,30976176886.8521,NA,NA,NA,2025-06-05
CY,CYP,Cyprus,2021,30372874319.6285,NA,NA,NA,2025-06-05
CY,CYP,Cyprus,2020,25555093854.2968,NA,NA,NA,2025-06-05
CY,CYP,Cyprus,2019,26196667099.5303,NA,NA,NA,2025-06-05
CY,CYP,Cyprus,2018,25754001367.5448,NA,NA,NA,2025-06-05
CY,CYP,Cyprus,2017,22946570628.7576,NA,NA,NA,2025-06-05
CY,CYP,Cyprus,2016,21046462280.5979,NA,NA,NA,2025-06-05
CY,CYP,Cyprus,2015,19909278416.8575,NA,NA,NA,2025-06-05
CY,CYP,Cyprus,2014,23225918259.9824,NA,NA,NA,2025-06-05
CY,CYP,Cyprus,2013,23959712860.8331,NA,NA,NA,2025-06-05
CY,CYP,Cyprus,2012,25047436974.6819,NA,NA,NA,2025-06-05
CY,CYP,Cyprus,2011,27641547909.7011,NA,NA,NA,2025-06-05
CY,CYP,Cyprus,2010,25799940077.6075,NA,NA,NA,2025-06-05
CY,CYP,Cyprus,2009,26048179949.1741,NA,NA,NA,2025-06-05
CY,CYP,Cyprus,2008,27844646257.507,NA,NA,NA,2025-06-05
CY,CYP,Cyprus,2007,23968727073.6381,NA,NA,NA,2025-06-05
CY,CYP,Cyprus,2006,20072754986.8272,NA,NA,NA,2025-06-05
CY,CYP,Cyprus,2005,18433412510.8817,NA,NA,NA,2025-06-05
CY,CYP,Cyprus,2004,17320551250,NA,NA,NA,2025-06-05
CY,CYP,Cyprus,2003,14547329558.3239,NA,NA,NA,2025-06-05
CY,CYP,Cyprus,2002,11420228846.1538,NA,NA,NA,2025-06-05
CY,CYP,Cyprus,2001,10397898907.1038,NA,NA,NA,2025-06-05
CY,CYP,Cyprus,2000,9985847313.85485,NA,NA,NA,2025-06-05
CY,CYP,Cyprus,1999,10497907227.616,NA,NA,NA,2025-06-05
CY,CYP,Cyprus,1998,10248618778.2805,NA,NA,NA,2025-06-05
CY,CYP,Cyprus,1997,9547816419.61231,NA,NA,NA,2025-06-05
CY,CYP,Cyprus,1996,10011914680.0502,NA,NA,NA,2025-06-05
CY,CYP,Cyprus,1995,9933137128.07244,NA,NA,NA,2025-06-05
CY,CYP,Cyprus,1994,7425703928.57143,NA,NA,NA,2025-06-05
CY,CYP,Cyprus,1993,6590291048.29211,NA,NA,NA,2025-06-05
CY,CYP,Cyprus,1992,6912150456.32334,NA,NA,NA,2025-06-05
CY,CYP,Cyprus,1991,5770197348.48485,NA,NA,NA,2025-06-05
CY,CYP,Cyprus,1990,5591130217.66965,NA,NA,NA,2025-06-05
CY,CYP,Cyprus,1989,4563482603.5503,NA,NA,NA,2025-06-05
CY,CYP,Cyprus,1988,4278792597.23965,NA,NA,NA,2025-06-05
CY,CYP,Cyprus,1987,3704813885.50548,NA,NA,NA,2025-06-05
CY,CYP,Cyprus,1986,3090734463.27684,NA,NA,NA,2025-06-05
CY,CYP,Cyprus,1985,2430411900.19194,NA,NA,NA,2025-06-05
CY,CYP,Cyprus,1984,2278248953.14058,NA,NA,NA,2025-06-05
CY,CYP,Cyprus,1983,2160364071.19021,NA,NA,NA,2025-06-05
CY,CYP,Cyprus,1982,2159242416.76942,NA,NA,NA,2025-06-05
CY,CYP,Cyprus,1981,2087496373.77964,NA,NA,NA,2025-06-05
CY,CYP,Cyprus,1980,2154311276.94859,NA,NA,NA,2025-06-05
CY,CYP,Cyprus,1979,1288699035.40477,NA,NA,NA,2025-06-05
CY,CYP,Cyprus,1978,964024705.282423,NA,NA,NA,2025-06-05
CY,CYP,Cyprus,1977,734876217.973362,NA,NA,NA,2025-06-05
CY,CYP,Cyprus,1976,576090016.356179,NA,NA,NA,2025-06-05
CY,CYP,Cyprus,1975,489912542.329518,NA,NA,NA,2025-06-05
CY,CYP,Cyprus,1974,NA,NA,NA,NA,2025-06-05
CY,CYP,Cyprus,1973,NA,NA,NA,NA,2025-06-05
CY,CYP,Cyprus,1972,NA,NA,NA,NA,2025-06-05
CY,CYP,Cyprus,1971,NA,NA,NA,NA,2025-06-05
CY,CYP,Cyprus,1970,NA,NA,NA,NA,2025-06-05
CY,CYP,Cyprus,1969,NA,NA,NA,NA,2025-06-05
CY,CYP,Cyprus,1968,NA,NA,NA,NA,2025-06-05
CY,CYP,Cyprus,1967,NA,NA,NA,NA,2025-06-05
CY,CYP,Cyprus,1966,NA,NA,NA,NA,2025-06-05
CY,CYP,Cyprus,1965,NA,NA,NA,NA,2025-06-05
CY,CYP,Cyprus,1964,NA,NA,NA,NA,2025-06-05
CY,CYP,Cyprus,1963,NA,NA,NA,NA,2025-06-05
CY,CYP,Cyprus,1962,NA,NA,NA,NA,2025-06-05
CY,CYP,Cyprus,1961,NA,NA,NA,NA,2025-06-05
CY,CYP,Cyprus,1960,NA,NA,NA,NA,2025-06-05
CZ,CZE,Czechia,2024,NA,NA,NA,NA,2025-06-05
CZ,CZE,Czechia,2023,343207874553.734,NA,NA,NA,2025-06-05
CZ,CZE,Czechia,2022,301831228325.556,NA,NA,NA,2025-06-05
CZ,CZE,Czechia,2021,290972714482.313,NA,NA,NA,2025-06-05
CZ,CZE,Czechia,2020,251109660602.536,NA,NA,NA,2025-06-05
CZ,CZE,Czechia,2019,256794209028.77,NA,NA,NA,2025-06-05
CZ,CZE,Czechia,2018,251992360762.236,NA,NA,NA,2025-06-05
CZ,CZE,Czechia,2017,221563575696.217,NA,NA,NA,2025-06-05
CZ,CZE,Czechia,2016,198160659303.939,NA,NA,NA,2025-06-05
CZ,CZE,Czechia,2015,189107698561.919,NA,NA,NA,2025-06-05
CZ,CZE,Czechia,2014,210911285077.683,NA,NA,NA,2025-06-05
CZ,CZE,Czechia,2013,213024360541.119,NA,NA,NA,2025-06-05
CZ,CZE,Czechia,2012,210363223087.728,NA,NA,NA,2025-06-05
CZ,CZE,Czechia,2011,231429378717.312,NA,NA,NA,2025-06-05
CZ,CZE,Czechia,2010,211168667286.27,NA,NA,NA,2025-06-05
CZ,CZE,Czechia,2009,206971882704.716,NA,NA,NA,2025-06-05
CZ,CZE,Czechia,2008,236506264753.95,NA,NA,NA,2025-06-05
CZ,CZE,Czechia,2007,190040702286.917,NA,NA,NA,2025-06-05
CZ,CZE,Czechia,2006,156236258386.589,NA,NA,NA,2025-06-05
CZ,CZE,Czechia,2005,137264185596.1,NA,NA,NA,2025-06-05
CZ,CZE,Czechia,2004,120147899983.657,NA,NA,NA,2025-06-05
CZ,CZE,Czechia,2003,100435924704.881,NA,NA,NA,2025-06-05
CZ,CZE,Czechia,2002,82607869609.574,NA,NA,NA,2025-06-05
CZ,CZE,Czechia,2001,68135304463.9641,NA,NA,NA,2025-06-05
CZ,CZE,Czechia,2000,62175642238.0847,NA,NA,NA,2025-06-05
CZ,CZE,Czechia,1999,65586562604.8621,NA,NA,NA,2025-06-05
CZ,CZE,Czechia,1998,67187217327.7326,NA,NA,NA,2025-06-05
CZ,CZE,Czechia,1997,62539765163.1302,NA,NA,NA,2025-06-05
CZ,CZE,Czechia,1996,67804105329.8557,NA,NA,NA,2025-06-05
CZ,CZE,Czechia,1995,60572381311.2283,NA,NA,NA,2025-06-05
CZ,CZE,Czechia,1994,48188478339.4129,NA,NA,NA,2025-06-05
CZ,CZE,Czechia,1993,41155654032.1751,NA,NA,NA,2025-06-05
CZ,CZE,Czechia,1992,35051065440.3962,NA,NA,NA,2025-06-05
CZ,CZE,Czechia,1991,30071014282.3218,NA,NA,NA,2025-06-05
CZ,CZE,Czechia,1990,41016881802.4843,NA,NA,NA,2025-06-05
CZ,CZE,Czechia,1989,NA,NA,NA,NA,2025-06-05
CZ,CZE,Czechia,1988,NA,NA,NA,NA,2025-06-05
CZ,CZE,Czechia,1987,NA,NA,NA,NA,2025-06-05
CZ,CZE,Czechia,1986,NA,NA,NA,NA,2025-06-05
CZ,CZE,Czechia,1985,NA,NA,NA,NA,2025-06-05
CZ,CZE,Czechia,1984,NA,NA,NA,NA,2025-06-05
CZ,CZE,Czechia,1983,NA,NA,NA,NA,2025-06-05
CZ,CZE,Czechia,1982,NA,NA,NA,NA,2025-06-05
CZ,CZE,Czechia,1981,NA,NA,NA,NA,2025-06-05
CZ,CZE,Czechia,1980,NA,NA,NA,NA,2025-06-05
CZ,CZE,Czechia,1979,NA,NA,NA,NA,2025-06-05
CZ,CZE,Czechia,1978,NA,NA,NA,NA,2025-06-05
CZ,CZE,Czechia,1977,NA,NA,NA,NA,2025-06-05
CZ,CZE,Czechia,1976,NA,NA,NA,NA,2025-06-05
CZ,CZE,Czechia,1975,NA,NA,NA,NA,2025-06-05
CZ,CZE,Czechia,1974,NA,NA,NA,NA,2025-06-05
CZ,CZE,Czechia,1973,NA,NA,NA,NA,2025-06-05
CZ,CZE,Czechia,1972,NA,NA,NA,NA,2025-06-05
CZ,CZE,Czechia,1971,NA,NA,NA,NA,2025-06-05
CZ,CZE,Czechia,1970,NA,NA,NA,NA,2025-06-05
CZ,CZE,Czechia,1969,NA,NA,NA,NA,2025-06-05
CZ,CZE,Czechia,1968,NA,NA,NA,NA,2025-06-05
CZ,CZE,Czechia,1967,NA,NA,NA,NA,2025-06-05
CZ,CZE,Czechia,1966,NA,NA,NA,NA,2025-06-05
CZ,CZE,Czechia,1965,NA,NA,NA,NA,2025-06-05
CZ,CZE,Czechia,1964,NA,NA,NA,NA,2025-06-05
CZ,CZE,Czechia,1963,NA,NA,NA,NA,2025-06-05
CZ,CZE,Czechia,1962,NA,NA,NA,NA,2025-06-05
CZ,CZE,Czechia,1961,NA,NA,NA,NA,2025-06-05
CZ,CZE,Czechia,1960,NA,NA,NA,NA,2025-06-05
DK,DNK,Denmark,2024,NA,NA,NA,NA,2025-06-05
DK,DNK,Denmark,2023,407091920305.404,NA,NA,NA,2025-06-05
DK,DNK,Denmark,2022,401945576107.963,NA,NA,NA,2025-06-05
DK,DNK,Denmark,2021,408378204639.999,NA,NA,NA,2025-06-05
DK,DNK,Denmark,2020,355631021931.621,NA,NA,NA,2025-06-05
DK,DNK,Denmark,2019,345401473012.615,NA,NA,NA,2025-06-05
DK,DNK,Denmark,2018,355293374912.393,NA,NA,NA,2025-06-05
DK,DNK,Denmark,2017,331610593961.988,NA,NA,NA,2025-06-05
DK,DNK,Denmark,2016,312181849372.233,NA,NA,NA,2025-06-05
DK,DNK,Denmark,2015,301758922337.637,NA,NA,NA,2025-06-05
DK,DNK,Denmark,2014,352832602064.452,NA,NA,NA,2025-06-05
DK,DNK,Denmark,2013,344631016965.12,NA,NA,NA,2025-06-05
DK,DNK,Denmark,2012,326792574244.963,NA,NA,NA,2025-06-05
DK,DNK,Denmark,2011,344315595263.175,NA,NA,NA,2025-06-05
DK,DNK,Denmark,2010,322345594075.47,NA,NA,NA,2025-06-05
DK,DNK,Denmark,2009,322619152194.594,NA,NA,NA,2025-06-05
DK,DNK,Denmark,2008,354979471960.142,NA,NA,NA,2025-06-05
DK,DNK,Denmark,2007,320213157595.018,NA,NA,NA,2025-06-05
DK,DNK,Denmark,2006,283386151543.687,NA,NA,NA,2025-06-05
DK,DNK,Denmark,2005,265150087711.985,NA,NA,NA,2025-06-05
DK,DNK,Denmark,2004,251986155630.852,NA,NA,NA,2025-06-05
DK,DNK,Denmark,2003,218421193436.252,NA,NA,NA,2025-06-05
DK,DNK,Denmark,2002,178788209558.311,NA,NA,NA,2025-06-05
DK,DNK,Denmark,2001,164881594415.341,NA,NA,NA,2025-06-05
DK,DNK,Denmark,2000,164043817223.59,NA,NA,NA,2025-06-05
DK,DNK,Denmark,1999,177887720535.535,NA,NA,NA,2025-06-05
DK,DNK,Denmark,1998,176877077513.133,NA,NA,NA,2025-06-05
DK,DNK,Denmark,1997,173241365735.483,NA,NA,NA,2025-06-05
DK,DNK,Denmark,1996,187481157845.724,NA,NA,NA,2025-06-05
DK,DNK,Denmark,1995,184848481008.139,NA,NA,NA,2025-06-05
DK,DNK,Denmark,1994,156017919221.457,NA,NA,NA,2025-06-05
DK,DNK,Denmark,1993,143111306004.102,NA,NA,NA,2025-06-05
DK,DNK,Denmark,1992,152966494259.538,NA,NA,NA,2025-06-05
DK,DNK,Denmark,1991,139180507777.691,NA,NA,NA,2025-06-05
DK,DNK,Denmark,1990,138217740684.484,NA,NA,NA,2025-06-05
DK,DNK,Denmark,1989,112312200760.581,NA,NA,NA,2025-06-05
DK,DNK,Denmark,1988,115540189705.118,NA,NA,NA,2025-06-05
DK,DNK,Denmark,1987,109183446340.073,NA,NA,NA,2025-06-05
DK,DNK,Denmark,1986,87748695216.9077,NA,NA,NA,2025-06-05
DK,DNK,Denmark,1985,62452421010.9094,NA,NA,NA,2025-06-05
DK,DNK,Denmark,1984,58868891334.9941,NA,NA,NA,2025-06-05
DK,DNK,Denmark,1983,60331158447.2389,NA,NA,NA,2025-06-05
DK,DNK,Denmark,1982,60084214872.0657,NA,NA,NA,2025-06-05
DK,DNK,Denmark,1981,61459941460.5385,NA,NA,NA,2025-06-05
DK,DNK,Denmark,1980,70811287815.6106,NA,NA,NA,2025-06-05
DK,DNK,Denmark,1979,70393030602.547,NA,NA,NA,2025-06-05
DK,DNK,Denmark,1978,60320089217.713,NA,NA,NA,2025-06-05
DK,DNK,Denmark,1977,49711709588.2196,NA,NA,NA,2025-06-05
DK,DNK,Denmark,1976,44503607444.1687,NA,NA,NA,2025-06-05
DK,DNK,Denmark,1975,40418967665.5877,NA,NA,NA,2025-06-05
DK,DNK,Denmark,1974,34125712480.9267,NA,NA,NA,2025-06-05
DK,DNK,Denmark,1973,30718181337.3006,NA,NA,NA,2025-06-05
DK,DNK,Denmark,1972,23230667549.2496,NA,NA,NA,2025-06-05
DK,DNK,Denmark,1971,19086192720.4664,NA,NA,NA,2025-06-05
DK,DNK,Denmark,1970,17075457733.3333,NA,NA,NA,2025-06-05
DK,DNK,Denmark,1969,15414902666.6667,NA,NA,NA,2025-06-05
DK,DNK,Denmark,1968,13505574133.3333,NA,NA,NA,2025-06-05
DK,DNK,Denmark,1967,13059064805.8774,NA,NA,NA,2025-06-05
DK,DNK,Denmark,1966,11931740293.0378,NA,NA,NA,2025-06-05
DK,DNK,Denmark,1965,10870670865.3211,NA,NA,NA,2025-06-05
DK,DNK,Denmark,1964,9677401337.17309,NA,NA,NA,2025-06-05
DK,DNK,Denmark,1963,8466044979.87996,NA,NA,NA,2025-06-05
DK,DNK,Denmark,1962,7953274741.29303,NA,NA,NA,2025-06-05
DK,DNK,Denmark,1961,7058361229.35415,NA,NA,NA,2025-06-05
DK,DNK,Denmark,1960,6361166544.50349,NA,NA,NA,2025-06-05
DJ,DJI,Djibouti,2024,NA,NA,NA,NA,2025-06-05
DJ,DJI,Djibouti,2023,4098530513.55777,NA,NA,NA,2025-06-05
DJ,DJI,Djibouti,2022,3674298479.07676,NA,NA,NA,2025-06-05
DJ,DJI,Djibouti,2021,3385825228.86997,NA,NA,NA,2025-06-05
DJ,DJI,Djibouti,2020,3185150981.03207,NA,NA,NA,2025-06-05
DJ,DJI,Djibouti,2019,3088853638.56832,NA,NA,NA,2025-06-05
DJ,DJI,Djibouti,2018,2913466732.12507,NA,NA,NA,2025-06-05
DJ,DJI,Djibouti,2017,2762581334.22612,NA,NA,NA,2025-06-05
DJ,DJI,Djibouti,2016,2604955228.70117,NA,NA,NA,2025-06-05
DJ,DJI,Djibouti,2015,2424391785.43897,NA,NA,NA,2025-06-05
DJ,DJI,Djibouti,2014,2214679081.25658,NA,NA,NA,2025-06-05
DJ,DJI,Djibouti,2013,2042817162.85639,NA,NA,NA,2025-06-05
DJ,DJI,Djibouti,2012,1353632941.5207,NA,NA,NA,2025-06-05
DJ,DJI,Djibouti,2011,1239144501.77525,NA,NA,NA,2025-06-05
DJ,DJI,Djibouti,2010,1128611700.3618,NA,NA,NA,2025-06-05
DJ,DJI,Djibouti,2009,1049110684.72493,NA,NA,NA,2025-06-05
DJ,DJI,Djibouti,2008,999105339.267729,NA,NA,NA,2025-06-05
DJ,DJI,Djibouti,2007,847918929.107984,NA,NA,NA,2025-06-05
DJ,DJI,Djibouti,2006,768873684.032838,NA,NA,NA,2025-06-05
DJ,DJI,Djibouti,2005,708633194.726566,NA,NA,NA,2025-06-05
DJ,DJI,Djibouti,2004,666072101.777505,NA,NA,NA,2025-06-05
DJ,DJI,Djibouti,2003,622044665.515049,NA,NA,NA,2025-06-05
DJ,DJI,Djibouti,2002,591122039.601398,NA,NA,NA,2025-06-05
DJ,DJI,Djibouti,2001,572417440.820162,NA,NA,NA,2025-06-05
DJ,DJI,Djibouti,2000,551230861.856505,NA,NA,NA,2025-06-05
DJ,DJI,Djibouti,1999,536080148.097299,NA,NA,NA,2025-06-05
DJ,DJI,Djibouti,1998,514267869.300758,NA,NA,NA,2025-06-05
DJ,DJI,Djibouti,1997,502675542.001227,NA,NA,NA,2025-06-05
DJ,DJI,Djibouti,1996,494004647.73437,NA,NA,NA,2025-06-05
DJ,DJI,Djibouti,1995,497723960.589913,NA,NA,NA,2025-06-05
DJ,DJI,Djibouti,1994,491689220.744875,NA,NA,NA,2025-06-05
DJ,DJI,Djibouti,1993,466048469.22986,NA,NA,NA,2025-06-05
DJ,DJI,Djibouti,1992,478058304.871118,NA,NA,NA,2025-06-05
DJ,DJI,Djibouti,1991,462421998.525779,NA,NA,NA,2025-06-05
DJ,DJI,Djibouti,1990,452328087.282876,NA,NA,NA,2025-06-05
DJ,DJI,Djibouti,1989,409220087.102818,NA,NA,NA,2025-06-05
DJ,DJI,Djibouti,1988,395794538.630775,NA,NA,NA,2025-06-05
DJ,DJI,Djibouti,1987,373371738.286415,NA,NA,NA,2025-06-05
DJ,DJI,Djibouti,1986,NA,NA,NA,NA,2025-06-05
DJ,DJI,Djibouti,1985,340989527.967995,NA,NA,NA,2025-06-05
DJ,DJI,Djibouti,1984,NA,NA,NA,NA,2025-06-05
DJ,DJI,Djibouti,1983,NA,NA,NA,NA,2025-06-05
DJ,DJI,Djibouti,1982,NA,NA,NA,NA,2025-06-05
DJ,DJI,Djibouti,1981,NA,NA,NA,NA,2025-06-05
DJ,DJI,Djibouti,1980,NA,NA,NA,NA,2025-06-05
DJ,DJI,Djibouti,1979,NA,NA,NA,NA,2025-06-05
DJ,DJI,Djibouti,1978,NA,NA,NA,NA,2025-06-05
DJ,DJI,Djibouti,1977,NA,NA,NA,NA,2025-06-05
DJ,DJI,Djibouti,1976,NA,NA,NA,NA,2025-06-05
DJ,DJI,Djibouti,1975,NA,NA,NA,NA,2025-06-05
DJ,DJI,Djibouti,1974,NA,NA,NA,NA,2025-06-05
DJ,DJI,Djibouti,1973,NA,NA,NA,NA,2025-06-05
DJ,DJI,Djibouti,1972,NA,NA,NA,NA,2025-06-05
DJ,DJI,Djibouti,1971,NA,NA,NA,NA,2025-06-05
DJ,DJI,Djibouti,1970,NA,NA,NA,NA,2025-06-05
DJ,DJI,Djibouti,1969,NA,NA,NA,NA,2025-06-05
DJ,DJI,Djibouti,1968,NA,NA,NA,NA,2025-06-05
DJ,DJI,Djibouti,1967,NA,NA,NA,NA,2025-06-05
DJ,DJI,Djibouti,1966,NA,NA,NA,NA,2025-06-05
DJ,DJI,Djibouti,1965,NA,NA,NA,NA,2025-06-05
DJ,DJI,Djibouti,1964,NA,NA,NA,NA,2025-06-05
DJ,DJI,Djibouti,1963,NA,NA,NA,NA,2025-06-05
DJ,DJI,Djibouti,1962,NA,NA,NA,NA,2025-06-05
DJ,DJI,Djibouti,1961,NA,NA,NA,NA,2025-06-05
DJ,DJI,Djibouti,1960,NA,NA,NA,NA,2025-06-05
DM,DMA,Dominica,2024,NA,NA,NA,NA,2025-06-05
DM,DMA,Dominica,2023,653992592.592593,NA,NA,NA,2025-06-05
DM,DMA,Dominica,2022,607159259.259259,NA,NA,NA,2025-06-05
DM,DMA,Dominica,2021,555266666.666667,NA,NA,NA,2025-06-05
DM,DMA,Dominica,2020,504214814.814815,NA,NA,NA,2025-06-05
DM,DMA,Dominica,2019,611537037.037037,NA,NA,NA,2025-06-05
DM,DMA,Dominica,2018,554770370.37037,NA,NA,NA,2025-06-05
DM,DMA,Dominica,2017,521551851.851852,NA,NA,NA,2025-06-05
DM,DMA,Dominica,2016,576229629.62963,NA,NA,NA,2025-06-05
DM,DMA,Dominica,2015,540737037.037037,NA,NA,NA,2025-06-05
DM,DMA,Dominica,2014,520429629.62963,NA,NA,NA,2025-06-05
DM,DMA,Dominica,2013,498296296.296296,NA,NA,NA,2025-06-05
DM,DMA,Dominica,2012,485996296.296296,NA,NA,NA,2025-06-05
DM,DMA,Dominica,2011,501025925.925926,NA,NA,NA,2025-06-05
DM,DMA,Dominica,2010,493825925.925926,NA,NA,NA,2025-06-05
DM,DMA,Dominica,2009,489074074.074074,NA,NA,NA,2025-06-05
DM,DMA,Dominica,2008,458188888.888889,NA,NA,NA,2025-06-05
DM,DMA,Dominica,2007,421374074.074074,NA,NA,NA,2025-06-05
DM,DMA,Dominica,2006,390251851.851852,NA,NA,NA,2025-06-05
DM,DMA,Dominica,2005,364255555.555556,NA,NA,NA,2025-06-05
DM,DMA,Dominica,2004,367200000,NA,NA,NA,2025-06-05
DM,DMA,Dominica,2003,343311111.111111,NA,NA,NA,2025-06-05
DM,DMA,Dominica,2002,333196296.296296,NA,NA,NA,2025-06-05
DM,DMA,Dominica,2001,340203703.703704,NA,NA,NA,2025-06-05
DM,DMA,Dominica,2000,333470370.37037,NA,NA,NA,2025-06-05
DM,DMA,Dominica,1999,331759259.259259,NA,NA,NA,2025-06-05
DM,DMA,Dominica,1998,322411111.111111,NA,NA,NA,2025-06-05
DM,DMA,Dominica,1997,302988888.888889,NA,NA,NA,2025-06-05
DM,DMA,Dominica,1996,292285185.185185,NA,NA,NA,2025-06-05
DM,DMA,Dominica,1995,274522222.222222,NA,NA,NA,2025-06-05
DM,DMA,Dominica,1994,264374074.074074,NA,NA,NA,2025-06-05
DM,DMA,Dominica,1993,245525925.925926,NA,NA,NA,2025-06-05
DM,DMA,Dominica,1992,234059259.259259,NA,NA,NA,2025-06-05
DM,DMA,Dominica,1991,219762962.962963,NA,NA,NA,2025-06-05
DM,DMA,Dominica,1990,201429629.62963,NA,NA,NA,2025-06-05
DM,DMA,Dominica,1989,185137242.96296301,NA,NA,NA,2025-06-05
DM,DMA,Dominica,1988,171106184.074074,NA,NA,NA,2025-06-05
DM,DMA,Dominica,1987,151868754.444444,NA,NA,NA,2025-06-05
DM,DMA,Dominica,1986,135161958.518519,NA,NA,NA,2025-06-05
DM,DMA,Dominica,1985,119491932.962963,NA,NA,NA,2025-06-05
DM,DMA,Dominica,1984,109157070.740741,NA,NA,NA,2025-06-05
DM,DMA,Dominica,1983,98665191.481481507,NA,NA,NA,2025-06-05
DM,DMA,Dominica,1982,89527576.6666667,NA,NA,NA,2025-06-05
DM,DMA,Dominica,1981,82107391.1111111,NA,NA,NA,2025-06-05
DM,DMA,Dominica,1980,72804653.3333333,NA,NA,NA,2025-06-05
DM,DMA,Dominica,1979,55017758.8888889,NA,NA,NA,2025-06-05
DM,DMA,Dominica,1978,57130215.5555556,NA,NA,NA,2025-06-05
DM,DMA,Dominica,1977,45872947.4074074,NA,NA,NA,2025-06-05
DM,DMA,Dominica,1976,NA,NA,NA,NA,2025-06-05
DM,DMA,Dominica,1975,NA,NA,NA,NA,2025-06-05
DM,DMA,Dominica,1974,NA,NA,NA,NA,2025-06-05
DM,DMA,Dominica,1973,NA,NA,NA,NA,2025-06-05
DM,DMA,Dominica,1972,NA,NA,NA,NA,2025-06-05
DM,DMA,Dominica,1971,NA,NA,NA,NA,2025-06-05
DM,DMA,Dominica,1970,NA,NA,NA,NA,2025-06-05
DM,DMA,Dominica,1969,NA,NA,NA,NA,2025-06-05
DM,DMA,Dominica,1968,NA,NA,NA,NA,2025-06-05
DM,DMA,Dominica,1967,NA,NA,NA,NA,2025-06-05
DM,DMA,Dominica,1966,NA,NA,NA,NA,2025-06-05
DM,DMA,Dominica,1965,NA,NA,NA,NA,2025-06-05
DM,DMA,Dominica,1964,NA,NA,NA,NA,2025-06-05
DM,DMA,Dominica,1963,NA,NA,NA,NA,2025-06-05
DM,DMA,Dominica,1962,NA,NA,NA,NA,2025-06-05
DM,DMA,Dominica,1961,NA,NA,NA,NA,2025-06-05
DM,DMA,Dominica,1960,NA,NA,NA,NA,2025-06-05
DO,DOM,Dominican Republic,2024,NA,NA,NA,NA,2025-06-05
DO,DOM,Dominican Republic,2023,121444279313.931,NA,NA,NA,2025-06-05
DO,DOM,Dominican Republic,2022,113537368176.13,NA,NA,NA,2025-06-05
DO,DOM,Dominican Republic,2021,94243425938.3647,NA,NA,NA,2025-06-05
DO,DOM,Dominican Republic,2020,78844656298.1776,NA,NA,NA,2025-06-05
DO,DOM,Dominican Republic,2019,88941372558.2397,NA,NA,NA,2025-06-05
DO,DOM,Dominican Republic,2018,85555390139.118,NA,NA,NA,2025-06-05
DO,DOM,Dominican Republic,2017,79998046305.79,NA,NA,NA,2025-06-05
DO,DOM,Dominican Republic,2016,75704647877.6559,NA,NA,NA,2025-06-05
DO,DOM,Dominican Republic,2015,71164826836.5281,NA,NA,NA,2025-06-05
DO,DOM,Dominican Republic,2014,67179955677.2791,NA,NA,NA,2025-06-05
DO,DOM,Dominican Republic,2013,62682159338.0354,NA,NA,NA,2025-06-05
DO,DOM,Dominican Republic,2012,60681535652.5373,NA,NA,NA,2025-06-05
DO,DOM,Dominican Republic,2011,58029773599.455,NA,NA,NA,2025-06-05
DO,DOM,Dominican Republic,2010,53860187257.9593,NA,NA,NA,2025-06-05
DO,DOM,Dominican Republic,2009,48261078913.7266,NA,NA,NA,2025-06-05
DO,DOM,Dominican Republic,2008,48122601530.3324,NA,NA,NA,2025-06-05
DO,DOM,Dominican Republic,2007,43965458508.5056,NA,NA,NA,2025-06-05
DO,DOM,Dominican Republic,2006,37879830084.2627,NA,NA,NA,2025-06-05
DO,DOM,Dominican Republic,2005,35777560683.9366,NA,NA,NA,2025-06-05
DO,DOM,Dominican Republic,2004,22322387382.494,NA,NA,NA,2025-06-05
DO,DOM,Dominican Republic,2003,21403167848.1444,NA,NA,NA,2025-06-05
DO,DOM,Dominican Republic,2002,27137440786.2562,NA,NA,NA,2025-06-05
DO,DOM,Dominican Republic,2001,25601823687.5742,NA,NA,NA,2025-06-05
DO,DOM,Dominican Republic,2000,24305780628.6677,NA,NA,NA,2025-06-05
DO,DOM,Dominican Republic,1999,22136579396.9218,NA,NA,NA,2025-06-05
DO,DOM,Dominican Republic,1998,21672215546.7642,NA,NA,NA,2025-06-05
DO,DOM,Dominican Republic,1997,20017450041.3075,NA,NA,NA,2025-06-05
DO,DOM,Dominican Republic,1996,18241622547.5908,NA,NA,NA,2025-06-05
DO,DOM,Dominican Republic,1995,16637370839.1608,NA,NA,NA,2025-06-05
DO,DOM,Dominican Republic,1994,14644734599.4778,NA,NA,NA,2025-06-05
DO,DOM,Dominican Republic,1993,13081042400,NA,NA,NA,2025-06-05
DO,DOM,Dominican Republic,1992,11605382504,NA,NA,NA,2025-06-05
DO,DOM,Dominican Republic,1991,9824483339.94518,NA,NA,NA,2025-06-05
DO,DOM,Dominican Republic,1990,7073675544.79021,NA,NA,NA,2025-06-05
DO,DOM,Dominican Republic,1989,6686593059.93691,NA,NA,NA,2025-06-05
DO,DOM,Dominican Republic,1988,5374299981.49698,NA,NA,NA,2025-06-05
DO,DOM,Dominican Republic,1987,5827050753.25937,NA,NA,NA,2025-06-05
DO,DOM,Dominican Republic,1986,6122128557.57243,NA,NA,NA,2025-06-05
DO,DOM,Dominican Republic,1985,5044579979.23285,NA,NA,NA,2025-06-05
DO,DOM,Dominican Republic,1984,11594000000,NA,NA,NA,2025-06-05
DO,DOM,Dominican Republic,1983,9220600000,NA,NA,NA,2025-06-05
DO,DOM,Dominican Republic,1982,8267400000,NA,NA,NA,2025-06-05
DO,DOM,Dominican Republic,1981,7561300000,NA,NA,NA,2025-06-05
DO,DOM,Dominican Republic,1980,6761300000,NA,NA,NA,2025-06-05
DO,DOM,Dominican Republic,1979,5498800000,NA,NA,NA,2025-06-05
DO,DOM,Dominican Republic,1978,4734400000,NA,NA,NA,2025-06-05
DO,DOM,Dominican Republic,1977,4587100000,NA,NA,NA,2025-06-05
DO,DOM,Dominican Republic,1976,3951500000,NA,NA,NA,2025-06-05
DO,DOM,Dominican Republic,1975,3599200000,NA,NA,NA,2025-06-05
DO,DOM,Dominican Republic,1974,2925700000,NA,NA,NA,2025-06-05
DO,DOM,Dominican Republic,1973,2344800000,NA,NA,NA,2025-06-05
DO,DOM,Dominican Republic,1972,1987400000,NA,NA,NA,2025-06-05
DO,DOM,Dominican Republic,1971,1666500000,NA,NA,NA,2025-06-05
DO,DOM,Dominican Republic,1970,1485500000,NA,NA,NA,2025-06-05
DO,DOM,Dominican Republic,1969,1230500000,NA,NA,NA,2025-06-05
DO,DOM,Dominican Republic,1968,1079100000,NA,NA,NA,2025-06-05
DO,DOM,Dominican Republic,1967,1034800000,NA,NA,NA,2025-06-05
DO,DOM,Dominican Republic,1966,983900000,NA,NA,NA,2025-06-05
DO,DOM,Dominican Republic,1965,888100000,NA,NA,NA,2025-06-05
DO,DOM,Dominican Republic,1964,1025599900,NA,NA,NA,2025-06-05
DO,DOM,Dominican Republic,1963,940799900,NA,NA,NA,2025-06-05
DO,DOM,Dominican Republic,1962,824100000,NA,NA,NA,2025-06-05
DO,DOM,Dominican Republic,1961,654100200,NA,NA,NA,2025-06-05
DO,DOM,Dominican Republic,1960,672399700,NA,NA,NA,2025-06-05
EC,ECU,Ecuador,2024,NA,NA,NA,NA,2025-06-05
EC,ECU,Ecuador,2023,118844826000,NA,NA,NA,2025-06-05
EC,ECU,Ecuador,2022,116586079000,NA,NA,NA,2025-06-05
EC,ECU,Ecuador,2021,107435101000,NA,NA,NA,2025-06-05
EC,ECU,Ecuador,2020,95865472000,NA,NA,NA,2025-06-05
EC,ECU,Ecuador,2019,107595829000,NA,NA,NA,2025-06-05
EC,ECU,Ecuador,2018,107478962000,NA,NA,NA,2025-06-05
EC,ECU,Ecuador,2017,104467486000,NA,NA,NA,2025-06-05
EC,ECU,Ecuador,2016,97671433000,NA,NA,NA,2025-06-05
EC,ECU,Ecuador,2015,97209558000,NA,NA,NA,2025-06-05
EC,ECU,Ecuador,2014,102717794000,NA,NA,NA,2025-06-05
EC,ECU,Ecuador,2013,96570334000,NA,NA,NA,2025-06-05
EC,ECU,Ecuador,2012,87735048000,NA,NA,NA,2025-06-05
EC,ECU,Ecuador,2011,78986648000,NA,NA,NA,2025-06-05
EC,ECU,Ecuador,2010,68151329000,NA,NA,NA,2025-06-05
EC,ECU,Ecuador,2009,60094978000,NA,NA,NA,2025-06-05
EC,ECU,Ecuador,2008,61139438000,NA,NA,NA,2025-06-05
EC,ECU,Ecuador,2007,49848725000,NA,NA,NA,2025-06-05
EC,ECU,Ecuador,2006,45690762000,NA,NA,NA,2025-06-05
EC,ECU,Ecuador,2005,40278849000,NA,NA,NA,2025-06-05
EC,ECU,Ecuador,2004,35194947000,NA,NA,NA,2025-06-05
EC,ECU,Ecuador,2003,30965208000,NA,NA,NA,2025-06-05
EC,ECU,Ecuador,2002,27054197000,NA,NA,NA,2025-06-05
EC,ECU,Ecuador,2001,23127055000,NA,NA,NA,2025-06-05
EC,ECU,Ecuador,2000,17539454727.3637,NA,NA,NA,2025-06-05
EC,ECU,Ecuador,1999,19645272636.3182,NA,NA,NA,2025-06-05
EC,ECU,Ecuador,1998,27981896948.4742,NA,NA,NA,2025-06-05
EC,ECU,Ecuador,1997,28162053026.5133,NA,NA,NA,2025-06-05
EC,ECU,Ecuador,1996,25226393196.5983,NA,NA,NA,2025-06-05
EC,ECU,Ecuador,1995,24432884442.2211,NA,NA,NA,2025-06-05
EC,ECU,Ecuador,1994,22708673336.6683,NA,NA,NA,2025-06-05
EC,ECU,Ecuador,1993,18938717358.6793,NA,NA,NA,2025-06-05
EC,ECU,Ecuador,1992,18094238119.0595,NA,NA,NA,2025-06-05
EC,ECU,Ecuador,1991,16988535267.6338,NA,NA,NA,2025-06-05
EC,ECU,Ecuador,1990,15239272611.5809,NA,NA,NA,2025-06-05
EC,ECU,Ecuador,1989,13890823704.5545,NA,NA,NA,2025-06-05
EC,ECU,Ecuador,1988,13051881851.4068,NA,NA,NA,2025-06-05
EC,ECU,Ecuador,1987,13945426859.4657,NA,NA,NA,2025-06-05
EC,ECU,Ecuador,1986,15314138472.3282,NA,NA,NA,2025-06-05
EC,ECU,Ecuador,1985,17149088413.35,NA,NA,NA,2025-06-05
EC,ECU,Ecuador,1984,16912509091.855,NA,NA,NA,2025-06-05
EC,ECU,Ecuador,1983,17152477036.5005,NA,NA,NA,2025-06-05
EC,ECU,Ecuador,1982,19929846396.4239,NA,NA,NA,2025-06-05
EC,ECU,Ecuador,1981,21810759353.7304,NA,NA,NA,2025-06-05
EC,ECU,Ecuador,1980,17881508242.4481,NA,NA,NA,2025-06-05
EC,ECU,Ecuador,1979,14175160902.0721,NA,NA,NA,2025-06-05
EC,ECU,Ecuador,1978,11922497876.4828,NA,NA,NA,2025-06-05
EC,ECU,Ecuador,1977,11026342618.1141,NA,NA,NA,2025-06-05
EC,ECU,Ecuador,1976,9091921030.17345,NA,NA,NA,2025-06-05
EC,ECU,Ecuador,1975,7731674472.07212,NA,NA,NA,2025-06-05
EC,ECU,Ecuador,1974,6599257044.12414,NA,NA,NA,2025-06-05
EC,ECU,Ecuador,1973,3891754150.23796,NA,NA,NA,2025-06-05
EC,ECU,Ecuador,1972,3185986087.33583,NA,NA,NA,2025-06-05
EC,ECU,Ecuador,1971,2754219271.03082,NA,NA,NA,2025-06-05
EC,ECU,Ecuador,1970,2862503139.00358,NA,NA,NA,2025-06-05
EC,ECU,Ecuador,1969,3112165727.38342,NA,NA,NA,2025-06-05
EC,ECU,Ecuador,1968,2582179864.15493,NA,NA,NA,2025-06-05
EC,ECU,Ecuador,1967,2553595172.08743,NA,NA,NA,2025-06-05
EC,ECU,Ecuador,1966,2429308638.838,NA,NA,NA,2025-06-05
EC,ECU,Ecuador,1965,2387047395.70254,NA,NA,NA,2025-06-05
EC,ECU,Ecuador,1964,2244146102.98333,NA,NA,NA,2025-06-05
EC,ECU,Ecuador,1963,1824343870.71407,NA,NA,NA,2025-06-05
EC,ECU,Ecuador,1962,1518207703.48997,NA,NA,NA,2025-06-05
EC,ECU,Ecuador,1961,1753850955.05808,NA,NA,NA,2025-06-05
EC,ECU,Ecuador,1960,2069464937.19791,NA,NA,NA,2025-06-05
EG,EGY,"Egypt, Arab Rep.",2024,NA,NA,NA,NA,2025-06-05
EG,EGY,"Egypt, Arab Rep.",2023,396002496996.96,NA,NA,NA,2025-06-05
EG,EGY,"Egypt, Arab Rep.",2022,476747720364.742,NA,NA,NA,2025-06-05
EG,EGY,"Egypt, Arab Rep.",2021,424671765455.704,NA,NA,NA,2025-06-05
EG,EGY,"Egypt, Arab Rep.",2020,383817841547.099,NA,NA,NA,2025-06-05
EG,EGY,"Egypt, Arab Rep.",2019,318678815489.749,NA,NA,NA,2025-06-05
EG,EGY,"Egypt, Arab Rep.",2018,262588632526.73,NA,NA,NA,2025-06-05
EG,EGY,"Egypt, Arab Rep.",2017,248362771739.13,NA,NA,NA,2025-06-05
EG,EGY,"Egypt, Arab Rep.",2016,332441717791.411,NA,NA,NA,2025-06-05
EG,EGY,"Egypt, Arab Rep.",2015,329366576819.407,NA,NA,NA,2025-06-05
EG,EGY,"Egypt, Arab Rep.",2014,305595408895.265,NA,NA,NA,2025-06-05
EG,EGY,"Egypt, Arab Rep.",2013,288434108527.132,NA,NA,NA,2025-06-05
EG,EGY,"Egypt, Arab Rep.",2012,279116666666.667,NA,NA,NA,2025-06-05
EG,EGY,"Egypt, Arab Rep.",2011,235989672977.625,NA,NA,NA,2025-06-05
EG,EGY,"Egypt, Arab Rep.",2010,218983666061.706,NA,NA,NA,2025-06-05
EG,EGY,"Egypt, Arab Rep.",2009,189147005444.646,NA,NA,NA,2025-06-05
EG,EGY,"Egypt, Arab Rep.",2008,162818181818.182,NA,NA,NA,2025-06-05
EG,EGY,"Egypt, Arab Rep.",2007,130437828371.278,NA,NA,NA,2025-06-05
EG,EGY,"Egypt, Arab Rep.",2006,107426086956.522,NA,NA,NA,2025-06-05
EG,EGY,"Egypt, Arab Rep.",2005,89600665557.4043,NA,NA,NA,2025-06-05
EG,EGY,"Egypt, Arab Rep.",2004,78782467532.4675,NA,NA,NA,2025-06-05
EG,EGY,"Egypt, Arab Rep.",2003,80288461538.4615,NA,NA,NA,2025-06-05
EG,EGY,"Egypt, Arab Rep.",2002,85146067415.7303,NA,NA,NA,2025-06-05
EG,EGY,"Egypt, Arab Rep.",2001,96684636118.5984,NA,NA,NA,2025-06-05
EG,EGY,"Egypt, Arab Rep.",2000,99838543960.0763,NA,NA,NA,2025-06-05
EG,EGY,"Egypt, Arab Rep.",1999,90710704806.8416,NA,NA,NA,2025-06-05
EG,EGY,"Egypt, Arab Rep.",1998,84828807556.0803,NA,NA,NA,2025-06-05
EG,EGY,"Egypt, Arab Rep.",1997,78436578171.0914,NA,NA,NA,2025-06-05
EG,EGY,"Egypt, Arab Rep.",1996,67629716981.1321,NA,NA,NA,2025-06-05
EG,EGY,"Egypt, Arab Rep.",1995,60159245060.4541,NA,NA,NA,2025-06-05
EG,EGY,"Egypt, Arab Rep.",1994,51897983392.6453,NA,NA,NA,2025-06-05
EG,EGY,"Egypt, Arab Rep.",1993,46578631452.581,NA,NA,NA,2025-06-05
EG,EGY,"Egypt, Arab Rep.",1992,41855986519.4235,NA,NA,NA,2025-06-05
EG,EGY,"Egypt, Arab Rep.",1991,37387836490.5284,NA,NA,NA,2025-06-05
EG,EGY,"Egypt, Arab Rep.",1990,42978914311.3504,NA,NA,NA,2025-06-05
EG,EGY,"Egypt, Arab Rep.",1989,39756299049.9793,NA,NA,NA,2025-06-05
EG,EGY,"Egypt, Arab Rep.",1988,34980124929.0176,NA,NA,NA,2025-06-05
EG,EGY,"Egypt, Arab Rep.",1987,40455616653.5742,NA,NA,NA,2025-06-05
EG,EGY,"Egypt, Arab Rep.",1986,41253507951.3564,NA,NA,NA,2025-06-05
EG,EGY,"Egypt, Arab Rep.",1985,39053502251.0732,NA,NA,NA,2025-06-05
EG,EGY,"Egypt, Arab Rep.",1984,33971188991.6147,NA,NA,NA,2025-06-05
EG,EGY,"Egypt, Arab Rep.",1983,30966239813.7369,NA,NA,NA,2025-06-05
EG,EGY,"Egypt, Arab Rep.",1982,27655172413.7931,NA,NA,NA,2025-06-05
EG,EGY,"Egypt, Arab Rep.",1981,22136081081.0811,NA,NA,NA,2025-06-05
EG,EGY,"Egypt, Arab Rep.",1980,21669908176.3889,NA,NA,NA,2025-06-05
EG,EGY,"Egypt, Arab Rep.",1979,18020571428.5714,NA,NA,NA,2025-06-05
EG,EGY,"Egypt, Arab Rep.",1978,14811704063.0685,NA,NA,NA,2025-06-05
EG,EGY,"Egypt, Arab Rep.",1977,14400806875.9867,NA,NA,NA,2025-06-05
EG,EGY,"Egypt, Arab Rep.",1976,13315988083.4161,NA,NA,NA,2025-06-05
EG,EGY,"Egypt, Arab Rep.",1975,11632178868.9171,NA,NA,NA,2025-06-05
EG,EGY,"Egypt, Arab Rep.",1974,9228963224.60004,NA,NA,NA,2025-06-05
EG,EGY,"Egypt, Arab Rep.",1973,10098534613.4411,NA,NA,NA,2025-06-05
EG,EGY,"Egypt, Arab Rep.",1972,9299638055.84281,NA,NA,NA,2025-06-05
EG,EGY,"Egypt, Arab Rep.",1971,8609283346.08518,NA,NA,NA,2025-06-05
EG,EGY,"Egypt, Arab Rep.",1970,8042200452.1477,NA,NA,NA,2025-06-05
EG,EGY,"Egypt, Arab Rep.",1969,6524455205.81114,NA,NA,NA,2025-06-05
EG,EGY,"Egypt, Arab Rep.",1968,5932242990.65421,NA,NA,NA,2025-06-05
EG,EGY,"Egypt, Arab Rep.",1967,5605484298.98275,NA,NA,NA,2025-06-05
EG,EGY,"Egypt, Arab Rep.",1966,5278005611.91453,NA,NA,NA,2025-06-05
EG,EGY,"Egypt, Arab Rep.",1965,4948667540.41066,NA,NA,NA,2025-06-05
EG,EGY,"Egypt, Arab Rep.",1964,4709245635.2252,NA,NA,NA,2025-06-05
EG,EGY,"Egypt, Arab Rep.",1963,4187146119.1343,NA,NA,NA,2025-06-05
EG,EGY,"Egypt, Arab Rep.",1962,4035461921.91963,NA,NA,NA,2025-06-05
EG,EGY,"Egypt, Arab Rep.",1961,4494575422.17787,NA,NA,NA,2025-06-05
EG,EGY,"Egypt, Arab Rep.",1960,4206270175.31699,NA,NA,NA,2025-06-05
SV,SLV,El Salvador,2024,NA,NA,NA,NA,2025-06-05
SV,SLV,El Salvador,2023,34015620000,NA,NA,NA,2025-06-05
SV,SLV,El Salvador,2022,31988920000,NA,NA,NA,2025-06-05
SV,SLV,El Salvador,2021,29043140000,NA,NA,NA,2025-06-05
SV,SLV,El Salvador,2020,24921190000,NA,NA,NA,2025-06-05
SV,SLV,El Salvador,2019,26881140000,NA,NA,NA,2025-06-05
SV,SLV,El Salvador,2018,26020850000,NA,NA,NA,2025-06-05
SV,SLV,El Salvador,2017,24979190000,NA,NA,NA,2025-06-05
SV,SLV,El Salvador,2016,24191430000,NA,NA,NA,2025-06-05
SV,SLV,El Salvador,2015,23438240000,NA,NA,NA,2025-06-05
SV,SLV,El Salvador,2014,22593470000,NA,NA,NA,2025-06-05
SV,SLV,El Salvador,2013,21990960000,NA,NA,NA,2025-06-05
SV,SLV,El Salvador,2012,21386150000,NA,NA,NA,2025-06-05
SV,SLV,El Salvador,2011,20283780000,NA,NA,NA,2025-06-05
SV,SLV,El Salvador,2010,18447920000,NA,NA,NA,2025-06-05
SV,SLV,El Salvador,2009,17601620000,NA,NA,NA,2025-06-05
SV,SLV,El Salvador,2008,17986890000,NA,NA,NA,2025-06-05
SV,SLV,El Salvador,2007,17011750000,NA,NA,NA,2025-06-05
SV,SLV,El Salvador,2006,15999890000,NA,NA,NA,2025-06-05
SV,SLV,El Salvador,2005,14698000000,NA,NA,NA,2025-06-05
SV,SLV,El Salvador,2004,13724810900,NA,NA,NA,2025-06-05
SV,SLV,El Salvador,2003,13243892200,NA,NA,NA,2025-06-05
SV,SLV,El Salvador,2002,12664190300,NA,NA,NA,2025-06-05
SV,SLV,El Salvador,2001,12282533600,NA,NA,NA,2025-06-05
SV,SLV,El Salvador,2000,11784927700,NA,NA,NA,2025-06-05
SV,SLV,El Salvador,1999,11284197000,NA,NA,NA,2025-06-05
SV,SLV,El Salvador,1998,10936669900,NA,NA,NA,2025-06-05
SV,SLV,El Salvador,1997,10221705900,NA,NA,NA,2025-06-05
SV,SLV,El Salvador,1996,9586327800,NA,NA,NA,2025-06-05
SV,SLV,El Salvador,1995,8921947100,NA,NA,NA,2025-06-05
SV,SLV,El Salvador,1994,7679384000,NA,NA,NA,2025-06-05
SV,SLV,El Salvador,1993,6680269200,NA,NA,NA,2025-06-05
SV,SLV,El Salvador,1992,5813399300,NA,NA,NA,2025-06-05
SV,SLV,El Salvador,1991,5252342400,NA,NA,NA,2025-06-05
SV,SLV,El Salvador,1990,4817542204,NA,NA,NA,2025-06-05
SV,SLV,El Salvador,1989,4372215300,NA,NA,NA,2025-06-05
SV,SLV,El Salvador,1988,4189880000,NA,NA,NA,2025-06-05
SV,SLV,El Salvador,1987,3958045800,NA,NA,NA,2025-06-05
SV,SLV,El Salvador,1986,3771663200,NA,NA,NA,2025-06-05
SV,SLV,El Salvador,1985,3800368600,NA,NA,NA,2025-06-05
SV,SLV,El Salvador,1984,3661683400,NA,NA,NA,2025-06-05
SV,SLV,El Salvador,1983,3506347800,NA,NA,NA,2025-06-05
SV,SLV,El Salvador,1982,3399189100,NA,NA,NA,2025-06-05
SV,SLV,El Salvador,1981,3437200200,NA,NA,NA,2025-06-05
SV,SLV,El Salvador,1980,3573959900,NA,NA,NA,2025-06-05
SV,SLV,El Salvador,1979,3463639900,NA,NA,NA,2025-06-05
SV,SLV,El Salvador,1978,3127960000,NA,NA,NA,2025-06-05
SV,SLV,El Salvador,1977,2941640100,NA,NA,NA,2025-06-05
SV,SLV,El Salvador,1976,2328280100,NA,NA,NA,2025-06-05
SV,SLV,El Salvador,1975,1884120100,NA,NA,NA,2025-06-05
SV,SLV,El Salvador,1974,1665880000,NA,NA,NA,2025-06-05
SV,SLV,El Salvador,1973,1442320000,NA,NA,NA,2025-06-05
SV,SLV,El Salvador,1972,1263720000,NA,NA,NA,2025-06-05
SV,SLV,El Salvador,1971,1186120000,NA,NA,NA,2025-06-05
SV,SLV,El Salvador,1970,1132920000,NA,NA,NA,2025-06-05
SV,SLV,El Salvador,1969,1049400000,NA,NA,NA,2025-06-05
SV,SLV,El Salvador,1968,1009760100,NA,NA,NA,2025-06-05
SV,SLV,El Salvador,1967,976200000,NA,NA,NA,2025-06-05
SV,SLV,El Salvador,1966,929520000,NA,NA,NA,2025-06-05
SV,SLV,El Salvador,1965,877720000,NA,NA,NA,2025-06-05
SV,SLV,El Salvador,1964,NA,NA,NA,NA,2025-06-05
SV,SLV,El Salvador,1963,NA,NA,NA,NA,2025-06-05
SV,SLV,El Salvador,1962,NA,NA,NA,NA,2025-06-05
SV,SLV,El Salvador,1961,NA,NA,NA,NA,2025-06-05
SV,SLV,El Salvador,1960,NA,NA,NA,NA,2025-06-05
GQ,GNQ,Equatorial Guinea,2024,NA,NA,NA,NA,2025-06-05
GQ,GNQ,Equatorial Guinea,2023,12337550583.754,NA,NA,NA,2025-06-05
GQ,GNQ,Equatorial Guinea,2022,13687643435.6249,NA,NA,NA,2025-06-05
GQ,GNQ,Equatorial Guinea,2021,12215878032.7166,NA,NA,NA,2025-06-05
GQ,GNQ,Equatorial Guinea,2020,9893816007.7398,NA,NA,NA,2025-06-05
GQ,GNQ,Equatorial Guinea,2019,11364133549.7478,NA,NA,NA,2025-06-05
GQ,GNQ,Equatorial Guinea,2018,13097012133.6159,NA,NA,NA,2025-06-05
GQ,GNQ,Equatorial Guinea,2017,12200913878.9827,NA,NA,NA,2025-06-05
GQ,GNQ,Equatorial Guinea,2016,11240808847.8878,NA,NA,NA,2025-06-05
GQ,GNQ,Equatorial Guinea,2015,13185496881.0174,NA,NA,NA,2025-06-05
GQ,GNQ,Equatorial Guinea,2014,21765453081.9826,NA,NA,NA,2025-06-05
GQ,GNQ,Equatorial Guinea,2013,21948834283.7856,NA,NA,NA,2025-06-05
GQ,GNQ,Equatorial Guinea,2012,22388344143.9131,NA,NA,NA,2025-06-05
GQ,GNQ,Equatorial Guinea,2011,21357343668.9447,NA,NA,NA,2025-06-05
GQ,GNQ,Equatorial Guinea,2010,16314443436.2903,NA,NA,NA,2025-06-05
GQ,GNQ,Equatorial Guinea,2009,15027795173.2187,NA,NA,NA,2025-06-05
GQ,GNQ,Equatorial Guinea,2008,19749893536.3204,NA,NA,NA,2025-06-05
GQ,GNQ,Equatorial Guinea,2007,13071718758.7373,NA,NA,NA,2025-06-05
GQ,GNQ,Equatorial Guinea,2006,10086528698.8604,NA,NA,NA,2025-06-05
GQ,GNQ,Equatorial Guinea,2005,8217369092.65224,NA,NA,NA,2025-06-05
GQ,GNQ,Equatorial Guinea,2004,4410764338.66733,NA,NA,NA,2025-06-05
GQ,GNQ,Equatorial Guinea,2003,2484745935.09329,NA,NA,NA,2025-06-05
GQ,GNQ,Equatorial Guinea,2002,1806742742.27311,NA,NA,NA,2025-06-05
GQ,GNQ,Equatorial Guinea,2001,1461139022.02954,NA,NA,NA,2025-06-05
GQ,GNQ,Equatorial Guinea,2000,1045998496.43872,NA,NA,NA,2025-06-05
GQ,GNQ,Equatorial Guinea,1999,621117885.668503,NA,NA,NA,2025-06-05
GQ,GNQ,Equatorial Guinea,1998,370687634.425712,NA,NA,NA,2025-06-05
GQ,GNQ,Equatorial Guinea,1997,442337870.69437,NA,NA,NA,2025-06-05
GQ,GNQ,Equatorial Guinea,1996,232463022.802961,NA,NA,NA,2025-06-05
GQ,GNQ,Equatorial Guinea,1995,141853360.867855,NA,NA,NA,2025-06-05
GQ,GNQ,Equatorial Guinea,1994,100807002.540195,NA,NA,NA,2025-06-05
GQ,GNQ,Equatorial Guinea,1993,136047906.245408,NA,NA,NA,2025-06-05
GQ,GNQ,Equatorial Guinea,1992,134707183.84662,NA,NA,NA,2025-06-05
GQ,GNQ,Equatorial Guinea,1991,110906028.536862,NA,NA,NA,2025-06-05
GQ,GNQ,Equatorial Guinea,1990,112119411.489965,NA,NA,NA,2025-06-05
GQ,GNQ,Equatorial Guinea,1989,88265974.861049,NA,NA,NA,2025-06-05
GQ,GNQ,Equatorial Guinea,1988,100534656.881732,NA,NA,NA,2025-06-05
GQ,GNQ,Equatorial Guinea,1987,93345859.52973,NA,NA,NA,2025-06-05
GQ,GNQ,Equatorial Guinea,1986,76407395.8727542,NA,NA,NA,2025-06-05
GQ,GNQ,Equatorial Guinea,1985,62118569.9654481,NA,NA,NA,2025-06-05
GQ,GNQ,Equatorial Guinea,1984,50320914.4065688,NA,NA,NA,2025-06-05
GQ,GNQ,Equatorial Guinea,1983,44442456.94764,NA,NA,NA,2025-06-05
GQ,GNQ,Equatorial Guinea,1982,44294647.733479,NA,NA,NA,2025-06-05
GQ,GNQ,Equatorial Guinea,1981,36731422.8456914,NA,NA,NA,2025-06-05
GQ,GNQ,Equatorial Guinea,1980,50642880.7737503,NA,NA,NA,2025-06-05
GQ,GNQ,Equatorial Guinea,1979,NA,NA,NA,NA,2025-06-05
GQ,GNQ,Equatorial Guinea,1978,NA,NA,NA,NA,2025-06-05
GQ,GNQ,Equatorial Guinea,1977,103987520.075827,NA,NA,NA,2025-06-05
GQ,GNQ,Equatorial Guinea,1976,103653049.93797,NA,NA,NA,2025-06-05
GQ,GNQ,Equatorial Guinea,1975,104295643.388437,NA,NA,NA,2025-06-05
GQ,GNQ,Equatorial Guinea,1974,94159862.7073691,NA,NA,NA,2025-06-05
GQ,GNQ,Equatorial Guinea,1973,81203226.9138345,NA,NA,NA,2025-06-05
GQ,GNQ,Equatorial Guinea,1972,65429198.238708,NA,NA,NA,2025-06-05
GQ,GNQ,Equatorial Guinea,1971,64946954.756798,NA,NA,NA,2025-06-05
GQ,GNQ,Equatorial Guinea,1970,66331428.5714286,NA,NA,NA,2025-06-05
GQ,GNQ,Equatorial Guinea,1969,67225714.2857143,NA,NA,NA,2025-06-05
GQ,GNQ,Equatorial Guinea,1968,67514285.7142857,NA,NA,NA,2025-06-05
GQ,GNQ,Equatorial Guinea,1967,72317446.9327193,NA,NA,NA,2025-06-05
GQ,GNQ,Equatorial Guinea,1966,69110000,NA,NA,NA,2025-06-05
GQ,GNQ,Equatorial Guinea,1965,64748333.3333333,NA,NA,NA,2025-06-05
GQ,GNQ,Equatorial Guinea,1964,51915000,NA,NA,NA,2025-06-05
GQ,GNQ,Equatorial Guinea,1963,44266666.6666667,NA,NA,NA,2025-06-05
GQ,GNQ,Equatorial Guinea,1962,37253333.3333333,NA,NA,NA,2025-06-05
GQ,GNQ,Equatorial Guinea,1961,NA,NA,NA,NA,2025-06-05
GQ,GNQ,Equatorial Guinea,1960,NA,NA,NA,NA,2025-06-05
ER,ERI,Eritrea,2024,NA,NA,NA,NA,2025-06-05
ER,ERI,Eritrea,2023,NA,NA,NA,NA,2025-06-05
ER,ERI,Eritrea,2022,NA,NA,NA,NA,2025-06-05
ER,ERI,Eritrea,2021,NA,NA,NA,NA,2025-06-05
ER,ERI,Eritrea,2020,NA,NA,NA,NA,2025-06-05
ER,ERI,Eritrea,2019,NA,NA,NA,NA,2025-06-05
ER,ERI,Eritrea,2018,NA,NA,NA,NA,2025-06-05
ER,ERI,Eritrea,2017,NA,NA,NA,NA,2025-06-05
ER,ERI,Eritrea,2016,NA,NA,NA,NA,2025-06-05
ER,ERI,Eritrea,2015,NA,NA,NA,NA,2025-06-05
ER,ERI,Eritrea,2014,NA,NA,NA,NA,2025-06-05
ER,ERI,Eritrea,2013,NA,NA,NA,NA,2025-06-05
ER,ERI,Eritrea,2012,NA,NA,NA,NA,2025-06-05
ER,ERI,Eritrea,2011,2065001626.01626,NA,NA,NA,2025-06-05
ER,ERI,Eritrea,2010,1589515447.15447,NA,NA,NA,2025-06-05
ER,ERI,Eritrea,2009,1856695551.21951,NA,NA,NA,2025-06-05
ER,ERI,Eritrea,2008,1380188800,NA,NA,NA,2025-06-05
ER,ERI,Eritrea,2007,1317974491.05691,NA,NA,NA,2025-06-05
ER,ERI,Eritrea,2006,1211161879.6748,NA,NA,NA,2025-06-05
ER,ERI,Eritrea,2005,1098424685.66169,NA,NA,NA,2025-06-05
ER,ERI,Eritrea,2004,1109054005.43971,NA,NA,NA,2025-06-05
ER,ERI,Eritrea,2003,870248267.550163,NA,NA,NA,2025-06-05
ER,ERI,Eritrea,2002,729321680.154324,NA,NA,NA,2025-06-05
ER,ERI,Eritrea,2001,752371688.743186,NA,NA,NA,2025-06-05
ER,ERI,Eritrea,2000,706370815.584416,NA,NA,NA,2025-06-05
ER,ERI,Eritrea,1999,688918537.115555,NA,NA,NA,2025-06-05
ER,ERI,Eritrea,1998,745523116.900052,NA,NA,NA,2025-06-05
ER,ERI,Eritrea,1997,686490090.140141,NA,NA,NA,2025-06-05
ER,ERI,Eritrea,1996,693535954.190067,NA,NA,NA,2025-06-05
ER,ERI,Eritrea,1995,578015625,NA,NA,NA,2025-06-05
ER,ERI,Eritrea,1994,531688311.688312,NA,NA,NA,2025-06-05
ER,ERI,Eritrea,1993,467872714.755603,NA,NA,NA,2025-06-05
ER,ERI,Eritrea,1992,477101651.648376,NA,NA,NA,2025-06-05
ER,ERI,Eritrea,1991,NA,NA,NA,NA,2025-06-05
ER,ERI,Eritrea,1990,NA,NA,NA,NA,2025-06-05
ER,ERI,Eritrea,1989,NA,NA,NA,NA,2025-06-05
ER,ERI,Eritrea,1988,NA,NA,NA,NA,2025-06-05
ER,ERI,Eritrea,1987,NA,NA,NA,NA,2025-06-05
ER,ERI,Eritrea,1986,NA,NA,NA,NA,2025-06-05
ER,ERI,Eritrea,1985,NA,NA,NA,NA,2025-06-05
ER,ERI,Eritrea,1984,NA,NA,NA,NA,2025-06-05
ER,ERI,Eritrea,1983,NA,NA,NA,NA,2025-06-05
ER,ERI,Eritrea,1982,NA,NA,NA,NA,2025-06-05
ER,ERI,Eritrea,1981,NA,NA,NA,NA,2025-06-05
ER,ERI,Eritrea,1980,NA,NA,NA,NA,2025-06-05
ER,ERI,Eritrea,1979,NA,NA,NA,NA,2025-06-05
ER,ERI,Eritrea,1978,NA,NA,NA,NA,2025-06-05
ER,ERI,Eritrea,1977,NA,NA,NA,NA,2025-06-05
ER,ERI,Eritrea,1976,NA,NA,NA,NA,2025-06-05
ER,ERI,Eritrea,1975,NA,NA,NA,NA,2025-06-05
ER,ERI,Eritrea,1974,NA,NA,NA,NA,2025-06-05
ER,ERI,Eritrea,1973,NA,NA,NA,NA,2025-06-05
ER,ERI,Eritrea,1972,NA,NA,NA,NA,2025-06-05
ER,ERI,Eritrea,1971,NA,NA,NA,NA,2025-06-05
ER,ERI,Eritrea,1970,NA,NA,NA,NA,2025-06-05
ER,ERI,Eritrea,1969,NA,NA,NA,NA,2025-06-05
ER,ERI,Eritrea,1968,NA,NA,NA,NA,2025-06-05
ER,ERI,Eritrea,1967,NA,NA,NA,NA,2025-06-05
ER,ERI,Eritrea,1966,NA,NA,NA,NA,2025-06-05
ER,ERI,Eritrea,1965,NA,NA,NA,NA,2025-06-05
ER,ERI,Eritrea,1964,NA,NA,NA,NA,2025-06-05
ER,ERI,Eritrea,1963,NA,NA,NA,NA,2025-06-05
ER,ERI,Eritrea,1962,NA,NA,NA,NA,2025-06-05
ER,ERI,Eritrea,1961,NA,NA,NA,NA,2025-06-05
ER,ERI,Eritrea,1960,NA,NA,NA,NA,2025-06-05
EE,EST,Estonia,2024,NA,NA,NA,NA,2025-06-05
EE,EST,Estonia,2023,41291245222.1948,NA,NA,NA,2025-06-05
EE,EST,Estonia,2022,38376046174.971,NA,NA,NA,2025-06-05
EE,EST,Estonia,2021,37204563051.4723,NA,NA,NA,2025-06-05
EE,EST,Estonia,2020,31820771493.8974,NA,NA,NA,2025-06-05
EE,EST,Estonia,2019,31873748770.0313,NA,NA,NA,2025-06-05
EE,EST,Estonia,2018,31222632740.7247,NA,NA,NA,2025-06-05
EE,EST,Estonia,2017,27469461919.1189,NA,NA,NA,2025-06-05
EE,EST,Estonia,2016,24561027787.7896,NA,NA,NA,2025-06-05
EE,EST,Estonia,2015,23311847750.9394,NA,NA,NA,2025-06-05
EE,EST,Estonia,2014,27055689003.0038,NA,NA,NA,2025-06-05
EE,EST,Estonia,2013,25451032780.7573,NA,NA,NA,2025-06-05
EE,EST,Estonia,2012,23237406116.3988,NA,NA,NA,2025-06-05
EE,EST,Estonia,2011,23303915794.7569,NA,NA,NA,2025-06-05
EE,EST,Estonia,2010,19524355419.038,NA,NA,NA,2025-06-05
EE,EST,Estonia,2009,19633984440.1223,NA,NA,NA,2025-06-05
EE,EST,Estonia,2008,24342935403.5447,NA,NA,NA,2025-06-05
EE,EST,Estonia,2007,22450264166.4385,NA,NA,NA,2025-06-05
EE,EST,Estonia,2006,17025671810.3124,NA,NA,NA,2025-06-05
EE,EST,Estonia,2005,14109491356.7964,NA,NA,NA,2025-06-05
EE,EST,Estonia,2004,12148595031.0559,NA,NA,NA,2025-06-05
EE,EST,Estonia,2003,9876595528.45528,NA,NA,NA,2025-06-05
EE,EST,Estonia,2002,7370119619.4782,NA,NA,NA,2025-06-05
EE,EST,Estonia,2001,6250218422.70164,NA,NA,NA,2025-06-05
EE,EST,Estonia,2000,5686579747.53524,NA,NA,NA,2025-06-05
EE,EST,Estonia,1999,5756912265.75809,NA,NA,NA,2025-06-05
EE,EST,Estonia,1998,5674080542.88575,NA,NA,NA,2025-06-05
EE,EST,Estonia,1997,5154420649.23354,NA,NA,NA,2025-06-05
EE,EST,Estonia,1996,4786018988.16491,NA,NA,NA,2025-06-05
EE,EST,Estonia,1995,4502970889.06373,NA,NA,NA,2025-06-05
EE,EST,Estonia,1994,4123011419.74174,NA,NA,NA,2025-06-05
EE,EST,Estonia,1993,4013091682.2914,NA,NA,NA,2025-06-05
EE,EST,Estonia,1992,NA,NA,NA,NA,2025-06-05
EE,EST,Estonia,1991,NA,NA,NA,NA,2025-06-05
EE,EST,Estonia,1990,NA,NA,NA,NA,2025-06-05
EE,EST,Estonia,1989,NA,NA,NA,NA,2025-06-05
EE,EST,Estonia,1988,NA,NA,NA,NA,2025-06-05
EE,EST,Estonia,1987,NA,NA,NA,NA,2025-06-05
EE,EST,Estonia,1986,NA,NA,NA,NA,2025-06-05
EE,EST,Estonia,1985,NA,NA,NA,NA,2025-06-05
EE,EST,Estonia,1984,NA,NA,NA,NA,2025-06-05
EE,EST,Estonia,1983,NA,NA,NA,NA,2025-06-05
EE,EST,Estonia,1982,NA,NA,NA,NA,2025-06-05
EE,EST,Estonia,1981,NA,NA,NA,NA,2025-06-05
EE,EST,Estonia,1980,NA,NA,NA,NA,2025-06-05
EE,EST,Estonia,1979,NA,NA,NA,NA,2025-06-05
EE,EST,Estonia,1978,NA,NA,NA,NA,2025-06-05
EE,EST,Estonia,1977,NA,NA,NA,NA,2025-06-05
EE,EST,Estonia,1976,NA,NA,NA,NA,2025-06-05
EE,EST,Estonia,1975,NA,NA,NA,NA,2025-06-05
EE,EST,Estonia,1974,NA,NA,NA,NA,2025-06-05
EE,EST,Estonia,1973,NA,NA,NA,NA,2025-06-05
EE,EST,Estonia,1972,NA,NA,NA,NA,2025-06-05
EE,EST,Estonia,1971,NA,NA,NA,NA,2025-06-05
EE,EST,Estonia,1970,NA,NA,NA,NA,2025-06-05
EE,EST,Estonia,1969,NA,NA,NA,NA,2025-06-05
EE,EST,Estonia,1968,NA,NA,NA,NA,2025-06-05
EE,EST,Estonia,1967,NA,NA,NA,NA,2025-06-05
EE,EST,Estonia,1966,NA,NA,NA,NA,2025-06-05
EE,EST,Estonia,1965,NA,NA,NA,NA,2025-06-05
EE,EST,Estonia,1964,NA,NA,NA,NA,2025-06-05
EE,EST,Estonia,1963,NA,NA,NA,NA,2025-06-05
EE,EST,Estonia,1962,NA,NA,NA,NA,2025-06-05
EE,EST,Estonia,1961,NA,NA,NA,NA,2025-06-05
EE,EST,Estonia,1960,NA,NA,NA,NA,2025-06-05
SZ,SWZ,Eswatini,2024,NA,NA,NA,NA,2025-06-05
SZ,SWZ,Eswatini,2023,4442875788.08505,NA,NA,NA,2025-06-05
SZ,SWZ,Eswatini,2022,4695372785.0814,NA,NA,NA,2025-06-05
SZ,SWZ,Eswatini,2021,4737671576.32851,NA,NA,NA,2025-06-05
SZ,SWZ,Eswatini,2020,4105756862.55271,NA,NA,NA,2025-06-05
SZ,SWZ,Eswatini,2019,4594818143.27624,NA,NA,NA,2025-06-05
SZ,SWZ,Eswatini,2018,4659474399.74018,NA,NA,NA,2025-06-05
SZ,SWZ,Eswatini,2017,4437538381.32249,NA,NA,NA,2025-06-05
SZ,SWZ,Eswatini,2016,3705918654.13708,NA,NA,NA,2025-06-05
SZ,SWZ,Eswatini,2015,3878174403.5524,NA,NA,NA,2025-06-05
SZ,SWZ,Eswatini,2014,4250545460.94523,NA,NA,NA,2025-06-05
SZ,SWZ,Eswatini,2013,4418333192.47449,NA,NA,NA,2025-06-05
SZ,SWZ,Eswatini,2012,4886551483.93374,NA,NA,NA,2025-06-05
SZ,SWZ,Eswatini,2011,4820478680.18375,NA,NA,NA,2025-06-05
SZ,SWZ,Eswatini,2010,4438765085.93784,NA,NA,NA,2025-06-05
SZ,SWZ,Eswatini,2009,3580428052.81393,NA,NA,NA,2025-06-05
SZ,SWZ,Eswatini,2008,3294084314.15058,NA,NA,NA,2025-06-05
SZ,SWZ,Eswatini,2007,3469381231.49049,NA,NA,NA,2025-06-05
SZ,SWZ,Eswatini,2006,3291330019.17287,NA,NA,NA,2025-06-05
SZ,SWZ,Eswatini,2005,3178112498.67911,NA,NA,NA,2025-06-05
SZ,SWZ,Eswatini,2004,2770082791.50412,NA,NA,NA,2025-06-05
SZ,SWZ,Eswatini,2003,2197598466.25447,NA,NA,NA,2025-06-05
SZ,SWZ,Eswatini,2002,1432221739.12342,NA,NA,NA,2025-06-05
SZ,SWZ,Eswatini,2001,1542477308.89408,NA,NA,NA,2025-06-05
SZ,SWZ,Eswatini,2000,1738093840.36607,NA,NA,NA,2025-06-05
SZ,SWZ,Eswatini,1999,1547888495.98428,NA,NA,NA,2025-06-05
SZ,SWZ,Eswatini,1998,1576908856.34674,NA,NA,NA,2025-06-05
SZ,SWZ,Eswatini,1997,1716714070.12471,NA,NA,NA,2025-06-05
SZ,SWZ,Eswatini,1996,1602741833.70552,NA,NA,NA,2025-06-05
SZ,SWZ,Eswatini,1995,1698989463.99106,NA,NA,NA,2025-06-05
SZ,SWZ,Eswatini,1994,1419294254.4183,NA,NA,NA,2025-06-05
SZ,SWZ,Eswatini,1993,1357189551.68431,NA,NA,NA,2025-06-05
SZ,SWZ,Eswatini,1992,1284759927.54594,NA,NA,NA,2025-06-05
SZ,SWZ,Eswatini,1991,1156135717.94598,NA,NA,NA,2025-06-05
SZ,SWZ,Eswatini,1990,1114694040.66987,NA,NA,NA,2025-06-05
SZ,SWZ,Eswatini,1989,696921542.378265,NA,NA,NA,2025-06-05
SZ,SWZ,Eswatini,1988,692026454.737872,NA,NA,NA,2025-06-05
SZ,SWZ,Eswatini,1987,584126092.258819,NA,NA,NA,2025-06-05
SZ,SWZ,Eswatini,1986,449140318.385038,NA,NA,NA,2025-06-05
SZ,SWZ,Eswatini,1985,360079419.385958,NA,NA,NA,2025-06-05
SZ,SWZ,Eswatini,1984,494483408.878468,NA,NA,NA,2025-06-05
SZ,SWZ,Eswatini,1983,555336145.767884,NA,NA,NA,2025-06-05
SZ,SWZ,Eswatini,1982,537568059.413381,NA,NA,NA,2025-06-05
SZ,SWZ,Eswatini,1981,570774824.830585,NA,NA,NA,2025-06-05
SZ,SWZ,Eswatini,1980,541976852.577057,NA,NA,NA,2025-06-05
SZ,SWZ,Eswatini,1979,412093133.760988,NA,NA,NA,2025-06-05
SZ,SWZ,Eswatini,1978,340630085.157521,NA,NA,NA,2025-06-05
SZ,SWZ,Eswatini,1977,304060076.015019,NA,NA,NA,2025-06-05
SZ,SWZ,Eswatini,1976,272550068.137517,NA,NA,NA,2025-06-05
SZ,SWZ,Eswatini,1975,288299788.508035,NA,NA,NA,2025-06-05
SZ,SWZ,Eswatini,1974,264320940.959002,NA,NA,NA,2025-06-05
SZ,SWZ,Eswatini,1973,221915127.550763,NA,NA,NA,2025-06-05
SZ,SWZ,Eswatini,1972,146736479.235097,NA,NA,NA,2025-06-05
SZ,SWZ,Eswatini,1971,136462080.739132,NA,NA,NA,2025-06-05
SZ,SWZ,Eswatini,1970,112139955.144018,NA,NA,NA,2025-06-05
SZ,SWZ,Eswatini,1969,105419957.832017,NA,NA,NA,2025-06-05
SZ,SWZ,Eswatini,1968,79799968.0800128,NA,NA,NA,2025-06-05
SZ,SWZ,Eswatini,1967,74759970.096012,NA,NA,NA,2025-06-05
SZ,SWZ,Eswatini,1966,76859969.2560123,NA,NA,NA,2025-06-05
SZ,SWZ,Eswatini,1965,70279971.8880112,NA,NA,NA,2025-06-05
SZ,SWZ,Eswatini,1964,64980554.0077784,NA,NA,NA,2025-06-05
SZ,SWZ,Eswatini,1963,54129438.3482247,NA,NA,NA,2025-06-05
SZ,SWZ,Eswatini,1962,45927961.6288154,NA,NA,NA,2025-06-05
SZ,SWZ,Eswatini,1961,43026042.7895829,NA,NA,NA,2025-06-05
SZ,SWZ,Eswatini,1960,35076845.9692616,NA,NA,NA,2025-06-05
ET,ETH,Ethiopia,2024,NA,NA,NA,NA,2025-06-05
ET,ETH,Ethiopia,2023,163697927593.982,NA,NA,NA,2025-06-05
ET,ETH,Ethiopia,2022,126772703047.701,NA,NA,NA,2025-06-05
ET,ETH,Ethiopia,2021,111261882958.426,NA,NA,NA,2025-06-05
ET,ETH,Ethiopia,2020,107657734392.446,NA,NA,NA,2025-06-05
ET,ETH,Ethiopia,2019,95912607722.3032,NA,NA,NA,2025-06-05
ET,ETH,Ethiopia,2018,84269196625.8784,NA,NA,NA,2025-06-05
ET,ETH,Ethiopia,2017,81770886825.6048,NA,NA,NA,2025-06-05
ET,ETH,Ethiopia,2016,74296745207.8721,NA,NA,NA,2025-06-05
ET,ETH,Ethiopia,2015,64589328550.5953,NA,NA,NA,2025-06-05
ET,ETH,Ethiopia,2014,55612228233.5179,NA,NA,NA,2025-06-05
ET,ETH,Ethiopia,2013,47648276605.0123,NA,NA,NA,2025-06-05
ET,ETH,Ethiopia,2012,43310721414.0829,NA,NA,NA,2025-06-05
ET,ETH,Ethiopia,2011,31952763089.33,NA,NA,NA,2025-06-05
ET,ETH,Ethiopia,2010,29933790334.3418,NA,NA,NA,2025-06-05
ET,ETH,Ethiopia,2009,32437389116.038,NA,NA,NA,2025-06-05
ET,ETH,Ethiopia,2008,27066912635.2228,NA,NA,NA,2025-06-05
ET,ETH,Ethiopia,2007,19707616772.7996,NA,NA,NA,2025-06-05
ET,ETH,Ethiopia,2006,15280861834.6024,NA,NA,NA,2025-06-05
ET,ETH,Ethiopia,2005,12401139453.9738,NA,NA,NA,2025-06-05
ET,ETH,Ethiopia,2004,10131187261.4421,NA,NA,NA,2025-06-05
ET,ETH,Ethiopia,2003,8623691300.04079,NA,NA,NA,2025-06-05
ET,ETH,Ethiopia,2002,7850809498.16803,NA,NA,NA,2025-06-05
ET,ETH,Ethiopia,2001,8231326016.47494,NA,NA,NA,2025-06-05
ET,ETH,Ethiopia,2000,8242349617.8638,NA,NA,NA,2025-06-05
ET,ETH,Ethiopia,1999,7892973531.80045,NA,NA,NA,2025-06-05
ET,ETH,Ethiopia,1998,8013274131.69715,NA,NA,NA,2025-06-05
ET,ETH,Ethiopia,1997,8803539988.33248,NA,NA,NA,2025-06-05
ET,ETH,Ethiopia,1996,8761215548.48614,NA,NA,NA,2025-06-05
ET,ETH,Ethiopia,1995,7855205206.93405,NA,NA,NA,2025-06-05
ET,ETH,Ethiopia,1994,7100806753.92942,NA,NA,NA,2025-06-05
ET,ETH,Ethiopia,1993,9051043870.12197,NA,NA,NA,2025-06-05
ET,ETH,Ethiopia,1992,10754799036.5745,NA,NA,NA,2025-06-05
ET,ETH,Ethiopia,1991,13799799323.6715,NA,NA,NA,2025-06-05
ET,ETH,Ethiopia,1990,12478943895.1691,NA,NA,NA,2025-06-05
ET,ETH,Ethiopia,1989,11762932007.2464,NA,NA,NA,2025-06-05
ET,ETH,Ethiopia,1988,11181119717.8744,NA,NA,NA,2025-06-05
ET,ETH,Ethiopia,1987,10790001557.971,NA,NA,NA,2025-06-05
ET,ETH,Ethiopia,1986,10094328898.0676,NA,NA,NA,2025-06-05
ET,ETH,Ethiopia,1985,9717392686.95652,NA,NA,NA,2025-06-05
ET,ETH,Ethiopia,1984,8298309580.67633,NA,NA,NA,2025-06-05
ET,ETH,Ethiopia,1983,8781664427.05314,NA,NA,NA,2025-06-05
ET,ETH,Ethiopia,1982,7899988840.57971,NA,NA,NA,2025-06-05
ET,ETH,Ethiopia,1981,7507663566.66667,NA,NA,NA,2025-06-05
ET,ETH,Ethiopia,1980,7012585454.10628,NA,NA,NA,2025-06-05
ET,ETH,Ethiopia,1979,6586048398.06763,NA,NA,NA,2025-06-05
ET,ETH,Ethiopia,1978,6014961434.78261,NA,NA,NA,2025-06-05
ET,ETH,Ethiopia,1977,5651840584.54106,NA,NA,NA,2025-06-05
ET,ETH,Ethiopia,1976,4943806093.23672,NA,NA,NA,2025-06-05
ET,ETH,Ethiopia,1975,4577047854.10628,NA,NA,NA,2025-06-05
ET,ETH,Ethiopia,1974,4577209966.18358,NA,NA,NA,2025-06-05
ET,ETH,Ethiopia,1973,4070570549.8642,NA,NA,NA,2025-06-05
ET,ETH,Ethiopia,1972,3520252938.26087,NA,NA,NA,2025-06-05
ET,ETH,Ethiopia,1971,3224280834.97092,NA,NA,NA,2025-06-05
ET,ETH,Ethiopia,1970,3045354454.8,NA,NA,NA,2025-06-05
ET,ETH,Ethiopia,1969,2768987372,NA,NA,NA,2025-06-05
ET,ETH,Ethiopia,1968,2619948864.8,NA,NA,NA,2025-06-05
ET,ETH,Ethiopia,1967,2461762002.8,NA,NA,NA,2025-06-05
ET,ETH,Ethiopia,1966,2324466416,NA,NA,NA,2025-06-05
ET,ETH,Ethiopia,1965,2159998591.2,NA,NA,NA,2025-06-05
ET,ETH,Ethiopia,1964,1984129185.6,NA,NA,NA,2025-06-05
ET,ETH,Ethiopia,1963,1825058827.83853,NA,NA,NA,2025-06-05
ET,ETH,Ethiopia,1962,1747566307.0997,NA,NA,NA,2025-06-05
ET,ETH,Ethiopia,1961,1680859514.1016,NA,NA,NA,2025-06-05
ET,ETH,Ethiopia,1960,1610511693.84215,NA,NA,NA,2025-06-05
FO,FRO,Faroe Islands,2024,NA,NA,NA,NA,2025-06-05
FO,FRO,Faroe Islands,2023,3907323961.33964,NA,NA,NA,2025-06-05
FO,FRO,Faroe Islands,2022,3566698397.6602,NA,NA,NA,2025-06-05
FO,FRO,Faroe Islands,2021,3664686796.62669,NA,NA,NA,2025-06-05
FO,FRO,Faroe Islands,2020,3271813311.5831,NA,NA,NA,2025-06-05
FO,FRO,Faroe Islands,2019,3266432734.22819,NA,NA,NA,2025-06-05
FO,FRO,Faroe Islands,2018,3188600927.46688,NA,NA,NA,2025-06-05
FO,FRO,Faroe Islands,2017,2980057377.87967,NA,NA,NA,2025-06-05
FO,FRO,Faroe Islands,2016,2813278868.78208,NA,NA,NA,2025-06-05
FO,FRO,Faroe Islands,2015,2573905971.05459,NA,NA,NA,2025-06-05
FO,FRO,Faroe Islands,2014,2914012679.27277,NA,NA,NA,2025-06-05
FO,FRO,Faroe Islands,2013,2690110520.92548,NA,NA,NA,2025-06-05
FO,FRO,Faroe Islands,2012,2427200388.91831,NA,NA,NA,2025-06-05
FO,FRO,Faroe Islands,2011,2505740669.27039,NA,NA,NA,2025-06-05
FO,FRO,Faroe Islands,2010,2331796784.36009,NA,NA,NA,2025-06-05
FO,FRO,Faroe Islands,2009,2296065170.05552,NA,NA,NA,2025-06-05
FO,FRO,Faroe Islands,2008,2489873249.62815,NA,NA,NA,2025-06-05
FO,FRO,Faroe Islands,2007,2339015313.29513,NA,NA,NA,2025-06-05
FO,FRO,Faroe Islands,2006,2017680834.89917,NA,NA,NA,2025-06-05
FO,FRO,Faroe Islands,2005,1759739599.22694,NA,NA,NA,2025-06-05
FO,FRO,Faroe Islands,2004,1724770770.83393,NA,NA,NA,2025-06-05
FO,FRO,Faroe Islands,2003,1501941580.88903,NA,NA,NA,2025-06-05
FO,FRO,Faroe Islands,2002,1275093689.27107,NA,NA,NA,2025-06-05
FO,FRO,Faroe Islands,2001,1160268212.07291,NA,NA,NA,2025-06-05
FO,FRO,Faroe Islands,2000,1067109530.64798,NA,NA,NA,2025-06-05
FO,FRO,Faroe Islands,1999,1127684827.35686,NA,NA,NA,2025-06-05
FO,FRO,Faroe Islands,1998,1104744235.30111,NA,NA,NA,2025-06-05
FO,FRO,Faroe Islands,1997,933763083.395627,NA,NA,NA,2025-06-05
FO,FRO,Faroe Islands,1996,989536914.659081,NA,NA,NA,2025-06-05
FO,FRO,Faroe Islands,1995,901404709.830684,NA,NA,NA,2025-06-05
FO,FRO,Faroe Islands,1994,758739178.612171,NA,NA,NA,2025-06-05
FO,FRO,Faroe Islands,1993,760957189.757646,NA,NA,NA,2025-06-05
FO,FRO,Faroe Islands,1992,912670413.325883,NA,NA,NA,2025-06-05
FO,FRO,Faroe Islands,1991,909253214.82608,NA,NA,NA,2025-06-05
FO,FRO,Faroe Islands,1990,960805408.949872,NA,NA,NA,2025-06-05
FO,FRO,Faroe Islands,1989,871935350.384909,NA,NA,NA,2025-06-05
FO,FRO,Faroe Islands,1988,968576956.930265,NA,NA,NA,2025-06-05
FO,FRO,Faroe Islands,1987,886508622.334316,NA,NA,NA,2025-06-05
FO,FRO,Faroe Islands,1986,688914288.878298,NA,NA,NA,2025-06-05
FO,FRO,Faroe Islands,1985,459307281.195335,NA,NA,NA,2025-06-05
FO,FRO,Faroe Islands,1984,426008864.692169,NA,NA,NA,2025-06-05
FO,FRO,Faroe Islands,1983,486605127.702681,NA,NA,NA,2025-06-05
FO,FRO,Faroe Islands,1982,444047495.320099,NA,NA,NA,2025-06-05
FO,FRO,Faroe Islands,1981,456244919.010912,NA,NA,NA,2025-06-05
FO,FRO,Faroe Islands,1980,493014300.005217,NA,NA,NA,2025-06-05
FO,FRO,Faroe Islands,1979,448568492.658561,NA,NA,NA,2025-06-05
FO,FRO,Faroe Islands,1978,397833034.884512,NA,NA,NA,2025-06-05
FO,FRO,Faroe Islands,1977,347798304.635267,NA,NA,NA,2025-06-05
FO,FRO,Faroe Islands,1976,270470345.449357,NA,NA,NA,2025-06-05
FO,FRO,Faroe Islands,1975,227404436.013679,NA,NA,NA,2025-06-05
FO,FRO,Faroe Islands,1974,196771070.895339,NA,NA,NA,2025-06-05
FO,FRO,Faroe Islands,1973,161236465.823622,NA,NA,NA,2025-06-05
FO,FRO,Faroe Islands,1972,119335897.815202,NA,NA,NA,2025-06-05
FO,FRO,Faroe Islands,1971,99219082.8537991,NA,NA,NA,2025-06-05
FO,FRO,Faroe Islands,1970,84933333.3333333,NA,NA,NA,2025-06-05
FO,FRO,Faroe Islands,1969,70106666.6666667,NA,NA,NA,2025-06-05
FO,FRO,Faroe Islands,1968,65186666.6666667,NA,NA,NA,2025-06-05
FO,FRO,Faroe Islands,1967,66225403.5588069,NA,NA,NA,2025-06-05
FO,FRO,Faroe Islands,1966,64397131.0846457,NA,NA,NA,2025-06-05
FO,FRO,Faroe Islands,1965,57954522.4217259,NA,NA,NA,2025-06-05
FO,FRO,Faroe Islands,1964,NA,NA,NA,NA,2025-06-05
FO,FRO,Faroe Islands,1963,NA,NA,NA,NA,2025-06-05
FO,FRO,Faroe Islands,1962,NA,NA,NA,NA,2025-06-05
FO,FRO,Faroe Islands,1961,NA,NA,NA,NA,2025-06-05
FO,FRO,Faroe Islands,1960,NA,NA,NA,NA,2025-06-05
FJ,FJI,Fiji,2024,NA,NA,NA,NA,2025-06-05
FJ,FJI,Fiji,2023,5442046565.04719,NA,NA,NA,2025-06-05
FJ,FJI,Fiji,2022,4969503560.7735,NA,NA,NA,2025-06-05
FJ,FJI,Fiji,2021,4305031630.81808,NA,NA,NA,2025-06-05
FJ,FJI,Fiji,2020,4432466237.09588,NA,NA,NA,2025-06-05
FJ,FJI,Fiji,2019,5444407214.31758,NA,NA,NA,2025-06-05
FJ,FJI,Fiji,2018,5581425324.91185,NA,NA,NA,2025-06-05
FJ,FJI,Fiji,2017,5353469171.0611,NA,NA,NA,2025-06-05
FJ,FJI,Fiji,2016,4930213634.35692,NA,NA,NA,2025-06-05
FJ,FJI,Fiji,2015,4682479912.05203,NA,NA,NA,2025-06-05
FJ,FJI,Fiji,2014,4857104791.41609,NA,NA,NA,2025-06-05
FJ,FJI,Fiji,2013,4189967998.51424,NA,NA,NA,2025-06-05
FJ,FJI,Fiji,2012,3972028104.47328,NA,NA,NA,2025-06-05
FJ,FJI,Fiji,2011,3779411899.37483,NA,NA,NA,2025-06-05
FJ,FJI,Fiji,2010,3140166712.79624,NA,NA,NA,2025-06-05
FJ,FJI,Fiji,2009,2870624635.68032,NA,NA,NA,2025-06-05
FJ,FJI,Fiji,2008,3523185919.55826,NA,NA,NA,2025-06-05
FJ,FJI,Fiji,2007,3378314599.76402,NA,NA,NA,2025-06-05
FJ,FJI,Fiji,2006,3076305452.86506,NA,NA,NA,2025-06-05
FJ,FJI,Fiji,2005,2980403844.72096,NA,NA,NA,2025-06-05
FJ,FJI,Fiji,2004,2708078476.63012,NA,NA,NA,2025-06-05
FJ,FJI,Fiji,2003,2300492465.32276,NA,NA,NA,2025-06-05
FJ,FJI,Fiji,2002,1833279985.36741,NA,NA,NA,2025-06-05
FJ,FJI,Fiji,2001,1652462023.46215,NA,NA,NA,2025-06-05
FJ,FJI,Fiji,2000,1678219507.89829,NA,NA,NA,2025-06-05
FJ,FJI,Fiji,1999,1936459986.03795,NA,NA,NA,2025-06-05
FJ,FJI,Fiji,1998,1653146716.58235,NA,NA,NA,2025-06-05
FJ,FJI,Fiji,1997,2090221137.02876,NA,NA,NA,2025-06-05
FJ,FJI,Fiji,1996,2128696643.62574,NA,NA,NA,2025-06-05
FJ,FJI,Fiji,1995,1970301486.20561,NA,NA,NA,2025-06-05
FJ,FJI,Fiji,1994,1825732092.54674,NA,NA,NA,2025-06-05
FJ,FJI,Fiji,1993,1636101246.9394,NA,NA,NA,2025-06-05
FJ,FJI,Fiji,1992,1532411039.05479,NA,NA,NA,2025-06-05
FJ,FJI,Fiji,1991,1383883249.591,NA,NA,NA,2025-06-05
FJ,FJI,Fiji,1990,1337017559.49728,NA,NA,NA,2025-06-05
FJ,FJI,Fiji,1989,1182660265.76635,NA,NA,NA,2025-06-05
FJ,FJI,Fiji,1988,1110009522.75743,NA,NA,NA,2025-06-05
FJ,FJI,Fiji,1987,1177947965.12142,NA,NA,NA,2025-06-05
FJ,FJI,Fiji,1986,1290267339.65006,NA,NA,NA,2025-06-05
FJ,FJI,Fiji,1985,1141168943.97661,NA,NA,NA,2025-06-05
FJ,FJI,Fiji,1984,1178000677.99929,NA,NA,NA,2025-06-05
FJ,FJI,Fiji,1983,1123085190.06509,NA,NA,NA,2025-06-05
FJ,FJI,Fiji,1982,1194059943.22478,NA,NA,NA,2025-06-05
FJ,FJI,Fiji,1981,1235626770.50924,NA,NA,NA,2025-06-05
FJ,FJI,Fiji,1980,1202618816.20852,NA,NA,NA,2025-06-05
FJ,FJI,Fiji,1979,1019691460.17376,NA,NA,NA,2025-06-05
FJ,FJI,Fiji,1978,829267889.429373,NA,NA,NA,2025-06-05
FJ,FJI,Fiji,1977,719501765.783049,NA,NA,NA,2025-06-05
FJ,FJI,Fiji,1976,694540806.380644,NA,NA,NA,2025-06-05
FJ,FJI,Fiji,1975,684282434.361095,NA,NA,NA,2025-06-05
FJ,FJI,Fiji,1974,558587097.382833,NA,NA,NA,2025-06-05
FJ,FJI,Fiji,1973,425950487.519894,NA,NA,NA,2025-06-05
FJ,FJI,Fiji,1972,316656648.698957,NA,NA,NA,2025-06-05
FJ,FJI,Fiji,1971,247749327.721267,NA,NA,NA,2025-06-05
FJ,FJI,Fiji,1970,219878482.173564,NA,NA,NA,2025-06-05
FJ,FJI,Fiji,1969,182182067.703568,NA,NA,NA,2025-06-05
FJ,FJI,Fiji,1968,166952937.135005,NA,NA,NA,2025-06-05
FJ,FJI,Fiji,1967,162625885.863484,NA,NA,NA,2025-06-05
FJ,FJI,Fiji,1966,150603925.515853,NA,NA,NA,2025-06-05
FJ,FJI,Fiji,1965,147084750.031482,NA,NA,NA,2025-06-05
FJ,FJI,Fiji,1964,140032741.468329,NA,NA,NA,2025-06-05
FJ,FJI,Fiji,1963,129454728.623599,NA,NA,NA,2025-06-05
FJ,FJI,Fiji,1962,122906434.957814,NA,NA,NA,2025-06-05
FJ,FJI,Fiji,1961,116987784.913739,NA,NA,NA,2025-06-05
FJ,FJI,Fiji,1960,112328422.113084,NA,NA,NA,2025-06-05
FI,FIN,Finland,2024,NA,NA,NA,NA,2025-06-05
FI,FIN,Finland,2023,295532341254.907,NA,NA,NA,2025-06-05
FI,FIN,Finland,2022,280241515774.32,NA,NA,NA,2025-06-05
FI,FIN,Finland,2021,294223210496.119,NA,NA,NA,2025-06-05
FI,FIN,Finland,2020,270000311606.226,NA,NA,NA,2025-06-05
FI,FIN,Finland,2019,267014821129.411,NA,NA,NA,2025-06-05
FI,FIN,Finland,2018,273869255596.078,NA,NA,NA,2025-06-05
FI,FIN,Finland,2017,253846138440,NA,NA,NA,2025-06-05
FI,FIN,Finland,2016,238777818792.608,NA,NA,NA,2025-06-05
FI,FIN,Finland,2015,233210733506.25,NA,NA,NA,2025-06-05
FI,FIN,Finland,2014,273478528954.901,NA,NA,NA,2025-06-05
FI,FIN,Finland,2013,270268036626.275,NA,NA,NA,2025-06-05
FI,FIN,Finland,2012,257443384492.969,NA,NA,NA,2025-06-05
FI,FIN,Finland,2011,275126915515.565,NA,NA,NA,2025-06-05
FI,FIN,Finland,2010,249429613683.334,NA,NA,NA,2025-06-05
FI,FIN,Finland,2009,253480783439.453,NA,NA,NA,2025-06-05
FI,FIN,Finland,2008,285698662071.094,NA,NA,NA,2025-06-05
FI,FIN,Finland,2007,256360251537.648,NA,NA,NA,2025-06-05
FI,FIN,Finland,2006,217044068234.117,NA,NA,NA,2025-06-05
FI,FIN,Finland,2005,204859368790.661,NA,NA,NA,2025-06-05
FI,FIN,Finland,2004,197458297639.769,NA,NA,NA,2025-06-05
FI,FIN,Finland,2003,171612867735.686,NA,NA,NA,2025-06-05
FI,FIN,Finland,2002,140360963811.765,NA,NA,NA,2025-06-05
FI,FIN,Finland,2001,129519672868.898,NA,NA,NA,2025-06-05
FI,FIN,Finland,2000,125967821110.589,NA,NA,NA,2025-06-05
FI,FIN,Finland,1999,135234241918.147,NA,NA,NA,2025-06-05
FI,FIN,Finland,1998,133990876724.522,NA,NA,NA,2025-06-05
FI,FIN,Finland,1997,126862902302.142,NA,NA,NA,2025-06-05
FI,FIN,Finland,1996,131991975148.848,NA,NA,NA,2025-06-05
FI,FIN,Finland,1995,134060457516.34,NA,NA,NA,2025-06-05
FI,FIN,Finland,1994,103182697780.307,NA,NA,NA,2025-06-05
FI,FIN,Finland,1993,89112105756.2194,NA,NA,NA,2025-06-05
FI,FIN,Finland,1992,112537828510.751,NA,NA,NA,2025-06-05
FI,FIN,Finland,1991,127794441993.824,NA,NA,NA,2025-06-05
FI,FIN,Finland,1990,141446120354.533,NA,NA,NA,2025-06-05
FI,FIN,Finland,1989,118991270611.057,NA,NA,NA,2025-06-05
FI,FIN,Finland,1988,109039090262.971,NA,NA,NA,2025-06-05
FI,FIN,Finland,1987,91564993913.1611,NA,NA,NA,2025-06-05
FI,FIN,Finland,1986,73511611541.1682,NA,NA,NA,2025-06-05
FI,FIN,Finland,1985,55856676899.4628,NA,NA,NA,2025-06-05
FI,FIN,Finland,1984,52870993272.6553,NA,NA,NA,2025-06-05
FI,FIN,Finland,1983,50956447480.7857,NA,NA,NA,2025-06-05
FI,FIN,Finland,1982,52784013815.2214,NA,NA,NA,2025-06-05
FI,FIN,Finland,1981,52440066133.9212,NA,NA,NA,2025-06-05
FI,FIN,Finland,1980,53649984061.205,NA,NA,NA,2025-06-05
FI,FIN,Finland,1979,44469218439.9328,NA,NA,NA,2025-06-05
FI,FIN,Finland,1978,36259392057.7617,NA,NA,NA,2025-06-05
FI,FIN,Finland,1977,33502784417.884,NA,NA,NA,2025-06-05
FI,FIN,Finland,1976,31852352669.6415,NA,NA,NA,2025-06-05
FI,FIN,Finland,1975,29475251333.4411,NA,NA,NA,2025-06-05
FI,FIN,Finland,1974,24851036710.2568,NA,NA,NA,2025-06-05
FI,FIN,Finland,1973,19474098335.1486,NA,NA,NA,2025-06-05
FI,FIN,Finland,1972,14744499569.8308,NA,NA,NA,2025-06-05
FI,FIN,Finland,1971,12528522307.4737,NA,NA,NA,2025-06-05
FI,FIN,Finland,1970,11358529161.9479,NA,NA,NA,2025-06-05
FI,FIN,Finland,1969,10177524838.9004,NA,NA,NA,2025-06-05
FI,FIN,Finland,1968,8916565040.54632,NA,NA,NA,2025-06-05
FI,FIN,Finland,1967,9468272357.09549,NA,NA,NA,2025-06-05
FI,FIN,Finland,1966,9306142171.60056,NA,NA,NA,2025-06-05
FI,FIN,Finland,1965,8680393838.88018,NA,NA,NA,2025-06-05
FI,FIN,Finland,1964,7848987792.54261,NA,NA,NA,2025-06-05
FI,FIN,Finland,1963,6958916548.12933,NA,NA,NA,2025-06-05
FI,FIN,Finland,1962,6407796042.70357,NA,NA,NA,2025-06-05
FI,FIN,Finland,1961,5984433774.41601,NA,NA,NA,2025-06-05
FI,FIN,Finland,1960,5279481824.12983,NA,NA,NA,2025-06-05
FR,FRA,France,2024,NA,NA,NA,NA,2025-06-05
FR,FRA,France,2023,3051831611384.76,NA,NA,NA,2025-06-05
FR,FRA,France,2022,2796302210398.84,NA,NA,NA,2025-06-05
FR,FRA,France,2021,2966433692008.09,NA,NA,NA,2025-06-05
FR,FRA,France,2020,2647926055110.05,NA,NA,NA,2025-06-05
FR,FRA,France,2019,2722793515171.76,NA,NA,NA,2025-06-05
FR,FRA,France,2018,2781576320884.39,NA,NA,NA,2025-06-05
FR,FRA,France,2017,2588868323334.71,NA,NA,NA,2025-06-05
FR,FRA,France,2016,2470407619777.13,NA,NA,NA,2025-06-05
FR,FRA,France,2015,2442483452642.5,NA,NA,NA,2025-06-05
FR,FRA,France,2014,2861236112552.42,NA,NA,NA,2025-06-05
FR,FRA,France,2013,2816077607875.26,NA,NA,NA,2025-06-05
FR,FRA,France,2012,2683007095787.23,NA,NA,NA,2025-06-05
FR,FRA,France,2011,2870408553990.28,NA,NA,NA,2025-06-05
FR,FRA,France,2010,2646230027988.34,NA,NA,NA,2025-06-05
FR,FRA,France,2009,2700075882518.98,NA,NA,NA,2025-06-05
FR,FRA,France,2008,2926802941585.86,NA,NA,NA,2025-06-05
FR,FRA,France,2007,2655816911866.56,NA,NA,NA,2025-06-05
FR,FRA,France,2006,2317861544690.82,NA,NA,NA,2025-06-05
FR,FRA,France,2005,2192146403028.17,NA,NA,NA,2025-06-05
FR,FRA,France,2004,2109792297237.03,NA,NA,NA,2025-06-05
FR,FRA,France,2003,1835095983049.09,NA,NA,NA,2025-06-05
FR,FRA,France,2002,1492427756382.43,NA,NA,NA,2025-06-05
FR,FRA,France,2001,1370376677298.86,NA,NA,NA,2025-06-05
FR,FRA,France,2000,1360959069477.49,NA,NA,NA,2025-06-05
FR,FRA,France,1999,1486915879701.93,NA,NA,NA,2025-06-05
FR,FRA,France,1998,1496906382032.47,NA,NA,NA,2025-06-05
FR,FRA,France,1997,1449392222971.45,NA,NA,NA,2025-06-05
FR,FRA,France,1996,1598889216566.23,NA,NA,NA,2025-06-05
FR,FRA,France,1995,1595219345511.89,NA,NA,NA,2025-06-05
FR,FRA,France,1994,1385822778827.98,NA,NA,NA,2025-06-05
FR,FRA,France,1993,1314383368079.69,NA,NA,NA,2025-06-05
FR,FRA,France,1992,1389663073110.28,NA,NA,NA,2025-06-05
FR,FRA,France,1991,1258961748633.88,NA,NA,NA,2025-06-05
FR,FRA,France,1990,1257649439826.53,NA,NA,NA,2025-06-05
FR,FRA,France,1989,1016742237302.08,NA,NA,NA,2025-06-05
FR,FRA,France,1988,1010827662151.75,NA,NA,NA,2025-06-05
FR,FRA,France,1987,926320855614.973,NA,NA,NA,2025-06-05
FR,FRA,France,1986,764946585850.933,NA,NA,NA,2025-06-05
FR,FRA,France,1985,547220981165.134,NA,NA,NA,2025-06-05
FR,FRA,France,1984,525033325827.516,NA,NA,NA,2025-06-05
FR,FRA,France,1983,553356312935.709,NA,NA,NA,2025-06-05
FR,FRA,France,1982,578152310609.841,NA,NA,NA,2025-06-05
FR,FRA,France,1981,609184791792.396,NA,NA,NA,2025-06-05
FR,FRA,France,1980,694529183483.39,NA,NA,NA,2025-06-05
FR,FRA,France,1979,608218624730.188,NA,NA,NA,2025-06-05
FR,FRA,France,1978,501724418604.651,NA,NA,NA,2025-06-05
FR,FRA,France,1977,406736454934.474,NA,NA,NA,2025-06-05
FR,FRA,France,1976,368488292816.171,NA,NA,NA,2025-06-05
FR,FRA,France,1975,356780728162.766,NA,NA,NA,2025-06-05
FR,FRA,France,1974,283102178123.295,NA,NA,NA,2025-06-05
FR,FRA,France,1973,262343828815.557,NA,NA,NA,2025-06-05
FR,FRA,France,1972,201621751625.488,NA,NA,NA,2025-06-05
FR,FRA,France,1971,164238872972.653,NA,NA,NA,2025-06-05
FR,FRA,France,1970,146926998937.05,NA,NA,NA,2025-06-05
FR,FRA,France,1969,140361802781.576,NA,NA,NA,2025-06-05
FR,FRA,France,1968,128427504709.055,NA,NA,NA,2025-06-05
FR,FRA,France,1967,117751396249.071,NA,NA,NA,2025-06-05
FR,FRA,France,1966,108928356518.505,NA,NA,NA,2025-06-05
FR,FRA,France,1965,100522559916.017,NA,NA,NA,2025-06-05
FR,FRA,France,1964,93079224076.2648,NA,NA,NA,2025-06-05
FR,FRA,France,1963,83957182115.028,NA,NA,NA,2025-06-05
FR,FRA,France,1962,74888595285.8833,NA,NA,NA,2025-06-05
FR,FRA,France,1961,66806595974.7159,NA,NA,NA,2025-06-05
FR,FRA,France,1960,61756878990.3,NA,NA,NA,2025-06-05
PF,PYF,French Polynesia,2024,NA,NA,NA,NA,2025-06-05
PF,PYF,French Polynesia,2023,NA,NA,NA,NA,2025-06-05
PF,PYF,French Polynesia,2022,5814661208.90544,NA,NA,NA,2025-06-05
PF,PYF,French Polynesia,2021,6150640646.38319,NA,NA,NA,2025-06-05
PF,PYF,French Polynesia,2020,5792545870.80614,NA,NA,NA,2025-06-05
PF,PYF,French Polynesia,2019,6022276196.13871,NA,NA,NA,2025-06-05
PF,PYF,French Polynesia,2018,6135116253.33452,NA,NA,NA,2025-06-05
PF,PYF,French Polynesia,2017,5833352692.7995,NA,NA,NA,2025-06-05
PF,PYF,French Polynesia,2016,5497036476.8031,NA,NA,NA,2025-06-05
PF,PYF,French Polynesia,2015,5325846361.81186,NA,NA,NA,2025-06-05
PF,PYF,French Polynesia,2014,6151996560.84289,NA,NA,NA,2025-06-05
PF,PYF,French Polynesia,2013,6031827122.60663,NA,NA,NA,2025-06-05
PF,PYF,French Polynesia,2012,5692858099.00217,NA,NA,NA,2025-06-05
PF,PYF,French Polynesia,2011,6203940036.91982,NA,NA,NA,2025-06-05
PF,PYF,French Polynesia,2010,6086644798.55982,NA,NA,NA,2025-06-05
PF,PYF,French Polynesia,2009,6584557973.9375,NA,NA,NA,2025-06-05
PF,PYF,French Polynesia,2008,7136741421.95908,NA,NA,NA,2025-06-05
PF,PYF,French Polynesia,2007,6631156405.59637,NA,NA,NA,2025-06-05
PF,PYF,French Polynesia,2006,5877997979.62266,NA,NA,NA,2025-06-05
PF,PYF,French Polynesia,2005,5705052134.54253,NA,NA,NA,2025-06-05
PF,PYF,French Polynesia,2004,5564109981.9138,NA,NA,NA,2025-06-05
PF,PYF,French Polynesia,2003,4927780606.7707,NA,NA,NA,2025-06-05
PF,PYF,French Polynesia,2002,3965405552.5203,NA,NA,NA,2025-06-05
PF,PYF,French Polynesia,2001,3573808556.31268,NA,NA,NA,2025-06-05
PF,PYF,French Polynesia,2000,3599845480.34359,NA,NA,NA,2025-06-05
PF,PYF,French Polynesia,1999,3911602004.14205,NA,NA,NA,2025-06-05
PF,PYF,French Polynesia,1998,3903186592.82431,NA,NA,NA,2025-06-05
PF,PYF,French Polynesia,1997,3762859093.26192,NA,NA,NA,2025-06-05
PF,PYF,French Polynesia,1996,4166072829.60099,NA,NA,NA,2025-06-05
PF,PYF,French Polynesia,1995,4186994249.08861,NA,NA,NA,2025-06-05
PF,PYF,French Polynesia,1994,3676123788.0323,NA,NA,NA,2025-06-05
PF,PYF,French Polynesia,1993,3544608548.41734,NA,NA,NA,2025-06-05
PF,PYF,French Polynesia,1992,3713785765.42205,NA,NA,NA,2025-06-05
PF,PYF,French Polynesia,1991,3410078967.89823,NA,NA,NA,2025-06-05
PF,PYF,French Polynesia,1990,3320159522.36546,NA,NA,NA,2025-06-05
PF,PYF,French Polynesia,1989,2731683484.45369,NA,NA,NA,2025-06-05
PF,PYF,French Polynesia,1988,2723496362.0482,NA,NA,NA,2025-06-05
PF,PYF,French Polynesia,1987,2677977163.2095,NA,NA,NA,2025-06-05
PF,PYF,French Polynesia,1986,2212028299.56001,NA,NA,NA,2025-06-05
PF,PYF,French Polynesia,1985,1448281228.15738,NA,NA,NA,2025-06-05
PF,PYF,French Polynesia,1984,1325515445.08362,NA,NA,NA,2025-06-05
PF,PYF,French Polynesia,1983,1284180701.00787,NA,NA,NA,2025-06-05
PF,PYF,French Polynesia,1982,1235897957.88874,NA,NA,NA,2025-06-05
PF,PYF,French Polynesia,1981,1234743073.00034,NA,NA,NA,2025-06-05
PF,PYF,French Polynesia,1980,1320416024.95218,NA,NA,NA,2025-06-05
PF,PYF,French Polynesia,1979,1215032463.67336,NA,NA,NA,2025-06-05
PF,PYF,French Polynesia,1978,1005569835.39664,NA,NA,NA,2025-06-05
PF,PYF,French Polynesia,1977,793196378.708826,NA,NA,NA,2025-06-05
PF,PYF,French Polynesia,1976,732288906.273954,NA,NA,NA,2025-06-05
PF,PYF,French Polynesia,1975,690323388.529907,NA,NA,NA,2025-06-05
PF,PYF,French Polynesia,1974,555340842.860311,NA,NA,NA,2025-06-05
PF,PYF,French Polynesia,1973,431252938.061046,NA,NA,NA,2025-06-05
PF,PYF,French Polynesia,1972,326433558.076079,NA,NA,NA,2025-06-05
PF,PYF,French Polynesia,1971,296865513.746817,NA,NA,NA,2025-06-05
PF,PYF,French Polynesia,1970,254036000.752587,NA,NA,NA,2025-06-05
PF,PYF,French Polynesia,1969,242943783.142736,NA,NA,NA,2025-06-05
PF,PYF,French Polynesia,1968,259590074.527934,NA,NA,NA,2025-06-05
PF,PYF,French Polynesia,1967,220984367.626581,NA,NA,NA,2025-06-05
PF,PYF,French Polynesia,1966,215659453.550939,NA,NA,NA,2025-06-05
PF,PYF,French Polynesia,1965,176534588.403052,NA,NA,NA,2025-06-05
PF,PYF,French Polynesia,1964,NA,NA,NA,NA,2025-06-05
PF,PYF,French Polynesia,1963,NA,NA,NA,NA,2025-06-05
PF,PYF,French Polynesia,1962,NA,NA,NA,NA,2025-06-05
PF,PYF,French Polynesia,1961,NA,NA,NA,NA,2025-06-05
PF,PYF,French Polynesia,1960,NA,NA,NA,NA,2025-06-05
GA,GAB,Gabon,2024,NA,NA,NA,NA,2025-06-05
GA,GAB,Gabon,2023,19388402541.6698,NA,NA,NA,2025-06-05
GA,GAB,Gabon,2022,20440655695.1804,NA,NA,NA,2025-06-05
GA,GAB,Gabon,2021,19444935097.2395,NA,NA,NA,2025-06-05
GA,GAB,Gabon,2020,15342236163.9864,NA,NA,NA,2025-06-05
GA,GAB,Gabon,2019,16874405465.391,NA,NA,NA,2025-06-05
GA,GAB,Gabon,2018,16867326401.9626,NA,NA,NA,2025-06-05
GA,GAB,Gabon,2017,14929487485.1623,NA,NA,NA,2025-06-05
GA,GAB,Gabon,2016,14023890265.3665,NA,NA,NA,2025-06-05
GA,GAB,Gabon,2015,14383107762.6952,NA,NA,NA,2025-06-05
GA,GAB,Gabon,2014,18203966895.8433,NA,NA,NA,2025-06-05
GA,GAB,Gabon,2013,17595744798.3398,NA,NA,NA,2025-06-05
GA,GAB,Gabon,2012,17170464016.0593,NA,NA,NA,2025-06-05
GA,GAB,Gabon,2011,18210307743.5816,NA,NA,NA,2025-06-05
GA,GAB,Gabon,2010,14372593020.2885,NA,NA,NA,2025-06-05
GA,GAB,Gabon,2009,12113699068.2517,NA,NA,NA,2025-06-05
GA,GAB,Gabon,2008,15571348344.3379,NA,NA,NA,2025-06-05
GA,GAB,Gabon,2007,12455409587.3371,NA,NA,NA,2025-06-05
GA,GAB,Gabon,2006,10327598306.4575,NA,NA,NA,2025-06-05
GA,GAB,Gabon,2005,9582783990.85345,NA,NA,NA,2025-06-05
GA,GAB,Gabon,2004,7770219008.21293,NA,NA,NA,2025-06-05
GA,GAB,Gabon,2003,6511903365.47554,NA,NA,NA,2025-06-05
GA,GAB,Gabon,2002,5335451099.88223,NA,NA,NA,2025-06-05
GA,GAB,Gabon,2001,5023265413.2623,NA,NA,NA,2025-06-05
GA,GAB,Gabon,2000,5080483628.53013,NA,NA,NA,2025-06-05
GA,GAB,Gabon,1999,4662992036.2073,NA,NA,NA,2025-06-05
GA,GAB,Gabon,1998,4483417309.83011,NA,NA,NA,2025-06-05
GA,GAB,Gabon,1997,5326817114.53586,NA,NA,NA,2025-06-05
GA,GAB,Gabon,1996,5694040002.89863,NA,NA,NA,2025-06-05
GA,GAB,Gabon,1995,4958845648.04778,NA,NA,NA,2025-06-05
GA,GAB,Gabon,1994,4190819344.22255,NA,NA,NA,2025-06-05
GA,GAB,Gabon,1993,4378645081.01769,NA,NA,NA,2025-06-05
GA,GAB,Gabon,1992,5592390827.39854,NA,NA,NA,2025-06-05
GA,GAB,Gabon,1991,5402919784.57004,NA,NA,NA,2025-06-05
GA,GAB,Gabon,1990,5952293764.84777,NA,NA,NA,2025-06-05
GA,GAB,Gabon,1989,4186411463.85975,NA,NA,NA,2025-06-05
GA,GAB,Gabon,1988,3834503376.02992,NA,NA,NA,2025-06-05
GA,GAB,Gabon,1987,3281797043.04996,NA,NA,NA,2025-06-05
GA,GAB,Gabon,1986,3403638189.20049,NA,NA,NA,2025-06-05
GA,GAB,Gabon,1985,3339914757.22872,NA,NA,NA,2025-06-05
GA,GAB,Gabon,1984,3561451560.50783,NA,NA,NA,2025-06-05
GA,GAB,Gabon,1983,3391275731.53751,NA,NA,NA,2025-06-05
GA,GAB,Gabon,1982,3618007841.13503,NA,NA,NA,2025-06-05
GA,GAB,Gabon,1981,3862269120.53497,NA,NA,NA,2025-06-05
GA,GAB,Gabon,1980,4279637942.25144,NA,NA,NA,2025-06-05
GA,GAB,Gabon,1979,3030251120.09759,NA,NA,NA,2025-06-05
GA,GAB,Gabon,1978,2389479271.66616,NA,NA,NA,2025-06-05
GA,GAB,Gabon,1977,2809349069.22118,NA,NA,NA,2025-06-05
GA,GAB,Gabon,1976,3009409974.26856,NA,NA,NA,2025-06-05
GA,GAB,Gabon,1975,2157592940.04234,NA,NA,NA,2025-06-05
GA,GAB,Gabon,1974,1544216001.66059,NA,NA,NA,2025-06-05
GA,GAB,Gabon,1973,722780701.295854,NA,NA,NA,2025-06-05
GA,GAB,Gabon,1972,430508358.514204,NA,NA,NA,2025-06-05
GA,GAB,Gabon,1971,381687072.622379,NA,NA,NA,2025-06-05
GA,GAB,Gabon,1970,323802475.512425,NA,NA,NA,2025-06-05
GA,GAB,Gabon,1969,318124701.478771,NA,NA,NA,2025-06-05
GA,GAB,Gabon,1968,294468564.245272,NA,NA,NA,2025-06-05
GA,GAB,Gabon,1967,271543680.048895,NA,NA,NA,2025-06-05
GA,GAB,Gabon,1966,245849781.273234,NA,NA,NA,2025-06-05
GA,GAB,Gabon,1965,226474285.779063,NA,NA,NA,2025-06-05
GA,GAB,Gabon,1964,215679855.342091,NA,NA,NA,2025-06-05
GA,GAB,Gabon,1963,154480244.055222,NA,NA,NA,2025-06-05
GA,GAB,Gabon,1962,182796536.266025,NA,NA,NA,2025-06-05
GA,GAB,Gabon,1961,167637907.122782,NA,NA,NA,2025-06-05
GA,GAB,Gabon,1960,141468977.799846,NA,NA,NA,2025-06-05
GM,GMB,"Gambia, The",2024,NA,NA,NA,NA,2025-06-05
GM,GMB,"Gambia, The",2023,2396111021.64149,NA,NA,NA,2025-06-05
GM,GMB,"Gambia, The",2022,2204734527.88096,NA,NA,NA,2025-06-05
GM,GMB,"Gambia, The",2021,2014158842.14596,NA,NA,NA,2025-06-05
GM,GMB,"Gambia, The",2020,1812170891.19069,NA,NA,NA,2025-06-05
GM,GMB,"Gambia, The",2019,1813609692.49994,NA,NA,NA,2025-06-05
GM,GMB,"Gambia, The",2018,1670671327.81651,NA,NA,NA,2025-06-05
GM,GMB,"Gambia, The",2017,1504909462.69521,NA,NA,NA,2025-06-05
GM,GMB,"Gambia, The",2016,1484578885.97132,NA,NA,NA,2025-06-05
GM,GMB,"Gambia, The",2015,1378176608.93204,NA,NA,NA,2025-06-05
GM,GMB,"Gambia, The",2014,1229461721.40861,NA,NA,NA,2025-06-05
GM,GMB,"Gambia, The",2013,1375609453.43746,NA,NA,NA,2025-06-05
GM,GMB,"Gambia, The",2012,1415004738.26621,NA,NA,NA,2025-06-05
GM,GMB,"Gambia, The",2011,1409693596.93594,NA,NA,NA,2025-06-05
GM,GMB,"Gambia, The",2010,1543294926.87301,NA,NA,NA,2025-06-05
GM,GMB,"Gambia, The",2009,1450142508.57808,NA,NA,NA,2025-06-05
GM,GMB,"Gambia, The",2008,1561766955.73024,NA,NA,NA,2025-06-05
GM,GMB,"Gambia, The",2007,1279703047.0221,NA,NA,NA,2025-06-05
GM,GMB,"Gambia, The",2006,1054112487.74083,NA,NA,NA,2025-06-05
GM,GMB,"Gambia, The",2005,1027701067.55688,NA,NA,NA,2025-06-05
GM,GMB,"Gambia, The",2004,961900651.423441,NA,NA,NA,2025-06-05
GM,GMB,"Gambia, The",2003,487038685.045496,NA,NA,NA,2025-06-05
GM,GMB,"Gambia, The",2002,578235309.327198,NA,NA,NA,2025-06-05
GM,GMB,"Gambia, The",2001,687410645.063943,NA,NA,NA,2025-06-05
GM,GMB,"Gambia, The",2000,782913871.80966,NA,NA,NA,2025-06-05
GM,GMB,"Gambia, The",1999,814724032.065735,NA,NA,NA,2025-06-05
GM,GMB,"Gambia, The",1998,840285264.631545,NA,NA,NA,2025-06-05
GM,GMB,"Gambia, The",1997,803633342.473706,NA,NA,NA,2025-06-05
GM,GMB,"Gambia, The",1996,848239446.21576,NA,NA,NA,2025-06-05
GM,GMB,"Gambia, The",1995,785999864.840299,NA,NA,NA,2025-06-05
GM,GMB,"Gambia, The",1994,746493951.900959,NA,NA,NA,2025-06-05
GM,GMB,"Gambia, The",1993,755040974.087322,NA,NA,NA,2025-06-05
GM,GMB,"Gambia, The",1992,714254256.122189,NA,NA,NA,2025-06-05
GM,GMB,"Gambia, The",1991,690311080.515018,NA,NA,NA,2025-06-05
GM,GMB,"Gambia, The",1990,317083695.477797,NA,NA,NA,2025-06-05
GM,GMB,"Gambia, The",1989,284120329.401023,NA,NA,NA,2025-06-05
GM,GMB,"Gambia, The",1988,266672211.934161,NA,NA,NA,2025-06-05
GM,GMB,"Gambia, The",1987,220626484.224811,NA,NA,NA,2025-06-05
GM,GMB,"Gambia, The",1986,185646986.824927,NA,NA,NA,2025-06-05
GM,GMB,"Gambia, The",1985,225726358.890914,NA,NA,NA,2025-06-05
GM,GMB,"Gambia, The",1984,177340880.086204,NA,NA,NA,2025-06-05
GM,GMB,"Gambia, The",1983,213448584.936945,NA,NA,NA,2025-06-05
GM,GMB,"Gambia, The",1982,216050552.301584,NA,NA,NA,2025-06-05
GM,GMB,"Gambia, The",1981,218767743.459101,NA,NA,NA,2025-06-05
GM,GMB,"Gambia, The",1980,241083090.303623,NA,NA,NA,2025-06-05
GM,GMB,"Gambia, The",1979,207112627.726094,NA,NA,NA,2025-06-05
GM,GMB,"Gambia, The",1978,171833086.019624,NA,NA,NA,2025-06-05
GM,GMB,"Gambia, The",1977,138093099.09774,NA,NA,NA,2025-06-05
GM,GMB,"Gambia, The",1976,112190829.470457,NA,NA,NA,2025-06-05
GM,GMB,"Gambia, The",1975,115179719.077633,NA,NA,NA,2025-06-05
GM,GMB,"Gambia, The",1974,95796021.6888272,NA,NA,NA,2025-06-05
GM,GMB,"Gambia, The",1973,75187749.0961317,NA,NA,NA,2025-06-05
GM,GMB,"Gambia, The",1972,59160569.4804413,NA,NA,NA,2025-06-05
GM,GMB,"Gambia, The",1971,55728663.222684,NA,NA,NA,2025-06-05
GM,GMB,"Gambia, The",1970,52296083.6737339,NA,NA,NA,2025-06-05
GM,GMB,"Gambia, The",1969,45168072.2689156,NA,NA,NA,2025-06-05
GM,GMB,"Gambia, The",1968,41160065.8561054,NA,NA,NA,2025-06-05
GM,GMB,"Gambia, The",1967,46695006.9579374,NA,NA,NA,2025-06-05
GM,GMB,"Gambia, The",1966,44212081.3502297,NA,NA,NA,2025-06-05
GM,GMB,"Gambia, The",1965,NA,NA,NA,NA,2025-06-05
GM,GMB,"Gambia, The",1964,NA,NA,NA,NA,2025-06-05
GM,GMB,"Gambia, The",1963,NA,NA,NA,NA,2025-06-05
GM,GMB,"Gambia, The",1962,NA,NA,NA,NA,2025-06-05
GM,GMB,"Gambia, The",1961,NA,NA,NA,NA,2025-06-05
GM,GMB,"Gambia, The",1960,NA,NA,NA,NA,2025-06-05
GE,GEO,Georgia,2024,NA,NA,NA,NA,2025-06-05
GE,GEO,Georgia,2023,30777833585.4441,NA,NA,NA,2025-06-05
GE,GEO,Georgia,2022,24984568959.605,NA,NA,NA,2025-06-05
GE,GEO,Georgia,2021,18853115588.8106,NA,NA,NA,2025-06-05
GE,GEO,Georgia,2020,16010869215.68,NA,NA,NA,2025-06-05
GE,GEO,Georgia,2019,17638337116.9126,NA,NA,NA,2025-06-05
GE,GEO,Georgia,2018,17902544880.6471,NA,NA,NA,2025-06-05
GE,GEO,Georgia,2017,16473125375.0684,NA,NA,NA,2025-06-05
GE,GEO,Georgia,2016,15444548901.9637,NA,NA,NA,2025-06-05
GE,GEO,Georgia,2015,15223796148.8396,NA,NA,NA,2025-06-05
GE,GEO,Georgia,2014,17966015109.3043,NA,NA,NA,2025-06-05
GE,GEO,Georgia,2013,17517660143.6859,NA,NA,NA,2025-06-05
GE,GEO,Georgia,2012,16894392033.2256,NA,NA,NA,2025-06-05
GE,GEO,Georgia,2011,15475290469.2869,NA,NA,NA,2025-06-05
GE,GEO,Georgia,2010,12426907967.1578,NA,NA,NA,2025-06-05
GE,GEO,Georgia,2009,10766920065.8251,NA,NA,NA,2025-06-05
GE,GEO,Georgia,2008,12795145130.9103,NA,NA,NA,2025-06-05
GE,GEO,Georgia,2007,10172931088.5655,NA,NA,NA,2025-06-05
GE,GEO,Georgia,2006,7745250733.95067,NA,NA,NA,2025-06-05
GE,GEO,Georgia,2005,6410912049.87105,NA,NA,NA,2025-06-05
GE,GEO,Georgia,2004,5125365191.98664,NA,NA,NA,2025-06-05
GE,GEO,Georgia,2003,3991377904.13162,NA,NA,NA,2025-06-05
GE,GEO,Georgia,2002,3395766677.67315,NA,NA,NA,2025-06-05
GE,GEO,Georgia,2001,3219462262.0075,NA,NA,NA,2025-06-05
GE,GEO,Georgia,2000,3057475335.18846,NA,NA,NA,2025-06-05
GE,GEO,Georgia,1999,2800025882.71672,NA,NA,NA,2025-06-05
GE,GEO,Georgia,1998,3613497316.55319,NA,NA,NA,2025-06-05
GE,GEO,Georgia,1997,3510520231.21387,NA,NA,NA,2025-06-05
GE,GEO,Georgia,1996,3094935186.76896,NA,NA,NA,2025-06-05
GE,GEO,Georgia,1995,2693731865.97036,NA,NA,NA,2025-06-05
GE,GEO,Georgia,1994,2513870586.73344,NA,NA,NA,2025-06-05
GE,GEO,Georgia,1993,2701181331.30816,NA,NA,NA,2025-06-05
GE,GEO,Georgia,1992,3690328963.64086,NA,NA,NA,2025-06-05
GE,GEO,Georgia,1991,6339735099.33775,NA,NA,NA,2025-06-05
GE,GEO,Georgia,1990,7735927263.59261,NA,NA,NA,2025-06-05
GE,GEO,Georgia,1989,8902632715.25406,NA,NA,NA,2025-06-05
GE,GEO,Georgia,1988,8833588173.40023,NA,NA,NA,2025-06-05
GE,GEO,Georgia,1987,7321981333.6772,NA,NA,NA,2025-06-05
GE,GEO,Georgia,1986,NA,NA,NA,NA,2025-06-05
GE,GEO,Georgia,1985,NA,NA,NA,NA,2025-06-05
GE,GEO,Georgia,1984,NA,NA,NA,NA,2025-06-05
GE,GEO,Georgia,1983,NA,NA,NA,NA,2025-06-05
GE,GEO,Georgia,1982,NA,NA,NA,NA,2025-06-05
GE,GEO,Georgia,1981,NA,NA,NA,NA,2025-06-05
GE,GEO,Georgia,1980,NA,NA,NA,NA,2025-06-05
GE,GEO,Georgia,1979,NA,NA,NA,NA,2025-06-05
GE,GEO,Georgia,1978,NA,NA,NA,NA,2025-06-05
GE,GEO,Georgia,1977,NA,NA,NA,NA,2025-06-05
GE,GEO,Georgia,1976,NA,NA,NA,NA,2025-06-05
GE,GEO,Georgia,1975,NA,NA,NA,NA,2025-06-05
GE,GEO,Georgia,1974,NA,NA,NA,NA,2025-06-05
GE,GEO,Georgia,1973,NA,NA,NA,NA,2025-06-05
GE,GEO,Georgia,1972,NA,NA,NA,NA,2025-06-05
GE,GEO,Georgia,1971,NA,NA,NA,NA,2025-06-05
GE,GEO,Georgia,1970,NA,NA,NA,NA,2025-06-05
GE,GEO,Georgia,1969,NA,NA,NA,NA,2025-06-05
GE,GEO,Georgia,1968,NA,NA,NA,NA,2025-06-05
GE,GEO,Georgia,1967,NA,NA,NA,NA,2025-06-05
GE,GEO,Georgia,1966,NA,NA,NA,NA,2025-06-05
GE,GEO,Georgia,1965,NA,NA,NA,NA,2025-06-05
GE,GEO,Georgia,1964,NA,NA,NA,NA,2025-06-05
GE,GEO,Georgia,1963,NA,NA,NA,NA,2025-06-05
GE,GEO,Georgia,1962,NA,NA,NA,NA,2025-06-05
GE,GEO,Georgia,1961,NA,NA,NA,NA,2025-06-05
GE,GEO,Georgia,1960,NA,NA,NA,NA,2025-06-05
DE,DEU,Germany,2024,NA,NA,NA,NA,2025-06-05
DE,DEU,Germany,2023,4525703903627.53,NA,NA,NA,2025-06-05
DE,DEU,Germany,2022,4163596357879.39,NA,NA,NA,2025-06-05
DE,DEU,Germany,2021,4348297440387.53,NA,NA,NA,2025-06-05
DE,DEU,Germany,2020,3940142541354.1,NA,NA,NA,2025-06-05
DE,DEU,Germany,2019,3957208055215.68,NA,NA,NA,2025-06-05
DE,DEU,Germany,2018,4052008447223.53,NA,NA,NA,2025-06-05
DE,DEU,Germany,2017,3763092263752.95,NA,NA,NA,2025-06-05
DE,DEU,Germany,2016,3537784107980.55,NA,NA,NA,2025-06-05
DE,DEU,Germany,2015,3423568450957.03,NA,NA,NA,2025-06-05
DE,DEU,Germany,2014,3965800686309.79,NA,NA,NA,2025-06-05
DE,DEU,Germany,2013,3808086291482.36,NA,NA,NA,2025-06-05
DE,DEU,Germany,2012,3597896500945.31,NA,NA,NA,2025-06-05
DE,DEU,Germany,2011,3824828563521.41,NA,NA,NA,2025-06-05
DE,DEU,Germany,2010,3468154343000.01,NA,NA,NA,2025-06-05
DE,DEU,Germany,2009,3479800820863.28,NA,NA,NA,2025-06-05
DE,DEU,Germany,2008,3808786022312.5,NA,NA,NA,2025-06-05
DE,DEU,Germany,2007,3484056680854.91,NA,NA,NA,2025-06-05
DE,DEU,Germany,2006,3046308753670.58,NA,NA,NA,2025-06-05
DE,DEU,Germany,2005,2893393187361.87,NA,NA,NA,2025-06-05
DE,DEU,Germany,2004,2852317768061.78,NA,NA,NA,2025-06-05
DE,DEU,Germany,2003,2534715518349.01,NA,NA,NA,2025-06-05
DE,DEU,Germany,2002,2102350798305.89,NA,NA,NA,2025-06-05
DE,DEU,Germany,2001,1966381496641.73,NA,NA,NA,2025-06-05
DE,DEU,Germany,2000,1966980701145.1,NA,NA,NA,2025-06-05
DE,DEU,Germany,1999,2213873468586.88,NA,NA,NA,2025-06-05
DE,DEU,Germany,1998,2247760364565.97,NA,NA,NA,2025-06-05
DE,DEU,Germany,1997,2218790886532.82,NA,NA,NA,2025-06-05
DE,DEU,Germany,1996,2506576553158.31,NA,NA,NA,2025-06-05
DE,DEU,Germany,1995,2593053091306.13,NA,NA,NA,2025-06-05
DE,DEU,Germany,1994,2215282632276.73,NA,NA,NA,2025-06-05
DE,DEU,Germany,1993,2078954217437.6,NA,NA,NA,2025-06-05
DE,DEU,Germany,1992,2141377582968.07,NA,NA,NA,2025-06-05
DE,DEU,Germany,1991,1875792575132.59,NA,NA,NA,2025-06-05
DE,DEU,Germany,1990,1778162195860.07,NA,NA,NA,2025-06-05
DE,DEU,Germany,1989,1404092925205.45,NA,NA,NA,2025-06-05
DE,DEU,Germany,1988,1406367016371.53,NA,NA,NA,2025-06-05
DE,DEU,Germany,1987,1302932318824.81,NA,NA,NA,2025-06-05
DE,DEU,Germany,1986,1050092624515.9,NA,NA,NA,2025-06-05
DE,DEU,Germany,1985,735218723093.277,NA,NA,NA,2025-06-05
DE,DEU,Germany,1984,727767760978.627,NA,NA,NA,2025-06-05
DE,DEU,Germany,1983,773507930294.906,NA,NA,NA,2025-06-05
DE,DEU,Germany,1982,779421633755.138,NA,NA,NA,2025-06-05
DE,DEU,Germany,1981,803404797057.551,NA,NA,NA,2025-06-05
DE,DEU,Germany,1980,953772499462.019,NA,NA,NA,2025-06-05
DE,DEU,Germany,1979,884574218333.155,NA,NA,NA,2025-06-05
DE,DEU,Germany,1978,743182891918.208,NA,NA,NA,2025-06-05
DE,DEU,Germany,1977,602698323085.993,NA,NA,NA,2025-06-05
DE,DEU,Germany,1976,521658712132.981,NA,NA,NA,2025-06-05
DE,DEU,Germany,1975,492434094920.105,NA,NA,NA,2025-06-05
DE,DEU,Germany,1974,446934971657.471,NA,NA,NA,2025-06-05
DE,DEU,Germany,1973,399833571167.215,NA,NA,NA,2025-06-05
DE,DEU,Germany,1972,300899944795.436,NA,NA,NA,2025-06-05
DE,DEU,Germany,1971,250900942396.699,NA,NA,NA,2025-06-05
DE,DEU,Germany,1970,216629229947.096,NA,NA,NA,2025-06-05
DE,DEU,Germany,1969,177733486326.06,NA,NA,NA,2025-06-05
DE,DEU,Germany,1968,156527292653.157,NA,NA,NA,2025-06-05
DE,DEU,Germany,1967,145100667772.69,NA,NA,NA,2025-06-05
DE,DEU,Germany,1966,143304275683.979,NA,NA,NA,2025-06-05
DE,DEU,Germany,1965,134774688191.161,NA,NA,NA,2025-06-05
DE,DEU,Germany,1964,123330404665.086,NA,NA,NA,2025-06-05
DE,DEU,Germany,1963,112232503744.1,NA,NA,NA,2025-06-05
DE,DEU,Germany,1962,105895435234.343,NA,NA,NA,2025-06-05
DE,DEU,Germany,1961,96558204043.1028,NA,NA,NA,2025-06-05
DE,DEU,Germany,1960,84619845881.2608,NA,NA,NA,2025-06-05
GH,GHA,Ghana,2024,NA,NA,NA,NA,2025-06-05
GH,GHA,Ghana,2023,76370396722.154,NA,NA,NA,2025-06-05
GH,GHA,Ghana,2022,74263364041.8742,NA,NA,NA,2025-06-05
GH,GHA,Ghana,2021,79524421861.2743,NA,NA,NA,2025-06-05
GH,GHA,Ghana,2020,70043099675.68,NA,NA,NA,2025-06-05
GH,GHA,Ghana,2019,68337969247.7067,NA,NA,NA,2025-06-05
GH,GHA,Ghana,2018,67298914624.3723,NA,NA,NA,2025-06-05
GH,GHA,Ghana,2017,60405924078.7278,NA,NA,NA,2025-06-05
GH,GHA,Ghana,2016,56164929304.8754,NA,NA,NA,2025-06-05
GH,GHA,Ghana,2015,49406010054.2663,NA,NA,NA,2025-06-05
GH,GHA,Ghana,2014,54783319817.3705,NA,NA,NA,2025-06-05
GH,GHA,Ghana,2013,62824629066.0408,NA,NA,NA,2025-06-05
GH,GHA,Ghana,2012,41271701060.954,NA,NA,NA,2025-06-05
GH,GHA,Ghana,2011,39336668080.559,NA,NA,NA,2025-06-05
GH,GHA,Ghana,2010,32197655566.5347,NA,NA,NA,2025-06-05
GH,GHA,Ghana,2009,26048720005.5233,NA,NA,NA,2025-06-05
GH,GHA,Ghana,2008,28679383241.0729,NA,NA,NA,2025-06-05
GH,GHA,Ghana,2007,24827339138.4906,NA,NA,NA,2025-06-05
GH,GHA,Ghana,2006,20885037596.6963,NA,NA,NA,2025-06-05
GH,GHA,Ghana,2005,10744568381.4456,NA,NA,NA,2025-06-05
GH,GHA,Ghana,2004,8881417906.71432,NA,NA,NA,2025-06-05
GH,GHA,Ghana,2003,7632723555.66221,NA,NA,NA,2025-06-05
GH,GHA,Ghana,2002,6166197847.85031,NA,NA,NA,2025-06-05
GH,GHA,Ghana,2001,5314872854.4405,NA,NA,NA,2025-06-05
GH,GHA,Ghana,2000,4982850662.20851,NA,NA,NA,2025-06-05
GH,GHA,Ghana,1999,7718109982.26093,NA,NA,NA,2025-06-05
GH,GHA,Ghana,1998,7482069162.42008,NA,NA,NA,2025-06-05
GH,GHA,Ghana,1997,6891443192.24985,NA,NA,NA,2025-06-05
GH,GHA,Ghana,1996,6932991739.37767,NA,NA,NA,2025-06-05
GH,GHA,Ghana,1995,6464382807.67884,NA,NA,NA,2025-06-05
GH,GHA,Ghana,1994,5446383726.77047,NA,NA,NA,2025-06-05
GH,GHA,Ghana,1993,5968922939.37198,NA,NA,NA,2025-06-05
GH,GHA,Ghana,1992,6416103925.83267,NA,NA,NA,2025-06-05
GH,GHA,Ghana,1991,6603185267.79643,NA,NA,NA,2025-06-05
GH,GHA,Ghana,1990,5889106573.46088,NA,NA,NA,2025-06-05
GH,GHA,Ghana,1989,5251858439.874,NA,NA,NA,2025-06-05
GH,GHA,Ghana,1988,5197765031.64557,NA,NA,NA,2025-06-05
GH,GHA,Ghana,1987,5074829931.97279,NA,NA,NA,2025-06-05
GH,GHA,Ghana,1986,5735677433.82683,NA,NA,NA,2025-06-05
GH,GHA,Ghana,1985,4504306722.68908,NA,NA,NA,2025-06-05
GH,GHA,Ghana,1984,4412279843.44423,NA,NA,NA,2025-06-05
GH,GHA,Ghana,1983,4057275132.27513,NA,NA,NA,2025-06-05
GH,GHA,Ghana,1982,4035994397.7591,NA,NA,NA,2025-06-05
GH,GHA,Ghana,1981,4222441860.46512,NA,NA,NA,2025-06-05
GH,GHA,Ghana,1980,4445228215.76763,NA,NA,NA,2025-06-05
GH,GHA,Ghana,1979,4020227920.22792,NA,NA,NA,2025-06-05
GH,GHA,Ghana,1978,3662478184.99127,NA,NA,NA,2025-06-05
GH,GHA,Ghana,1977,3189428571.42857,NA,NA,NA,2025-06-05
GH,GHA,Ghana,1976,2765254237.28814,NA,NA,NA,2025-06-05
GH,GHA,Ghana,1975,2810106382.97872,NA,NA,NA,2025-06-05
GH,GHA,Ghana,1974,2894409937.8882,NA,NA,NA,2025-06-05
GH,GHA,Ghana,1973,3006766758.43977,NA,NA,NA,2025-06-05
GH,GHA,Ghana,1972,2112293279.98507,NA,NA,NA,2025-06-05
GH,GHA,Ghana,1971,2417108577.52739,NA,NA,NA,2025-06-05
GH,GHA,Ghana,1970,2215028588.45646,NA,NA,NA,2025-06-05
GH,GHA,Ghana,1969,1962050555.7775,NA,NA,NA,2025-06-05
GH,GHA,Ghana,1968,1666909517.65205,NA,NA,NA,2025-06-05
GH,GHA,Ghana,1967,1747187644.9031,NA,NA,NA,2025-06-05
GH,GHA,Ghana,1966,2126300672.22965,NA,NA,NA,2025-06-05
GH,GHA,Ghana,1965,2053462968.0426,NA,NA,NA,2025-06-05
GH,GHA,Ghana,1964,1731296199.52296,NA,NA,NA,2025-06-05
GH,GHA,Ghana,1963,1540797588.57221,NA,NA,NA,2025-06-05
GH,GHA,Ghana,1962,1382515654.47343,NA,NA,NA,2025-06-05
GH,GHA,Ghana,1961,1302674324.88378,NA,NA,NA,2025-06-05
GH,GHA,Ghana,1960,1217230094.97205,NA,NA,NA,2025-06-05
GI,GIB,Gibraltar,2024,NA,NA,NA,NA,2025-06-05
GI,GIB,Gibraltar,2023,NA,NA,NA,NA,2025-06-05
GI,GIB,Gibraltar,2022,NA,NA,NA,NA,2025-06-05
GI,GIB,Gibraltar,2021,NA,NA,NA,NA,2025-06-05
GI,GIB,Gibraltar,2020,NA,NA,NA,NA,2025-06-05
GI,GIB,Gibraltar,2019,NA,NA,NA,NA,2025-06-05
GI,GIB,Gibraltar,2018,NA,NA,NA,NA,2025-06-05
GI,GIB,Gibraltar,2017,NA,NA,NA,NA,2025-06-05
GI,GIB,Gibraltar,2016,NA,NA,NA,NA,2025-06-05
GI,GIB,Gibraltar,2015,NA,NA,NA,NA,2025-06-05
GI,GIB,Gibraltar,2014,NA,NA,NA,NA,2025-06-05
GI,GIB,Gibraltar,2013,NA,NA,NA,NA,2025-06-05
GI,GIB,Gibraltar,2012,NA,NA,NA,NA,2025-06-05
GI,GIB,Gibraltar,2011,NA,NA,NA,NA,2025-06-05
GI,GIB,Gibraltar,2010,NA,NA,NA,NA,2025-06-05
GI,GIB,Gibraltar,2009,NA,NA,NA,NA,2025-06-05
GI,GIB,Gibraltar,2008,NA,NA,NA,NA,2025-06-05
GI,GIB,Gibraltar,2007,NA,NA,NA,NA,2025-06-05
GI,GIB,Gibraltar,2006,NA,NA,NA,NA,2025-06-05
GI,GIB,Gibraltar,2005,NA,NA,NA,NA,2025-06-05
GI,GIB,Gibraltar,2004,NA,NA,NA,NA,2025-06-05
GI,GIB,Gibraltar,2003,NA,NA,NA,NA,2025-06-05
GI,GIB,Gibraltar,2002,NA,NA,NA,NA,2025-06-05
GI,GIB,Gibraltar,2001,NA,NA,NA,NA,2025-06-05
GI,GIB,Gibraltar,2000,NA,NA,NA,NA,2025-06-05
GI,GIB,Gibraltar,1999,NA,NA,NA,NA,2025-06-05
GI,GIB,Gibraltar,1998,NA,NA,NA,NA,2025-06-05
GI,GIB,Gibraltar,1997,NA,NA,NA,NA,2025-06-05
GI,GIB,Gibraltar,1996,NA,NA,NA,NA,2025-06-05
GI,GIB,Gibraltar,1995,NA,NA,NA,NA,2025-06-05
GI,GIB,Gibraltar,1994,NA,NA,NA,NA,2025-06-05
GI,GIB,Gibraltar,1993,NA,NA,NA,NA,2025-06-05
GI,GIB,Gibraltar,1992,NA,NA,NA,NA,2025-06-05
GI,GIB,Gibraltar,1991,NA,NA,NA,NA,2025-06-05
GI,GIB,Gibraltar,1990,NA,NA,NA,NA,2025-06-05
GI,GIB,Gibraltar,1989,NA,NA,NA,NA,2025-06-05
GI,GIB,Gibraltar,1988,NA,NA,NA,NA,2025-06-05
GI,GIB,Gibraltar,1987,NA,NA,NA,NA,2025-06-05
GI,GIB,Gibraltar,1986,NA,NA,NA,NA,2025-06-05
GI,GIB,Gibraltar,1985,NA,NA,NA,NA,2025-06-05
GI,GIB,Gibraltar,1984,NA,NA,NA,NA,2025-06-05
GI,GIB,Gibraltar,1983,NA,NA,NA,NA,2025-06-05
GI,GIB,Gibraltar,1982,NA,NA,NA,NA,2025-06-05
GI,GIB,Gibraltar,1981,NA,NA,NA,NA,2025-06-05
GI,GIB,Gibraltar,1980,NA,NA,NA,NA,2025-06-05
GI,GIB,Gibraltar,1979,NA,NA,NA,NA,2025-06-05
GI,GIB,Gibraltar,1978,NA,NA,NA,NA,2025-06-05
GI,GIB,Gibraltar,1977,NA,NA,NA,NA,2025-06-05
GI,GIB,Gibraltar,1976,NA,NA,NA,NA,2025-06-05
GI,GIB,Gibraltar,1975,NA,NA,NA,NA,2025-06-05
GI,GIB,Gibraltar,1974,NA,NA,NA,NA,2025-06-05
GI,GIB,Gibraltar,1973,NA,NA,NA,NA,2025-06-05
GI,GIB,Gibraltar,1972,NA,NA,NA,NA,2025-06-05
GI,GIB,Gibraltar,1971,NA,NA,NA,NA,2025-06-05
GI,GIB,Gibraltar,1970,NA,NA,NA,NA,2025-06-05
GI,GIB,Gibraltar,1969,NA,NA,NA,NA,2025-06-05
GI,GIB,Gibraltar,1968,NA,NA,NA,NA,2025-06-05
GI,GIB,Gibraltar,1967,NA,NA,NA,NA,2025-06-05
GI,GIB,Gibraltar,1966,NA,NA,NA,NA,2025-06-05
GI,GIB,Gibraltar,1965,NA,NA,NA,NA,2025-06-05
GI,GIB,Gibraltar,1964,NA,NA,NA,NA,2025-06-05
GI,GIB,Gibraltar,1963,NA,NA,NA,NA,2025-06-05
GI,GIB,Gibraltar,1962,NA,NA,NA,NA,2025-06-05
GI,GIB,Gibraltar,1961,NA,NA,NA,NA,2025-06-05
GI,GIB,Gibraltar,1960,NA,NA,NA,NA,2025-06-05
GR,GRC,Greece,2024,NA,NA,NA,NA,2025-06-05
GR,GRC,Greece,2023,243498333237.802,NA,NA,NA,2025-06-05
GR,GRC,Greece,2022,218880566444.349,NA,NA,NA,2025-06-05
GR,GRC,Greece,2021,218303801895.326,NA,NA,NA,2025-06-05
GR,GRC,Greece,2020,191362985554.861,NA,NA,NA,2025-06-05
GR,GRC,Greece,2019,207305649887.019,NA,NA,NA,2025-06-05
GR,GRC,Greece,2018,213298873494.394,NA,NA,NA,2025-06-05
GR,GRC,Greece,2017,200381103984.298,NA,NA,NA,2025-06-05
GR,GRC,Greece,2016,193097239005.87,NA,NA,NA,2025-06-05
GR,GRC,Greece,2015,194567373678.099,NA,NA,NA,2025-06-05
GR,GRC,Greece,2014,233911581521.062,NA,NA,NA,2025-06-05
GR,GRC,Greece,2013,236556279640.705,NA,NA,NA,2025-06-05
GR,GRC,Greece,2012,238841140018.233,NA,NA,NA,2025-06-05
GR,GRC,Greece,2011,283228079776.041,NA,NA,NA,2025-06-05
GR,GRC,Greece,2010,296417644404.034,NA,NA,NA,2025-06-05
GR,GRC,Greece,2009,326829054686.306,NA,NA,NA,2025-06-05
GR,GRC,Greece,2008,351121399546.485,NA,NA,NA,2025-06-05
GR,GRC,Greece,2007,314226996944.108,NA,NA,NA,2025-06-05
GR,GRC,Greece,2006,269073415333.676,NA,NA,NA,2025-06-05
GR,GRC,Greece,2005,242315668619.405,NA,NA,NA,2025-06-05
GR,GRC,Greece,2004,234979615898.225,NA,NA,NA,2025-06-05
GR,GRC,Greece,2003,196930509813.384,NA,NA,NA,2025-06-05
GR,GRC,Greece,2002,150253800085.865,NA,NA,NA,2025-06-05
GR,GRC,Greece,2001,132050474720.03,NA,NA,NA,2025-06-05
GR,GRC,Greece,2000,125760166224.805,NA,NA,NA,2025-06-05
GR,GRC,Greece,1999,137131371955.307,NA,NA,NA,2025-06-05
GR,GRC,Greece,1998,139612812175.718,NA,NA,NA,2025-06-05
GR,GRC,Greece,1997,138766067640.085,NA,NA,NA,2025-06-05
GR,GRC,Greece,1996,142502984144.96,NA,NA,NA,2025-06-05
GR,GRC,Greece,1995,134974613913.811,NA,NA,NA,2025-06-05
GR,GRC,Greece,1994,114980063202.247,NA,NA,NA,2025-06-05
GR,GRC,Greece,1993,107295704518.43,NA,NA,NA,2025-06-05
GR,GRC,Greece,1992,114608178405.434,NA,NA,NA,2025-06-05
GR,GRC,Greece,1991,103680863712.844,NA,NA,NA,2025-06-05
GR,GRC,Greece,1990,96529587274.2906,NA,NA,NA,2025-06-05
GR,GRC,Greece,1989,78067933277.3815,NA,NA,NA,2025-06-05
GR,GRC,Greece,1988,75200610136.9205,NA,NA,NA,2025-06-05
GR,GRC,Greece,1987,64739630095.6215,NA,NA,NA,2025-06-05
GR,GRC,Greece,1986,55595445472.2493,NA,NA,NA,2025-06-05
GR,GRC,Greece,1985,47155741426.1041,NA,NA,NA,2025-06-05
GR,GRC,Greece,1984,47352146311.971,NA,NA,NA,2025-06-05
GR,GRC,Greece,1983,48741397058.8235,NA,NA,NA,2025-06-05
GR,GRC,Greece,1982,53858346938.7755,NA,NA,NA,2025-06-05
GR,GRC,Greece,1981,51618456334.5633,NA,NA,NA,2025-06-05
GR,GRC,Greece,1980,56039256594.7242,NA,NA,NA,2025-06-05
GR,GRC,Greece,1979,53724121435.1426,NA,NA,NA,2025-06-05
GR,GRC,Greece,1978,43654480519.4805,NA,NA,NA,2025-06-05
GR,GRC,Greece,1977,35673080481.0361,NA,NA,NA,2025-06-05
GR,GRC,Greece,1976,30719552238.806,NA,NA,NA,2025-06-05
GR,GRC,Greece,1975,28129128586.61,NA,NA,NA,2025-06-05
GR,GRC,Greece,1974,24998715909.0909,NA,NA,NA,2025-06-05
GR,GRC,Greece,1973,22037019562.7158,NA,NA,NA,2025-06-05
GR,GRC,Greece,1972,16650659090.9091,NA,NA,NA,2025-06-05
GR,GRC,Greece,1971,14388806818.1818,NA,NA,NA,2025-06-05
GR,GRC,Greece,1970,12957113636.3636,NA,NA,NA,2025-06-05
GR,GRC,Greece,1969,11454106327.0756,NA,NA,NA,2025-06-05
GR,GRC,Greece,1968,9950331205.83108,NA,NA,NA,2025-06-05
GR,GRC,Greece,1967,9146592855.683,NA,NA,NA,2025-06-05
GR,GRC,Greece,1966,8472021466.86847,NA,NA,NA,2025-06-05
GR,GRC,Greece,1965,7582209670.27425,NA,NA,NA,2025-06-05
GR,GRC,Greece,1964,6576906345.11518,NA,NA,NA,2025-06-05
GR,GRC,Greece,1963,5813285626.64404,NA,NA,NA,2025-06-05
GR,GRC,Greece,1962,5140542929.42067,NA,NA,NA,2025-06-05
GR,GRC,Greece,1961,4892397431.33292,NA,NA,NA,2025-06-05
GR,GRC,Greece,1960,4274890306.82895,NA,NA,NA,2025-06-05
GL,GRL,Greenland,2024,NA,NA,NA,NA,2025-06-05
GL,GRL,Greenland,2023,NA,NA,NA,NA,2025-06-05
GL,GRL,Greenland,2022,NA,NA,NA,NA,2025-06-05
GL,GRL,Greenland,2021,3235809504.29871,NA,NA,NA,2025-06-05
GL,GRL,Greenland,2020,3082884653.2456,NA,NA,NA,2025-06-05
GL,GRL,Greenland,2019,2997309971.87623,NA,NA,NA,2025-06-05
GL,GRL,Greenland,2018,3055782146.15957,NA,NA,NA,2025-06-05
GL,GRL,Greenland,2017,2851613679.03433,NA,NA,NA,2025-06-05
GL,GRL,Greenland,2016,2707139544.46695,NA,NA,NA,2025-06-05
GL,GRL,Greenland,2015,2499113022.81675,NA,NA,NA,2025-06-05
GL,GRL,Greenland,2014,2842065708.35962,NA,NA,NA,2025-06-05
GL,GRL,Greenland,2013,2684946990.12448,NA,NA,NA,2025-06-05
GL,GRL,Greenland,2012,2609678486.36749,NA,NA,NA,2025-06-05
GL,GRL,Greenland,2011,2684461375.46585,NA,NA,NA,2025-06-05
GL,GRL,Greenland,2010,2503167187.49305,NA,NA,NA,2025-06-05
GL,GRL,Greenland,2009,2529963903.22685,NA,NA,NA,2025-06-05
GL,GRL,Greenland,2008,2499092314.41875,NA,NA,NA,2025-06-05
GL,GRL,Greenland,2007,2249811295.6608,NA,NA,NA,2025-06-05
GL,GRL,Greenland,2006,2013106929.50031,NA,NA,NA,2025-06-05
GL,GRL,Greenland,2005,1849802648.36391,NA,NA,NA,2025-06-05
GL,GRL,Greenland,2004,1822499769.23938,NA,NA,NA,2025-06-05
GL,GRL,Greenland,2003,1558759823.08169,NA,NA,NA,2025-06-05
GL,GRL,Greenland,2002,1169136716.03557,NA,NA,NA,2025-06-05
GL,GRL,Greenland,2001,1086170703.9816,NA,NA,NA,2025-06-05
GL,GRL,Greenland,2000,1068025016.00862,NA,NA,NA,2025-06-05
GL,GRL,Greenland,1999,1131555107.04907,NA,NA,NA,2025-06-05
GL,GRL,Greenland,1998,1149858069.75766,NA,NA,NA,2025-06-05
GL,GRL,Greenland,1997,1072154433.84538,NA,NA,NA,2025-06-05
GL,GRL,Greenland,1996,1197515569.08202,NA,NA,NA,2025-06-05
GL,GRL,Greenland,1995,1208953287.06598,NA,NA,NA,2025-06-05
GL,GRL,Greenland,1994,1005887539.32049,NA,NA,NA,2025-06-05
GL,GRL,Greenland,1993,927214151.76793,NA,NA,NA,2025-06-05
GL,GRL,Greenland,1992,1037916162.54976,NA,NA,NA,2025-06-05
GL,GRL,Greenland,1991,1016500069.25708,NA,NA,NA,2025-06-05
GL,GRL,Greenland,1990,1018977280.32928,NA,NA,NA,2025-06-05
GL,GRL,Greenland,1989,929799902.191124,NA,NA,NA,2025-06-05
GL,GRL,Greenland,1988,898607670.624413,NA,NA,NA,2025-06-05
GL,GRL,Greenland,1987,787390408.953269,NA,NA,NA,2025-06-05
GL,GRL,Greenland,1986,603016292.686978,NA,NA,NA,2025-06-05
GL,GRL,Greenland,1985,412876382.829174,NA,NA,NA,2025-06-05
GL,GRL,Greenland,1984,379371901.490374,NA,NA,NA,2025-06-05
GL,GRL,Greenland,1983,416184071.019417,NA,NA,NA,2025-06-05
GL,GRL,Greenland,1982,402403041.029269,NA,NA,NA,2025-06-05
GL,GRL,Greenland,1981,435748993.418421,NA,NA,NA,2025-06-05
GL,GRL,Greenland,1980,476051740.773769,NA,NA,NA,2025-06-05
GL,GRL,Greenland,1979,420645821.540488,NA,NA,NA,2025-06-05
GL,GRL,Greenland,1978,355987433.41569,NA,NA,NA,2025-06-05
GL,GRL,Greenland,1977,282269749.160113,NA,NA,NA,2025-06-05
GL,GRL,Greenland,1976,240779417.7857,NA,NA,NA,2025-06-05
GL,GRL,Greenland,1975,211190630.329609,NA,NA,NA,2025-06-05
GL,GRL,Greenland,1974,169918948.629182,NA,NA,NA,2025-06-05
GL,GRL,Greenland,1973,140153748.243656,NA,NA,NA,2025-06-05
GL,GRL,Greenland,1972,106101297.801272,NA,NA,NA,2025-06-05
GL,GRL,Greenland,1971,88466738.2497268,NA,NA,NA,2025-06-05
GL,GRL,Greenland,1970,69520026.6666667,NA,NA,NA,2025-06-05
GL,GRL,Greenland,1969,NA,NA,NA,NA,2025-06-05
GL,GRL,Greenland,1968,NA,NA,NA,NA,2025-06-05
GL,GRL,Greenland,1967,NA,NA,NA,NA,2025-06-05
GL,GRL,Greenland,1966,NA,NA,NA,NA,2025-06-05
GL,GRL,Greenland,1965,NA,NA,NA,NA,2025-06-05
GL,GRL,Greenland,1964,NA,NA,NA,NA,2025-06-05
GL,GRL,Greenland,1963,NA,NA,NA,NA,2025-06-05
GL,GRL,Greenland,1962,NA,NA,NA,NA,2025-06-05
GL,GRL,Greenland,1961,NA,NA,NA,NA,2025-06-05
GL,GRL,Greenland,1960,NA,NA,NA,NA,2025-06-05
GD,GRD,Grenada,2024,NA,NA,NA,NA,2025-06-05
GD,GRD,Grenada,2023,1316733333.33333,NA,NA,NA,2025-06-05
GD,GRD,Grenada,2022,1224577777.77778,NA,NA,NA,2025-06-05
GD,GRD,Grenada,2021,1122800000,NA,NA,NA,2025-06-05
GD,GRD,Grenada,2020,1043411111.11111,NA,NA,NA,2025-06-05
GD,GRD,Grenada,2019,1213485185.18519,NA,NA,NA,2025-06-05
GD,GRD,Grenada,2018,1166514814.81481,NA,NA,NA,2025-06-05
GD,GRD,Grenada,2017,1125685185.18519,NA,NA,NA,2025-06-05
GD,GRD,Grenada,2016,1061640740.74074,NA,NA,NA,2025-06-05
GD,GRD,Grenada,2015,997007407.407407,NA,NA,NA,2025-06-05
GD,GRD,Grenada,2014,911496296.296296,NA,NA,NA,2025-06-05
GD,GRD,Grenada,2013,842618518.518518,NA,NA,NA,2025-06-05
GD,GRD,Grenada,2012,799881481.481481,NA,NA,NA,2025-06-05
GD,GRD,Grenada,2011,778655555.555555,NA,NA,NA,2025-06-05
GD,GRD,Grenada,2010,771014814.814815,NA,NA,NA,2025-06-05
GD,GRD,Grenada,2009,771275555.555555,NA,NA,NA,2025-06-05
GD,GRD,Grenada,2008,825976037.037037,NA,NA,NA,2025-06-05
GD,GRD,Grenada,2007,758683592.592593,NA,NA,NA,2025-06-05
GD,GRD,Grenada,2006,698700666.666667,NA,NA,NA,2025-06-05
GD,GRD,Grenada,2005,695555555.555555,NA,NA,NA,2025-06-05
GD,GRD,Grenada,2004,599118592.592593,NA,NA,NA,2025-06-05
GD,GRD,Grenada,2003,591018407.407407,NA,NA,NA,2025-06-05
GD,GRD,Grenada,2002,540336925.925926,NA,NA,NA,2025-06-05
GD,GRD,Grenada,2001,520444185.185185,NA,NA,NA,2025-06-05
GD,GRD,Grenada,2000,520044370.37037,NA,NA,NA,2025-06-05
GD,GRD,Grenada,1999,482009370.37037,NA,NA,NA,2025-06-05
GD,GRD,Grenada,1998,445903592.592593,NA,NA,NA,2025-06-05
GD,GRD,Grenada,1997,392190592.592593,NA,NA,NA,2025-06-05
GD,GRD,Grenada,1996,366911444.444444,NA,NA,NA,2025-06-05
GD,GRD,Grenada,1995,342172518.518519,NA,NA,NA,2025-06-05
GD,GRD,Grenada,1994,325111814.814815,NA,NA,NA,2025-06-05
GD,GRD,Grenada,1993,309812185.185185,NA,NA,NA,2025-06-05
GD,GRD,Grenada,1992,310160444.444444,NA,NA,NA,2025-06-05
GD,GRD,Grenada,1991,300757888.888889,NA,NA,NA,2025-06-05
GD,GRD,Grenada,1990,278098762.962963,NA,NA,NA,2025-06-05
GD,GRD,Grenada,1989,267327642.222222,NA,NA,NA,2025-06-05
GD,GRD,Grenada,1988,236357523.703704,NA,NA,NA,2025-06-05
GD,GRD,Grenada,1987,215009569.62963,NA,NA,NA,2025-06-05
GD,GRD,Grenada,1986,187589522.592593,NA,NA,NA,2025-06-05
GD,GRD,Grenada,1985,167728455.185185,NA,NA,NA,2025-06-05
GD,GRD,Grenada,1984,145533310.740741,NA,NA,NA,2025-06-05
GD,GRD,Grenada,1983,131803552.222222,NA,NA,NA,2025-06-05
GD,GRD,Grenada,1982,125435590,NA,NA,NA,2025-06-05
GD,GRD,Grenada,1981,115651918.888889,NA,NA,NA,2025-06-05
GD,GRD,Grenada,1980,110900457.037037,NA,NA,NA,2025-06-05
GD,GRD,Grenada,1979,102244362.222222,NA,NA,NA,2025-06-05
GD,GRD,Grenada,1978,88322386.2962963,NA,NA,NA,2025-06-05
GD,GRD,Grenada,1977,71494495.1851852,NA,NA,NA,2025-06-05
GD,GRD,Grenada,1976,NA,NA,NA,NA,2025-06-05
GD,GRD,Grenada,1975,NA,NA,NA,NA,2025-06-05
GD,GRD,Grenada,1974,NA,NA,NA,NA,2025-06-05
GD,GRD,Grenada,1973,NA,NA,NA,NA,2025-06-05
GD,GRD,Grenada,1972,NA,NA,NA,NA,2025-06-05
GD,GRD,Grenada,1971,NA,NA,NA,NA,2025-06-05
GD,GRD,Grenada,1970,NA,NA,NA,NA,2025-06-05
GD,GRD,Grenada,1969,NA,NA,NA,NA,2025-06-05
GD,GRD,Grenada,1968,NA,NA,NA,NA,2025-06-05
GD,GRD,Grenada,1967,NA,NA,NA,NA,2025-06-05
GD,GRD,Grenada,1966,NA,NA,NA,NA,2025-06-05
GD,GRD,Grenada,1965,NA,NA,NA,NA,2025-06-05
GD,GRD,Grenada,1964,NA,NA,NA,NA,2025-06-05
GD,GRD,Grenada,1963,NA,NA,NA,NA,2025-06-05
GD,GRD,Grenada,1962,NA,NA,NA,NA,2025-06-05
GD,GRD,Grenada,1961,NA,NA,NA,NA,2025-06-05
GD,GRD,Grenada,1960,NA,NA,NA,NA,2025-06-05
GU,GUM,Guam,2024,NA,NA,NA,NA,2025-06-05
GU,GUM,Guam,2023,NA,NA,NA,NA,2025-06-05
GU,GUM,Guam,2022,6910000000,NA,NA,NA,2025-06-05
GU,GUM,Guam,2021,6234000000,NA,NA,NA,2025-06-05
GU,GUM,Guam,2020,5916000000,NA,NA,NA,2025-06-05
GU,GUM,Guam,2019,6355000000,NA,NA,NA,2025-06-05
GU,GUM,Guam,2018,6051000000,NA,NA,NA,2025-06-05
GU,GUM,Guam,2017,6013000000,NA,NA,NA,2025-06-05
GU,GUM,Guam,2016,5901000000,NA,NA,NA,2025-06-05
GU,GUM,Guam,2015,5799000000,NA,NA,NA,2025-06-05
GU,GUM,Guam,2014,5610000000,NA,NA,NA,2025-06-05
GU,GUM,Guam,2013,5399000000,NA,NA,NA,2025-06-05
GU,GUM,Guam,2012,5265000000,NA,NA,NA,2025-06-05
GU,GUM,Guam,2011,4984000000,NA,NA,NA,2025-06-05
GU,GUM,Guam,2010,4949000000,NA,NA,NA,2025-06-05
GU,GUM,Guam,2009,4828000000,NA,NA,NA,2025-06-05
GU,GUM,Guam,2008,4658000000,NA,NA,NA,2025-06-05
GU,GUM,Guam,2007,4397000000,NA,NA,NA,2025-06-05
GU,GUM,Guam,2006,4238000000,NA,NA,NA,2025-06-05
GU,GUM,Guam,2005,4213000000,NA,NA,NA,2025-06-05
GU,GUM,Guam,2004,3869000000,NA,NA,NA,2025-06-05
GU,GUM,Guam,2003,3569000000,NA,NA,NA,2025-06-05
GU,GUM,Guam,2002,3394000000,NA,NA,NA,2025-06-05
GU,GUM,Guam,2001,NA,NA,NA,NA,2025-06-05
GU,GUM,Guam,2000,NA,NA,NA,NA,2025-06-05
GU,GUM,Guam,1999,NA,NA,NA,NA,2025-06-05
GU,GUM,Guam,1998,NA,NA,NA,NA,2025-06-05
GU,GUM,Guam,1997,NA,NA,NA,NA,2025-06-05
GU,GUM,Guam,1996,NA,NA,NA,NA,2025-06-05
GU,GUM,Guam,1995,NA,NA,NA,NA,2025-06-05
GU,GUM,Guam,1994,NA,NA,NA,NA,2025-06-05
GU,GUM,Guam,1993,NA,NA,NA,NA,2025-06-05
GU,GUM,Guam,1992,NA,NA,NA,NA,2025-06-05
GU,GUM,Guam,1991,NA,NA,NA,NA,2025-06-05
GU,GUM,Guam,1990,NA,NA,NA,NA,2025-06-05
GU,GUM,Guam,1989,NA,NA,NA,NA,2025-06-05
GU,GUM,Guam,1988,NA,NA,NA,NA,2025-06-05
GU,GUM,Guam,1987,NA,NA,NA,NA,2025-06-05
GU,GUM,Guam,1986,NA,NA,NA,NA,2025-06-05
GU,GUM,Guam,1985,NA,NA,NA,NA,2025-06-05
GU,GUM,Guam,1984,NA,NA,NA,NA,2025-06-05
GU,GUM,Guam,1983,NA,NA,NA,NA,2025-06-05
GU,GUM,Guam,1982,NA,NA,NA,NA,2025-06-05
GU,GUM,Guam,1981,NA,NA,NA,NA,2025-06-05
GU,GUM,Guam,1980,NA,NA,NA,NA,2025-06-05
GU,GUM,Guam,1979,NA,NA,NA,NA,2025-06-05
GU,GUM,Guam,1978,NA,NA,NA,NA,2025-06-05
GU,GUM,Guam,1977,NA,NA,NA,NA,2025-06-05
GU,GUM,Guam,1976,NA,NA,NA,NA,2025-06-05
GU,GUM,Guam,1975,NA,NA,NA,NA,2025-06-05
GU,GUM,Guam,1974,NA,NA,NA,NA,2025-06-05
GU,GUM,Guam,1973,NA,NA,NA,NA,2025-06-05
GU,GUM,Guam,1972,NA,NA,NA,NA,2025-06-05
GU,GUM,Guam,1971,NA,NA,NA,NA,2025-06-05
GU,GUM,Guam,1970,NA,NA,NA,NA,2025-06-05
GU,GUM,Guam,1969,NA,NA,NA,NA,2025-06-05
GU,GUM,Guam,1968,NA,NA,NA,NA,2025-06-05
GU,GUM,Guam,1967,NA,NA,NA,NA,2025-06-05
GU,GUM,Guam,1966,NA,NA,NA,NA,2025-06-05
GU,GUM,Guam,1965,NA,NA,NA,NA,2025-06-05
GU,GUM,Guam,1964,NA,NA,NA,NA,2025-06-05
GU,GUM,Guam,1963,NA,NA,NA,NA,2025-06-05
GU,GUM,Guam,1962,NA,NA,NA,NA,2025-06-05
GU,GUM,Guam,1961,NA,NA,NA,NA,2025-06-05
GU,GUM,Guam,1960,NA,NA,NA,NA,2025-06-05
GT,GTM,Guatemala,2024,NA,NA,NA,NA,2025-06-05
GT,GTM,Guatemala,2023,104450210572.012,NA,NA,NA,2025-06-05
GT,GTM,Guatemala,2022,95630524813.106,NA,NA,NA,2025-06-05
GT,GTM,Guatemala,2021,86478835636.3813,NA,NA,NA,2025-06-05
GT,GTM,Guatemala,2020,77719464220.73,NA,NA,NA,2025-06-05
GT,GTM,Guatemala,2019,77172317258.6478,NA,NA,NA,2025-06-05
GT,GTM,Guatemala,2018,73328365862.4329,NA,NA,NA,2025-06-05
GT,GTM,Guatemala,2017,71653754066.2763,NA,NA,NA,2025-06-05
GT,GTM,Guatemala,2016,66053403469.0024,NA,NA,NA,2025-06-05
GT,GTM,Guatemala,2015,62186064718.7424,NA,NA,NA,2025-06-05
GT,GTM,Guatemala,2014,57852153058.502,NA,NA,NA,2025-06-05
GT,GTM,Guatemala,2013,52996446269.442,NA,NA,NA,2025-06-05
GT,GTM,Guatemala,2012,49593929487.1263,NA,NA,NA,2025-06-05
GT,GTM,Guatemala,2011,46876006272.2387,NA,NA,NA,2025-06-05
GT,GTM,Guatemala,2010,40676578423.4871,NA,NA,NA,2025-06-05
GT,GTM,Guatemala,2009,37126148264.6383,NA,NA,NA,2025-06-05
GT,GTM,Guatemala,2008,38503720224.3166,NA,NA,NA,2025-06-05
GT,GTM,Guatemala,2007,33567850824.1039,NA,NA,NA,2025-06-05
GT,GTM,Guatemala,2006,29744246827.1839,NA,NA,NA,2025-06-05
GT,GTM,Guatemala,2005,26783389293.922,NA,NA,NA,2025-06-05
GT,GTM,Guatemala,2004,23577298094.6571,NA,NA,NA,2025-06-05
GT,GTM,Guatemala,2003,21576351798.9145,NA,NA,NA,2025-06-05
GT,GTM,Guatemala,2002,20444205991.025,NA,NA,NA,2025-06-05
GT,GTM,Guatemala,2001,18405220247.4412,NA,NA,NA,2025-06-05
GT,GTM,Guatemala,2000,19288929030.0508,NA,NA,NA,2025-06-05
GT,GTM,Guatemala,1999,18318412251.3642,NA,NA,NA,2025-06-05
GT,GTM,Guatemala,1998,19395491992.9939,NA,NA,NA,2025-06-05
GT,GTM,Guatemala,1997,17790026221.6139,NA,NA,NA,2025-06-05
GT,GTM,Guatemala,1996,15674835615.3139,NA,NA,NA,2025-06-05
GT,GTM,Guatemala,1995,14655404433.2771,NA,NA,NA,2025-06-05
GT,GTM,Guatemala,1994,12983233310.7467,NA,NA,NA,2025-06-05
GT,GTM,Guatemala,1993,11400017301.4587,NA,NA,NA,2025-06-05
GT,GTM,Guatemala,1992,10440781587.5435,NA,NA,NA,2025-06-05
GT,GTM,Guatemala,1991,9406135143.41165,NA,NA,NA,2025-06-05
GT,GTM,Guatemala,1990,7650196845.21546,NA,NA,NA,2025-06-05
GT,GTM,Guatemala,1989,8410724360.79545,NA,NA,NA,2025-06-05
GT,GTM,Guatemala,1988,7841602824.42748,NA,NA,NA,2025-06-05
GT,GTM,Guatemala,1987,7084399840,NA,NA,NA,2025-06-05
GT,GTM,Guatemala,1986,7231963515.98174,NA,NA,NA,2025-06-05
GT,GTM,Guatemala,1985,9721652086.95652,NA,NA,NA,2025-06-05
GT,GTM,Guatemala,1984,9470000100,NA,NA,NA,2025-06-05
GT,GTM,Guatemala,1983,9050000400,NA,NA,NA,2025-06-05
GT,GTM,Guatemala,1982,8716999700,NA,NA,NA,2025-06-05
GT,GTM,Guatemala,1981,8607500300,NA,NA,NA,2025-06-05
GT,GTM,Guatemala,1980,7878700000,NA,NA,NA,2025-06-05
GT,GTM,Guatemala,1979,6902600200,NA,NA,NA,2025-06-05
GT,GTM,Guatemala,1978,6070600200,NA,NA,NA,2025-06-05
GT,GTM,Guatemala,1977,5480500200,NA,NA,NA,2025-06-05
GT,GTM,Guatemala,1976,4365300200,NA,NA,NA,2025-06-05
GT,GTM,Guatemala,1975,3645900000,NA,NA,NA,2025-06-05
GT,GTM,Guatemala,1974,3161499900,NA,NA,NA,2025-06-05
GT,GTM,Guatemala,1973,2569200100,NA,NA,NA,2025-06-05
GT,GTM,Guatemala,1972,2101300000,NA,NA,NA,2025-06-05
GT,GTM,Guatemala,1971,1984800000,NA,NA,NA,2025-06-05
GT,GTM,Guatemala,1970,1904000000,NA,NA,NA,2025-06-05
GT,GTM,Guatemala,1969,1715399900,NA,NA,NA,2025-06-05
GT,GTM,Guatemala,1968,1610500000,NA,NA,NA,2025-06-05
GT,GTM,Guatemala,1967,1453500000,NA,NA,NA,2025-06-05
GT,GTM,Guatemala,1966,1390700000,NA,NA,NA,2025-06-05
GT,GTM,Guatemala,1965,1331399900,NA,NA,NA,2025-06-05
GT,GTM,Guatemala,1964,1299099900,NA,NA,NA,2025-06-05
GT,GTM,Guatemala,1963,1262800000,NA,NA,NA,2025-06-05
GT,GTM,Guatemala,1962,1143600000,NA,NA,NA,2025-06-05
GT,GTM,Guatemala,1961,1076699900,NA,NA,NA,2025-06-05
GT,GTM,Guatemala,1960,1043599900,NA,NA,NA,2025-06-05
GN,GIN,Guinea,2024,NA,NA,NA,NA,2025-06-05
GN,GIN,Guinea,2023,22199409741.2578,NA,NA,NA,2025-06-05
GN,GIN,Guinea,2022,19910452541.9219,NA,NA,NA,2025-06-05
GN,GIN,Guinea,2021,17069115737.8259,NA,NA,NA,2025-06-05
GN,GIN,Guinea,2020,14088693742.9464,NA,NA,NA,2025-06-05
GN,GIN,Guinea,2019,13442861496.4454,NA,NA,NA,2025-06-05
GN,GIN,Guinea,2018,11857030366.7891,NA,NA,NA,2025-06-05
GN,GIN,Guinea,2017,10324668271.1362,NA,NA,NA,2025-06-05
GN,GIN,Guinea,2016,8595955222.49719,NA,NA,NA,2025-06-05
GN,GIN,Guinea,2015,8794201742.84609,NA,NA,NA,2025-06-05
GN,GIN,Guinea,2014,8778473372.82124,NA,NA,NA,2025-06-05
GN,GIN,Guinea,2013,8376613539.28278,NA,NA,NA,2025-06-05
GN,GIN,Guinea,2012,7638044556.84656,NA,NA,NA,2025-06-05
GN,GIN,Guinea,2011,6785137203.33153,NA,NA,NA,2025-06-05
GN,GIN,Guinea,2010,6853467145.53089,NA,NA,NA,2025-06-05
GN,GIN,Guinea,2009,6716905339.73244,NA,NA,NA,2025-06-05
GN,GIN,Guinea,2008,6964179983.18155,NA,NA,NA,2025-06-05
GN,GIN,Guinea,2007,6281918226.34063,NA,NA,NA,2025-06-05
GN,GIN,Guinea,2006,4220019845.26658,NA,NA,NA,2025-06-05
GN,GIN,Guinea,2005,4282468636.90501,NA,NA,NA,2025-06-05
GN,GIN,Guinea,2004,5300767960.51572,NA,NA,NA,2025-06-05
GN,GIN,Guinea,2003,5025167975.26363,NA,NA,NA,2025-06-05
GN,GIN,Guinea,2002,4301608752.51396,NA,NA,NA,2025-06-05
GN,GIN,Guinea,2001,4125527603.22908,NA,NA,NA,2025-06-05
GN,GIN,Guinea,2000,4367458866.71537,NA,NA,NA,2025-06-05
GN,GIN,Guinea,1999,5046806782.54761,NA,NA,NA,2025-06-05
GN,GIN,Guinea,1998,5232118046.3713,NA,NA,NA,2025-06-05
GN,GIN,Guinea,1997,5516916163.0949,NA,NA,NA,2025-06-05
GN,GIN,Guinea,1996,5641243099.76661,NA,NA,NA,2025-06-05
GN,GIN,Guinea,1995,5385704166.43341,NA,NA,NA,2025-06-05
GN,GIN,Guinea,1994,4932800406.92974,NA,NA,NA,2025-06-05
GN,GIN,Guinea,1993,4781166116.51789,NA,NA,NA,2025-06-05
GN,GIN,Guinea,1992,4789220416.70641,NA,NA,NA,2025-06-05
GN,GIN,Guinea,1991,4396178694.1535,NA,NA,NA,2025-06-05
GN,GIN,Guinea,1990,3888320665.52218,NA,NA,NA,2025-06-05
GN,GIN,Guinea,1989,3546079262.94987,NA,NA,NA,2025-06-05
GN,GIN,Guinea,1988,3476480303.12273,NA,NA,NA,2025-06-05
GN,GIN,Guinea,1987,2976714019.06852,NA,NA,NA,2025-06-05
GN,GIN,Guinea,1986,2909130355.238,NA,NA,NA,2025-06-05
GN,GIN,Guinea,1985,22787644565.9059,NA,NA,NA,2025-06-05
GN,GIN,Guinea,1984,18421497251.1767,NA,NA,NA,2025-06-05
GN,GIN,Guinea,1983,15129893722.3449,NA,NA,NA,2025-06-05
GN,GIN,Guinea,1982,11926032493.4301,NA,NA,NA,2025-06-05
GN,GIN,Guinea,1981,9646440666.52864,NA,NA,NA,2025-06-05
GN,GIN,Guinea,1980,9746524915.08071,NA,NA,NA,2025-06-05
GN,GIN,Guinea,1979,8877094497.44971,NA,NA,NA,2025-06-05
GN,GIN,Guinea,1978,8087305999.0597,NA,NA,NA,2025-06-05
GN,GIN,Guinea,1977,6914381290.57116,NA,NA,NA,2025-06-05
GN,GIN,Guinea,1976,6762781870.6211,NA,NA,NA,2025-06-05
GN,GIN,Guinea,1975,6102769605.43001,NA,NA,NA,2025-06-05
GN,GIN,Guinea,1974,5691417541.33871,NA,NA,NA,2025-06-05
GN,GIN,Guinea,1973,5152080387.55572,NA,NA,NA,2025-06-05
GN,GIN,Guinea,1972,4203069035.01427,NA,NA,NA,2025-06-05
GN,GIN,Guinea,1971,3594302908.06164,NA,NA,NA,2025-06-05
GN,GIN,Guinea,1970,3220224607.81851,NA,NA,NA,2025-06-05
GN,GIN,Guinea,1969,NA,NA,NA,NA,2025-06-05
GN,GIN,Guinea,1968,NA,NA,NA,NA,2025-06-05
GN,GIN,Guinea,1967,NA,NA,NA,NA,2025-06-05
GN,GIN,Guinea,1966,NA,NA,NA,NA,2025-06-05
GN,GIN,Guinea,1965,NA,NA,NA,NA,2025-06-05
GN,GIN,Guinea,1964,NA,NA,NA,NA,2025-06-05
GN,GIN,Guinea,1963,NA,NA,NA,NA,2025-06-05
GN,GIN,Guinea,1962,NA,NA,NA,NA,2025-06-05
GN,GIN,Guinea,1961,NA,NA,NA,NA,2025-06-05
GN,GIN,Guinea,1960,NA,NA,NA,NA,2025-06-05
GW,GNB,Guinea-Bissau,2024,NA,NA,NA,NA,2025-06-05
GW,GNB,Guinea-Bissau,2023,2048348108.35852,NA,NA,NA,2025-06-05
GW,GNB,Guinea-Bissau,2022,1796608530.82267,NA,NA,NA,2025-06-05
GW,GNB,Guinea-Bissau,2021,1853796455.89489,NA,NA,NA,2025-06-05
GW,GNB,Guinea-Bissau,2020,1646400349.84867,NA,NA,NA,2025-06-05
GW,GNB,Guinea-Bissau,2019,1588638853.59328,NA,NA,NA,2025-06-05
GW,GNB,Guinea-Bissau,2018,1554133593.91699,NA,NA,NA,2025-06-05
GW,GNB,Guinea-Bissau,2017,1469978606.12143,NA,NA,NA,2025-06-05
GW,GNB,Guinea-Bissau,2016,1245074264.10396,NA,NA,NA,2025-06-05
GW,GNB,Guinea-Bissau,2015,1152384166.79638,NA,NA,NA,2025-06-05
GW,GNB,Guinea-Bissau,2014,1135250721.0374,NA,NA,NA,2025-06-05
GW,GNB,Guinea-Bissau,2013,1109682824.13594,NA,NA,NA,2025-06-05
GW,GNB,Guinea-Bissau,2012,1049412177.11413,NA,NA,NA,2025-06-05
GW,GNB,Guinea-Bissau,2011,1157074319.19388,NA,NA,NA,2025-06-05
GW,GNB,Guinea-Bissau,2010,940112538.936436,NA,NA,NA,2025-06-05
GW,GNB,Guinea-Bissau,2009,890167833.369849,NA,NA,NA,2025-06-05
GW,GNB,Guinea-Bissau,2008,952667544.037289,NA,NA,NA,2025-06-05
GW,GNB,Guinea-Bissau,2007,753162998.015113,NA,NA,NA,2025-06-05
GW,GNB,Guinea-Bissau,2006,634781901.251494,NA,NA,NA,2025-06-05
GW,GNB,Guinea-Bissau,2005,639776040.688424,NA,NA,NA,2025-06-05
GW,GNB,Guinea-Bissau,2004,582169841.298304,NA,NA,NA,2025-06-05
GW,GNB,Guinea-Bissau,2003,553614800.145707,NA,NA,NA,2025-06-05
GW,GNB,Guinea-Bissau,2002,466773711.235579,NA,NA,NA,2025-06-05
GW,GNB,Guinea-Bissau,2001,412610871.509121,NA,NA,NA,2025-06-05
GW,GNB,Guinea-Bissau,2000,391345597.488269,NA,NA,NA,2025-06-05
GW,GNB,Guinea-Bissau,1999,579365780.135134,NA,NA,NA,2025-06-05
GW,GNB,Guinea-Bissau,1998,591034143.426384,NA,NA,NA,2025-06-05
GW,GNB,Guinea-Bissau,1997,698107222.422492,NA,NA,NA,2025-06-05
GW,GNB,Guinea-Bissau,1996,702965147.568054,NA,NA,NA,2025-06-05
GW,GNB,Guinea-Bissau,1995,660195402.013602,NA,NA,NA,2025-06-05
GW,GNB,Guinea-Bissau,1994,612502084.797565,NA,NA,NA,2025-06-05
GW,GNB,Guinea-Bissau,1993,615779518.807114,NA,NA,NA,2025-06-05
GW,GNB,Guinea-Bissau,1992,588309271.28603,NA,NA,NA,2025-06-05
GW,GNB,Guinea-Bissau,1991,668470890.785147,NA,NA,NA,2025-06-05
GW,GNB,Guinea-Bissau,1990,634187269.235013,NA,NA,NA,2025-06-05
GW,GNB,Guinea-Bissau,1989,554072302.828333,NA,NA,NA,2025-06-05
GW,GNB,Guinea-Bissau,1988,427514321.528126,NA,NA,NA,2025-06-05
GW,GNB,Guinea-Bissau,1987,451893374.95907,NA,NA,NA,2025-06-05
GW,GNB,Guinea-Bissau,1986,338524232.567315,NA,NA,NA,2025-06-05
GW,GNB,Guinea-Bissau,1985,373959151.148591,NA,NA,NA,2025-06-05
GW,GNB,Guinea-Bissau,1984,359980490.728569,NA,NA,NA,2025-06-05
GW,GNB,Guinea-Bissau,1983,425225176.812165,NA,NA,NA,2025-06-05
GW,GNB,Guinea-Bissau,1982,430284021.883771,NA,NA,NA,2025-06-05
GW,GNB,Guinea-Bissau,1981,402230865.151515,NA,NA,NA,2025-06-05
GW,GNB,Guinea-Bissau,1980,287648258.258297,NA,NA,NA,2025-06-05
GW,GNB,Guinea-Bissau,1979,308143183.311819,NA,NA,NA,2025-06-05
GW,GNB,Guinea-Bissau,1978,318876550.432277,NA,NA,NA,2025-06-05
GW,GNB,Guinea-Bissau,1977,298871674.860041,NA,NA,NA,2025-06-05
GW,GNB,Guinea-Bissau,1976,292152321.493146,NA,NA,NA,2025-06-05
GW,GNB,Guinea-Bissau,1975,283311996.82299,NA,NA,NA,2025-06-05
GW,GNB,Guinea-Bissau,1974,256769730.263158,NA,NA,NA,2025-06-05
GW,GNB,Guinea-Bissau,1973,232331281.355932,NA,NA,NA,2025-06-05
GW,GNB,Guinea-Bissau,1972,227986203.29754,NA,NA,NA,2025-06-05
GW,GNB,Guinea-Bissau,1971,204167296.856603,NA,NA,NA,2025-06-05
GW,GNB,Guinea-Bissau,1970,204670550.76064,NA,NA,NA,2025-06-05
GW,GNB,Guinea-Bissau,1969,NA,NA,NA,NA,2025-06-05
GW,GNB,Guinea-Bissau,1968,NA,NA,NA,NA,2025-06-05
GW,GNB,Guinea-Bissau,1967,NA,NA,NA,NA,2025-06-05
GW,GNB,Guinea-Bissau,1966,NA,NA,NA,NA,2025-06-05
GW,GNB,Guinea-Bissau,1965,NA,NA,NA,NA,2025-06-05
GW,GNB,Guinea-Bissau,1964,NA,NA,NA,NA,2025-06-05
GW,GNB,Guinea-Bissau,1963,NA,NA,NA,NA,2025-06-05
GW,GNB,Guinea-Bissau,1962,NA,NA,NA,NA,2025-06-05
GW,GNB,Guinea-Bissau,1961,NA,NA,NA,NA,2025-06-05
GW,GNB,Guinea-Bissau,1960,NA,NA,NA,NA,2025-06-05
GY,GUY,Guyana,2024,NA,NA,NA,NA,2025-06-05
GY,GUY,Guyana,2023,17159509565.4676,NA,NA,NA,2025-06-05
GY,GUY,Guyana,2022,14718387016.7866,NA,NA,NA,2025-06-05
GY,GUY,Guyana,2021,8041363893.04556,NA,NA,NA,2025-06-05
GY,GUY,Guyana,2020,5471256594.72422,NA,NA,NA,2025-06-05
GY,GUY,Guyana,2019,5173760191.84652,NA,NA,NA,2025-06-05
GY,GUY,Guyana,2018,4787636997.85343,NA,NA,NA,2025-06-05
GY,GUY,Guyana,2017,4748174334.14044,NA,NA,NA,2025-06-05
GY,GUY,Guyana,2016,4482697336.56174,NA,NA,NA,2025-06-05
GY,GUY,Guyana,2015,4279840193.7046,NA,NA,NA,2025-06-05
GY,GUY,Guyana,2014,4127660151.8087,NA,NA,NA,2025-06-05
GY,GUY,Guyana,2013,4167800928.83553,NA,NA,NA,2025-06-05
GY,GUY,Guyana,2012,4063088535.76331,NA,NA,NA,2025-06-05
GY,GUY,Guyana,2011,3691384317.52178,NA,NA,NA,2025-06-05
GY,GUY,Guyana,2010,3432912516.92427,NA,NA,NA,2025-06-05
GY,GUY,Guyana,2009,3165663152.73351,NA,NA,NA,2025-06-05
GY,GUY,Guyana,2008,3025187433.33637,NA,NA,NA,2025-06-05
GY,GUY,Guyana,2007,2730971595.39574,NA,NA,NA,2025-06-05
GY,GUY,Guyana,2006,2379817990.6918,NA,NA,NA,2025-06-05
GY,GUY,Guyana,2005,824880550.343965,NA,NA,NA,2025-06-05
GY,GUY,Guyana,2004,787814379.183843,NA,NA,NA,2025-06-05
GY,GUY,Guyana,2003,743063950.317749,NA,NA,NA,2025-06-05
GY,GUY,Guyana,2002,726131434.715338,NA,NA,NA,2025-06-05
GY,GUY,Guyana,2001,712167450.162898,NA,NA,NA,2025-06-05
GY,GUY,Guyana,2000,712667896.727512,NA,NA,NA,2025-06-05
GY,GUY,Guyana,1999,694754988.258295,NA,NA,NA,2025-06-05
GY,GUY,Guyana,1998,717530683.169567,NA,NA,NA,2025-06-05
GY,GUY,Guyana,1997,749138009.56454,NA,NA,NA,2025-06-05
GY,GUY,Guyana,1996,705406001.424501,NA,NA,NA,2025-06-05
GY,GUY,Guyana,1995,621626785.915493,NA,NA,NA,2025-06-05
GY,GUY,Guyana,1994,540874934.201012,NA,NA,NA,2025-06-05
GY,GUY,Guyana,1993,454101382.488479,NA,NA,NA,2025-06-05
GY,GUY,Guyana,1992,373573141.486811,NA,NA,NA,2025-06-05
GY,GUY,Guyana,1991,348533094.812165,NA,NA,NA,2025-06-05
GY,GUY,Guyana,1990,396582263.291139,NA,NA,NA,2025-06-05
GY,GUY,Guyana,1989,379779389.705882,NA,NA,NA,2025-06-05
GY,GUY,Guyana,1988,413799990,NA,NA,NA,2025-06-05
GY,GUY,Guyana,1987,354591846.938775,NA,NA,NA,2025-06-05
GY,GUY,Guyana,1986,504651139.534884,NA,NA,NA,2025-06-05
GY,GUY,Guyana,1985,453488372.093023,NA,NA,NA,2025-06-05
GY,GUY,Guyana,1984,437631605.263158,NA,NA,NA,2025-06-05
GY,GUY,Guyana,1983,489333333.333333,NA,NA,NA,2025-06-05
GY,GUY,Guyana,1982,482000000,NA,NA,NA,2025-06-05
GY,GUY,Guyana,1981,570357107.142857,NA,NA,NA,2025-06-05
GY,GUY,Guyana,1980,603200000,NA,NA,NA,2025-06-05
GY,GUY,Guyana,1979,530440000,NA,NA,NA,2025-06-05
GY,GUY,Guyana,1978,507080000,NA,NA,NA,2025-06-05
GY,GUY,Guyana,1977,449880000,NA,NA,NA,2025-06-05
GY,GUY,Guyana,1976,454440000,NA,NA,NA,2025-06-05
GY,GUY,Guyana,1975,494791666.666667,NA,NA,NA,2025-06-05
GY,GUY,Guyana,1974,433954545.454545,NA,NA,NA,2025-06-05
GY,GUY,Guyana,1973,307047619.047619,NA,NA,NA,2025-06-05
GY,GUY,Guyana,1972,285380952.380952,NA,NA,NA,2025-06-05
GY,GUY,Guyana,1971,282050000,NA,NA,NA,2025-06-05
GY,GUY,Guyana,1970,267800000,NA,NA,NA,2025-06-05
GY,GUY,Guyana,1969,249300000,NA,NA,NA,2025-06-05
GY,GUY,Guyana,1968,229750000,NA,NA,NA,2025-06-05
GY,GUY,Guyana,1967,250176470.588235,NA,NA,NA,2025-06-05
GY,GUY,Guyana,1966,228705882.352941,NA,NA,NA,2025-06-05
GY,GUY,Guyana,1965,213235294.117647,NA,NA,NA,2025-06-05
GY,GUY,Guyana,1964,194774513.063717,NA,NA,NA,2025-06-05
GY,GUY,Guyana,1963,175757893.938598,NA,NA,NA,2025-06-05
GY,GUY,Guyana,1962,194949512.626218,NA,NA,NA,2025-06-05
GY,GUY,Guyana,1961,185849535.376162,NA,NA,NA,2025-06-05
GY,GUY,Guyana,1960,170216241.126064,NA,NA,NA,2025-06-05
HT,HTI,Haiti,2024,NA,NA,NA,NA,2025-06-05
HT,HTI,Haiti,2023,19850829757.5418,NA,NA,NA,2025-06-05
HT,HTI,Haiti,2022,20253551920.5516,NA,NA,NA,2025-06-05
HT,HTI,Haiti,2021,20877414952.6375,NA,NA,NA,2025-06-05
HT,HTI,Haiti,2020,14508222518.3018,NA,NA,NA,2025-06-05
HT,HTI,Haiti,2019,15016090929.5125,NA,NA,NA,2025-06-05
HT,HTI,Haiti,2018,16403864617.8458,NA,NA,NA,2025-06-05
HT,HTI,Haiti,2017,15093357161.1498,NA,NA,NA,2025-06-05
HT,HTI,Haiti,2016,14069277526.2278,NA,NA,NA,2025-06-05
HT,HTI,Haiti,2015,14849629308.6025,NA,NA,NA,2025-06-05
HT,HTI,Haiti,2014,15146883497.6331,NA,NA,NA,2025-06-05
HT,HTI,Haiti,2013,14902488604.2421,NA,NA,NA,2025-06-05
HT,HTI,Haiti,2012,13708925477.1304,NA,NA,NA,2025-06-05
HT,HTI,Haiti,2011,13008746038.8867,NA,NA,NA,2025-06-05
HT,HTI,Haiti,2010,11859312725.1448,NA,NA,NA,2025-06-05
HT,HTI,Haiti,2009,11597002834.7786,NA,NA,NA,2025-06-05
HT,HTI,Haiti,2008,10432962634.8748,NA,NA,NA,2025-06-05
HT,HTI,Haiti,2007,9228637767.69009,NA,NA,NA,2025-06-05
HT,HTI,Haiti,2006,7638739122.67242,NA,NA,NA,2025-06-05
HT,HTI,Haiti,2005,7030149730.33692,NA,NA,NA,2025-06-05
HT,HTI,Haiti,2004,6087360684.2969,NA,NA,NA,2025-06-05
HT,HTI,Haiti,2003,5071947798.27263,NA,NA,NA,2025-06-05
HT,HTI,Haiti,2002,6205847213.6351,NA,NA,NA,2025-06-05
HT,HTI,Haiti,2001,6331970324.31022,NA,NA,NA,2025-06-05
HT,HTI,Haiti,2000,6813566098.8675,NA,NA,NA,2025-06-05
HT,HTI,Haiti,1999,4153725883.84082,NA,NA,NA,2025-06-05
HT,HTI,Haiti,1998,3723903723.63772,NA,NA,NA,2025-06-05
HT,HTI,Haiti,1997,3338949151.59927,NA,NA,NA,2025-06-05
HT,HTI,Haiti,1996,2907517603.76719,NA,NA,NA,2025-06-05
HT,HTI,Haiti,1995,2813313278.81082,NA,NA,NA,2025-06-05
HT,HTI,Haiti,1994,2167569046.11837,NA,NA,NA,2025-06-05
HT,HTI,Haiti,1993,1878253767.31305,NA,NA,NA,2025-06-05
HT,HTI,Haiti,1992,2257129791.61575,NA,NA,NA,2025-06-05
HT,HTI,Haiti,1991,3473562627.79423,NA,NA,NA,2025-06-05
HT,HTI,Haiti,1990,3096289800,NA,NA,NA,2025-06-05
HT,HTI,Haiti,1989,2736243800,NA,NA,NA,2025-06-05
HT,HTI,Haiti,1988,2613926800,NA,NA,NA,2025-06-05
HT,HTI,Haiti,1987,2047200000,NA,NA,NA,2025-06-05
HT,HTI,Haiti,1986,2318000000,NA,NA,NA,2025-06-05
HT,HTI,Haiti,1985,2009400000,NA,NA,NA,2025-06-05
HT,HTI,Haiti,1984,1816200000,NA,NA,NA,2025-06-05
HT,HTI,Haiti,1983,1623600000,NA,NA,NA,2025-06-05
HT,HTI,Haiti,1982,1474200000,NA,NA,NA,2025-06-05
HT,HTI,Haiti,1981,1479400000,NA,NA,NA,2025-06-05
HT,HTI,Haiti,1980,1383800000,NA,NA,NA,2025-06-05
HT,HTI,Haiti,1979,1080600000,NA,NA,NA,2025-06-05
HT,HTI,Haiti,1978,974200000,NA,NA,NA,2025-06-05
HT,HTI,Haiti,1977,947000000,NA,NA,NA,2025-06-05
HT,HTI,Haiti,1976,879000000,NA,NA,NA,2025-06-05
HT,HTI,Haiti,1975,681400000,NA,NA,NA,2025-06-05
HT,HTI,Haiti,1974,565399321.520814,NA,NA,NA,2025-06-05
HT,HTI,Haiti,1973,466798973.042259,NA,NA,NA,2025-06-05
HT,HTI,Haiti,1972,371998958.402916,NA,NA,NA,2025-06-05
HT,HTI,Haiti,1971,362800000,NA,NA,NA,2025-06-05
HT,HTI,Haiti,1970,331200000,NA,NA,NA,2025-06-05
HT,HTI,Haiti,1969,391820400,NA,NA,NA,2025-06-05
HT,HTI,Haiti,1968,367968800,NA,NA,NA,2025-06-05
HT,HTI,Haiti,1967,369124200,NA,NA,NA,2025-06-05
HT,HTI,Haiti,1966,368948600,NA,NA,NA,2025-06-05
HT,HTI,Haiti,1965,353251800,NA,NA,NA,2025-06-05
HT,HTI,Haiti,1964,325281200,NA,NA,NA,2025-06-05
HT,HTI,Haiti,1963,294883400,NA,NA,NA,2025-06-05
HT,HTI,Haiti,1962,281896800,NA,NA,NA,2025-06-05
HT,HTI,Haiti,1961,271066000,NA,NA,NA,2025-06-05
HT,HTI,Haiti,1960,273187200,NA,NA,NA,2025-06-05
HN,HND,Honduras,2024,NA,NA,NA,NA,2025-06-05
HN,HND,Honduras,2023,34400509852.0436,NA,NA,NA,2025-06-05
HN,HND,Honduras,2022,31426041806.7985,NA,NA,NA,2025-06-05
HN,HND,Honduras,2021,28144331506.6149,NA,NA,NA,2025-06-05
HN,HND,Honduras,2020,23352232483.755,NA,NA,NA,2025-06-05
HN,HND,Honduras,2019,24882225741.8119,NA,NA,NA,2025-06-05
HN,HND,Honduras,2018,24067750760.499,NA,NA,NA,2025-06-05
HN,HND,Honduras,2017,23136247990.5977,NA,NA,NA,2025-06-05
HN,HND,Honduras,2016,21717604952.1835,NA,NA,NA,2025-06-05
HN,HND,Honduras,2015,20979791685.416,NA,NA,NA,2025-06-05
HN,HND,Honduras,2014,19756533971.8698,NA,NA,NA,2025-06-05
HN,HND,Honduras,2013,18499729214.904,NA,NA,NA,2025-06-05
HN,HND,Honduras,2012,18528554397.5695,NA,NA,NA,2025-06-05
HN,HND,Honduras,2011,17710275685.4074,NA,NA,NA,2025-06-05
HN,HND,Honduras,2010,15839344591.9842,NA,NA,NA,2025-06-05
HN,HND,Honduras,2009,14587496229.1811,NA,NA,NA,2025-06-05
HN,HND,Honduras,2008,13881731875.7466,NA,NA,NA,2025-06-05
HN,HND,Honduras,2007,12361257680.5627,NA,NA,NA,2025-06-05
HN,HND,Honduras,2006,10917477066.1429,NA,NA,NA,2025-06-05
HN,HND,Honduras,2005,9757012696.56212,NA,NA,NA,2025-06-05
HN,HND,Honduras,2004,8869299234.3377,NA,NA,NA,2025-06-05
HN,HND,Honduras,2003,8230391346.67228,NA,NA,NA,2025-06-05
HN,HND,Honduras,2002,7858255412.86038,NA,NA,NA,2025-06-05
HN,HND,Honduras,2001,7651162302.3456,NA,NA,NA,2025-06-05
HN,HND,Honduras,2000,7186638029.05875,NA,NA,NA,2025-06-05
HN,HND,Honduras,1999,6414520529.61672,NA,NA,NA,2025-06-05
HN,HND,Honduras,1998,6366340265.87888,NA,NA,NA,2025-06-05
HN,HND,Honduras,1997,5737099650.19011,NA,NA,NA,2025-06-05
HN,HND,Honduras,1996,5215028986.48649,NA,NA,NA,2025-06-05
HN,HND,Honduras,1995,5347445005.21376,NA,NA,NA,2025-06-05
HN,HND,Honduras,1994,4642280682.14252,NA,NA,NA,2025-06-05
HN,HND,Honduras,1993,4926728932.95069,NA,NA,NA,2025-06-05
HN,HND,Honduras,1992,4943700431.07368,NA,NA,NA,2025-06-05
HN,HND,Honduras,1991,4648668478.56753,NA,NA,NA,2025-06-05
HN,HND,Honduras,1990,4923009551.55642,NA,NA,NA,2025-06-05
HN,HND,Honduras,1989,5432344901.72414,NA,NA,NA,2025-06-05
HN,HND,Honduras,1988,5902717091.41631,NA,NA,NA,2025-06-05
HN,HND,Honduras,1987,6190521241.5,NA,NA,NA,2025-06-05
HN,HND,Honduras,1986,5677828959,NA,NA,NA,2025-06-05
HN,HND,Honduras,1985,5278120712.5,NA,NA,NA,2025-06-05
HN,HND,Honduras,1984,4915311846.5,NA,NA,NA,2025-06-05
HN,HND,Honduras,1983,4476697185,NA,NA,NA,2025-06-05
HN,HND,Honduras,1982,4266503525.5,NA,NA,NA,2025-06-05
HN,HND,Honduras,1981,4043894878.5,NA,NA,NA,2025-06-05
HN,HND,Honduras,1980,3968160046,NA,NA,NA,2025-06-05
HN,HND,Honduras,1979,3544281976.5,NA,NA,NA,2025-06-05
HN,HND,Honduras,1978,3097242093,NA,NA,NA,2025-06-05
HN,HND,Honduras,1977,1669499950,NA,NA,NA,2025-06-05
HN,HND,Honduras,1976,1347999950,NA,NA,NA,2025-06-05
HN,HND,Honduras,1975,1124000000,NA,NA,NA,2025-06-05
HN,HND,Honduras,1974,1034500000,NA,NA,NA,2025-06-05
HN,HND,Honduras,1973,912499493.750253,NA,NA,NA,2025-06-05
HN,HND,Honduras,1972,802996336.516486,NA,NA,NA,2025-06-05
HN,HND,Honduras,1971,731000000,NA,NA,NA,2025-06-05
HN,HND,Honduras,1970,723000000,NA,NA,NA,2025-06-05
HN,HND,Honduras,1969,668000050,NA,NA,NA,2025-06-05
HN,HND,Honduras,1968,646800000,NA,NA,NA,2025-06-05
HN,HND,Honduras,1967,598100000,NA,NA,NA,2025-06-05
HN,HND,Honduras,1966,549950000,NA,NA,NA,2025-06-05
HN,HND,Honduras,1965,508650000,NA,NA,NA,2025-06-05
HN,HND,Honduras,1964,457000000,NA,NA,NA,2025-06-05
HN,HND,Honduras,1963,410200000,NA,NA,NA,2025-06-05
HN,HND,Honduras,1962,387750000,NA,NA,NA,2025-06-05
HN,HND,Honduras,1961,356200000,NA,NA,NA,2025-06-05
HN,HND,Honduras,1960,335650000,NA,NA,NA,2025-06-05
HK,HKG,"Hong Kong SAR, China",2024,NA,NA,NA,NA,2025-06-05
HK,HKG,"Hong Kong SAR, China",2023,380812234827.832,NA,NA,NA,2025-06-05
HK,HKG,"Hong Kong SAR, China",2022,358681066274.469,NA,NA,NA,2025-06-05
HK,HKG,"Hong Kong SAR, China",2021,368954169748.818,NA,NA,NA,2025-06-05
HK,HKG,"Hong Kong SAR, China",2020,344943149590.058,NA,NA,NA,2025-06-05
HK,HKG,"Hong Kong SAR, China",2019,363074545072.389,NA,NA,NA,2025-06-05
HK,HKG,"Hong Kong SAR, China",2018,361731070995.726,NA,NA,NA,2025-06-05
HK,HKG,"Hong Kong SAR, China",2017,341273289534.466,NA,NA,NA,2025-06-05
HK,HKG,"Hong Kong SAR, China",2016,320860317562.562,NA,NA,NA,2025-06-05
HK,HKG,"Hong Kong SAR, China",2015,309385622601.348,NA,NA,NA,2025-06-05
HK,HKG,"Hong Kong SAR, China",2014,291459995978.893,NA,NA,NA,2025-06-05
HK,HKG,"Hong Kong SAR, China",2013,275696879834.966,NA,NA,NA,2025-06-05
HK,HKG,"Hong Kong SAR, China",2012,262628865879.697,NA,NA,NA,2025-06-05
HK,HKG,"Hong Kong SAR, China",2011,248513617677.287,NA,NA,NA,2025-06-05
HK,HKG,"Hong Kong SAR, China",2010,228638668727.291,NA,NA,NA,2025-06-05
HK,HKG,"Hong Kong SAR, China",2009,214047795659.045,NA,NA,NA,2025-06-05
HK,HKG,"Hong Kong SAR, China",2008,219278749139.734,NA,NA,NA,2025-06-05
HK,HKG,"Hong Kong SAR, China",2007,211596944503.8,NA,NA,NA,2025-06-05
HK,HKG,"Hong Kong SAR, China",2006,193535442896.365,NA,NA,NA,2025-06-05
HK,HKG,"Hong Kong SAR, China",2005,181569311742.213,NA,NA,NA,2025-06-05
HK,HKG,"Hong Kong SAR, China",2004,169099768875.193,NA,NA,NA,2025-06-05
HK,HKG,"Hong Kong SAR, China",2003,161385558801.811,NA,NA,NA,2025-06-05
HK,HKG,"Hong Kong SAR, China",2002,166348866131.028,NA,NA,NA,2025-06-05
HK,HKG,"Hong Kong SAR, China",2001,169404327616.605,NA,NA,NA,2025-06-05
HK,HKG,"Hong Kong SAR, China",2000,171668891194.349,NA,NA,NA,2025-06-05
HK,HKG,"Hong Kong SAR, China",1999,165768095391.557,NA,NA,NA,2025-06-05
HK,HKG,"Hong Kong SAR, China",1998,168885443660.072,NA,NA,NA,2025-06-05
HK,HKG,"Hong Kong SAR, China",1997,177353174849.714,NA,NA,NA,2025-06-05
HK,HKG,"Hong Kong SAR, China",1996,159718183550.734,NA,NA,NA,2025-06-05
HK,HKG,"Hong Kong SAR, China",1995,144652295363.667,NA,NA,NA,2025-06-05
HK,HKG,"Hong Kong SAR, China",1994,135811771026.33,NA,NA,NA,2025-06-05
HK,HKG,"Hong Kong SAR, China",1993,120354212475,NA,NA,NA,2025-06-05
HK,HKG,"Hong Kong SAR, China",1992,104272507639.282,NA,NA,NA,2025-06-05
HK,HKG,"Hong Kong SAR, China",1991,88959997899.9293,NA,NA,NA,2025-06-05
HK,HKG,"Hong Kong SAR, China",1990,76928784620.8158,NA,NA,NA,2025-06-05
HK,HKG,"Hong Kong SAR, China",1989,68790219177.9733,NA,NA,NA,2025-06-05
HK,HKG,"Hong Kong SAR, China",1988,59707404560.5944,NA,NA,NA,2025-06-05
HK,HKG,"Hong Kong SAR, China",1987,50622896162.6006,NA,NA,NA,2025-06-05
HK,HKG,"Hong Kong SAR, China",1986,41075396884.8952,NA,NA,NA,2025-06-05
HK,HKG,"Hong Kong SAR, China",1985,35699772165.7093,NA,NA,NA,2025-06-05
HK,HKG,"Hong Kong SAR, China",1984,33511383985.6741,NA,NA,NA,2025-06-05
HK,HKG,"Hong Kong SAR, China",1983,29907227184.179,NA,NA,NA,2025-06-05
HK,HKG,"Hong Kong SAR, China",1982,32291215843.6433,NA,NA,NA,2025-06-05
HK,HKG,"Hong Kong SAR, China",1981,31055226088.6943,NA,NA,NA,2025-06-05
HK,HKG,"Hong Kong SAR, China",1980,28861857810.6515,NA,NA,NA,2025-06-05
HK,HKG,"Hong Kong SAR, China",1979,22526184533.17,NA,NA,NA,2025-06-05
HK,HKG,"Hong Kong SAR, China",1978,18315136409.1427,NA,NA,NA,2025-06-05
HK,HKG,"Hong Kong SAR, China",1977,15719433719.4337,NA,NA,NA,2025-06-05
HK,HKG,"Hong Kong SAR, China",1976,12876366008.8077,NA,NA,NA,2025-06-05
HK,HKG,"Hong Kong SAR, China",1975,10048089558.0636,NA,NA,NA,2025-06-05
HK,HKG,"Hong Kong SAR, China",1974,9388695366.84578,NA,NA,NA,2025-06-05
HK,HKG,"Hong Kong SAR, China",1973,8030117555.62033,NA,NA,NA,2025-06-05
HK,HKG,"Hong Kong SAR, China",1972,5710090213.15035,NA,NA,NA,2025-06-05
HK,HKG,"Hong Kong SAR, China",1971,4476001946.01486,NA,NA,NA,2025-06-05
HK,HKG,"Hong Kong SAR, China",1970,3800766535.62088,NA,NA,NA,2025-06-05
HK,HKG,"Hong Kong SAR, China",1969,3189740055.13982,NA,NA,NA,2025-06-05
HK,HKG,"Hong Kong SAR, China",1968,2716964388.42418,NA,NA,NA,2025-06-05
HK,HKG,"Hong Kong SAR, China",1967,2692474989.12571,NA,NA,NA,2025-06-05
HK,HKG,"Hong Kong SAR, China",1966,2489845016.64894,NA,NA,NA,2025-06-05
HK,HKG,"Hong Kong SAR, China",1965,2435078534.03141,NA,NA,NA,2025-06-05
HK,HKG,"Hong Kong SAR, China",1964,2206466461.26434,NA,NA,NA,2025-06-05
HK,HKG,"Hong Kong SAR, China",1963,1935298266.45384,NA,NA,NA,2025-06-05
HK,HKG,"Hong Kong SAR, China",1962,1612346412.26475,NA,NA,NA,2025-06-05
HK,HKG,"Hong Kong SAR, China",1961,1383681651.13776,NA,NA,NA,2025-06-05
HK,HKG,"Hong Kong SAR, China",1960,1320796651.69457,NA,NA,NA,2025-06-05
HU,HUN,Hungary,2024,NA,NA,NA,NA,2025-06-05
HU,HUN,Hungary,2023,212388906458.724,NA,NA,NA,2025-06-05
HU,HUN,Hungary,2022,177006128624.627,NA,NA,NA,2025-06-05
HU,HUN,Hungary,2021,182109999477.691,NA,NA,NA,2025-06-05
HU,HUN,Hungary,2020,157288955508.176,NA,NA,NA,2025-06-05
HU,HUN,Hungary,2019,164020460331.659,NA,NA,NA,2025-06-05
HU,HUN,Hungary,2018,160565642983.587,NA,NA,NA,2025-06-05
HU,HUN,Hungary,2017,143112196040.326,NA,NA,NA,2025-06-05
HU,HUN,Hungary,2016,128609822750.039,NA,NA,NA,2025-06-05
HU,HUN,Hungary,2015,125174166987.372,NA,NA,NA,2025-06-05
HU,HUN,Hungary,2014,141033843265.669,NA,NA,NA,2025-06-05
HU,HUN,Hungary,2013,135684315697.713,NA,NA,NA,2025-06-05
HU,HUN,Hungary,2012,128814279315.132,NA,NA,NA,2025-06-05
HU,HUN,Hungary,2011,141942264554.475,NA,NA,NA,2025-06-05
HU,HUN,Hungary,2010,132175349953.713,NA,NA,NA,2025-06-05
HU,HUN,Hungary,2009,131069255620.567,NA,NA,NA,2025-06-05
HU,HUN,Hungary,2008,158325614580.628,NA,NA,NA,2025-06-05
HU,HUN,Hungary,2007,140186716681.425,NA,NA,NA,2025-06-05
HU,HUN,Hungary,2006,115715618613.052,NA,NA,NA,2025-06-05
HU,HUN,Hungary,2005,113211158292.936,NA,NA,NA,2025-06-05
HU,HUN,Hungary,2004,104120820258.669,NA,NA,NA,2025-06-05
HU,HUN,Hungary,2003,85285062818.0077,NA,NA,NA,2025-06-05
HU,HUN,Hungary,2002,67608919144.3684,NA,NA,NA,2025-06-05
HU,HUN,Hungary,2001,53749989092.0197,NA,NA,NA,2025-06-05
HU,HUN,Hungary,2000,47218405892.4258,NA,NA,NA,2025-06-05
HU,HUN,Hungary,1999,49073380173.7159,NA,NA,NA,2025-06-05
HU,HUN,Hungary,1998,48706787306.2574,NA,NA,NA,2025-06-05
HU,HUN,Hungary,1997,47296952928.7561,NA,NA,NA,2025-06-05
HU,HUN,Hungary,1996,46658755151.6017,NA,NA,NA,2025-06-05
HU,HUN,Hungary,1995,46425677734.1435,NA,NA,NA,2025-06-05
HU,HUN,Hungary,1994,43166678735.2183,NA,NA,NA,2025-06-05
HU,HUN,Hungary,1993,40124916940.5945,NA,NA,NA,2025-06-05
HU,HUN,Hungary,1992,38730585922.2189,NA,NA,NA,2025-06-05
HU,HUN,Hungary,1991,34753569692.915,NA,NA,NA,2025-06-05
HU,HUN,Hungary,1990,34365891768.6878,NA,NA,NA,2025-06-05
HU,HUN,Hungary,1989,30323270274.4059,NA,NA,NA,2025-06-05
HU,HUN,Hungary,1988,29702631093.8815,NA,NA,NA,2025-06-05
HU,HUN,Hungary,1987,27143185296.5443,NA,NA,NA,2025-06-05
HU,HUN,Hungary,1986,24697337084.1012,NA,NA,NA,2025-06-05
HU,HUN,Hungary,1985,21440475719.8582,NA,NA,NA,2025-06-05
HU,HUN,Hungary,1984,21173432184.8711,NA,NA,NA,2025-06-05
HU,HUN,Hungary,1983,21838893330.6052,NA,NA,NA,2025-06-05
HU,HUN,Hungary,1982,24062916721.3121,NA,NA,NA,2025-06-05
HU,HUN,Hungary,1981,23628554956.6052,NA,NA,NA,2025-06-05
HU,HUN,Hungary,1980,23041569234.9792,NA,NA,NA,2025-06-05
HU,HUN,Hungary,1979,19894622393.194,NA,NA,NA,2025-06-05
HU,HUN,Hungary,1978,17230354544.8242,NA,NA,NA,2025-06-05
HU,HUN,Hungary,1977,14735449496.7289,NA,NA,NA,2025-06-05
HU,HUN,Hungary,1976,13192437321.2442,NA,NA,NA,2025-06-05
HU,HUN,Hungary,1975,11383139029.4345,NA,NA,NA,2025-06-05
HU,HUN,Hungary,1974,9983664739.3203,NA,NA,NA,2025-06-05
HU,HUN,Hungary,1973,9108483160.5037,NA,NA,NA,2025-06-05
HU,HUN,Hungary,1972,7355242314.22407,NA,NA,NA,2025-06-05
HU,HUN,Hungary,1971,6271045034.4683,NA,NA,NA,2025-06-05
HU,HUN,Hungary,1970,5762071728.12373,NA,NA,NA,2025-06-05
HU,HUN,Hungary,1969,5412100260.1731,NA,NA,NA,2025-06-05
HU,HUN,Hungary,1968,4870283626.18043,NA,NA,NA,2025-06-05
HU,HUN,Hungary,1967,NA,NA,NA,NA,2025-06-05
HU,HUN,Hungary,1966,NA,NA,NA,NA,2025-06-05
HU,HUN,Hungary,1965,NA,NA,NA,NA,2025-06-05
HU,HUN,Hungary,1964,NA,NA,NA,NA,2025-06-05
HU,HUN,Hungary,1963,NA,NA,NA,NA,2025-06-05
HU,HUN,Hungary,1962,NA,NA,NA,NA,2025-06-05
HU,HUN,Hungary,1961,NA,NA,NA,NA,2025-06-05
HU,HUN,Hungary,1960,NA,NA,NA,NA,2025-06-05
IS,ISL,Iceland,2024,NA,NA,NA,NA,2025-06-05
IS,ISL,Iceland,2023,31325116556.3807,NA,NA,NA,2025-06-05
IS,ISL,Iceland,2022,28770206626.5564,NA,NA,NA,2025-06-05
IS,ISL,Iceland,2021,25825287184.3818,NA,NA,NA,2025-06-05
IS,ISL,Iceland,2020,21629953194.0659,NA,NA,NA,2025-06-05
IS,ISL,Iceland,2019,24681343649.2952,NA,NA,NA,2025-06-05
IS,ISL,Iceland,2018,26260850582.0687,NA,NA,NA,2025-06-05
IS,ISL,Iceland,2017,24728285177.4603,NA,NA,NA,2025-06-05
IS,ISL,Iceland,2016,20793168030.9524,NA,NA,NA,2025-06-05
IS,ISL,Iceland,2015,17517210519.0912,NA,NA,NA,2025-06-05
IS,ISL,Iceland,2014,17867662177.8911,NA,NA,NA,2025-06-05
IS,ISL,Iceland,2013,16125060515.3117,NA,NA,NA,2025-06-05
IS,ISL,Iceland,2012,14751508133.5443,NA,NA,NA,2025-06-05
IS,ISL,Iceland,2011,15221622925.9319,NA,NA,NA,2025-06-05
IS,ISL,Iceland,2010,13751161917.7398,NA,NA,NA,2025-06-05
IS,ISL,Iceland,2009,13154414219.207,NA,NA,NA,2025-06-05
IS,ISL,Iceland,2008,18074622987.0185,NA,NA,NA,2025-06-05
IS,ISL,Iceland,2007,21652505596.7528,NA,NA,NA,2025-06-05
IS,ISL,Iceland,2006,17465318552.2941,NA,NA,NA,2025-06-05
IS,ISL,Iceland,2005,16852963067.0496,NA,NA,NA,2025-06-05
IS,ISL,Iceland,2004,13825302535.7699,NA,NA,NA,2025-06-05
IS,ISL,Iceland,2003,11429333037.8443,NA,NA,NA,2025-06-05
IS,ISL,Iceland,2002,9318395054.85934,NA,NA,NA,2025-06-05
IS,ISL,Iceland,2001,8234846804.60582,NA,NA,NA,2025-06-05
IS,ISL,Iceland,2000,9025660361.75842,NA,NA,NA,2025-06-05
IS,ISL,Iceland,1999,8982047589.4895,NA,NA,NA,2025-06-05
IS,ISL,Iceland,1998,8503693098.62271,NA,NA,NA,2025-06-05
IS,ISL,Iceland,1997,7569672925.33739,NA,NA,NA,2025-06-05
IS,ISL,Iceland,1996,7426082270.67669,NA,NA,NA,2025-06-05
IS,ISL,Iceland,1995,7123633418.19739,NA,NA,NA,2025-06-05
IS,ISL,Iceland,1994,6389460342.78656,NA,NA,NA,2025-06-05
IS,ISL,Iceland,1993,6218581531.64347,NA,NA,NA,2025-06-05
IS,ISL,Iceland,1992,7080981738.05606,NA,NA,NA,2025-06-05
IS,ISL,Iceland,1991,6909730288.17061,NA,NA,NA,2025-06-05
IS,ISL,Iceland,1990,6468736355.55678,NA,NA,NA,2025-06-05
IS,ISL,Iceland,1989,5672569449.07068,NA,NA,NA,2025-06-05
IS,ISL,Iceland,1988,6106635816.24587,NA,NA,NA,2025-06-05
IS,ISL,Iceland,1987,5520318404.64149,NA,NA,NA,2025-06-05
IS,ISL,Iceland,1986,3989622739.28212,NA,NA,NA,2025-06-05
IS,ISL,Iceland,1985,2984052356.55071,NA,NA,NA,2025-06-05
IS,ISL,Iceland,1984,2864441387.40507,NA,NA,NA,2025-06-05
IS,ISL,Iceland,1983,2765950335.71095,NA,NA,NA,2025-06-05
IS,ISL,Iceland,1982,3206626644.5371,NA,NA,NA,2025-06-05
IS,ISL,Iceland,1981,3492997010.04956,NA,NA,NA,2025-06-05
IS,ISL,Iceland,1980,3381419251.2923102,NA,NA,NA,2025-06-05
IS,ISL,Iceland,1979,2853435053.88542,NA,NA,NA,2025-06-05
IS,ISL,Iceland,1978,2511826196.009,NA,NA,NA,2025-06-05
IS,ISL,Iceland,1977,2208509076.28099,NA,NA,NA,2025-06-05
IS,ISL,Iceland,1976,1669488389.96542,NA,NA,NA,2025-06-05
IS,ISL,Iceland,1975,1406875081.32726,NA,NA,NA,2025-06-05
IS,ISL,Iceland,1974,1515190595.29765,NA,NA,NA,2025-06-05
IS,ISL,Iceland,1973,1154440252.96794,NA,NA,NA,2025-06-05
IS,ISL,Iceland,1972,839652164.06073,NA,NA,NA,2025-06-05
IS,ISL,Iceland,1971,670251136.363636,NA,NA,NA,2025-06-05
IS,ISL,Iceland,1970,526704545.454545,NA,NA,NA,2025-06-05
IS,ISL,Iceland,1969,420945147.630956,NA,NA,NA,2025-06-05
IS,ISL,Iceland,1968,481532847.590587,NA,NA,NA,2025-06-05
IS,ISL,Iceland,1967,630567115.790732,NA,NA,NA,2025-06-05
IS,ISL,Iceland,1966,638349755.221932,NA,NA,NA,2025-06-05
IS,ISL,Iceland,1965,531569563.888591,NA,NA,NA,2025-06-05
IS,ISL,Iceland,1964,440797869.282266,NA,NA,NA,2025-06-05
IS,ISL,Iceland,1963,345175036.090555,NA,NA,NA,2025-06-05
IS,ISL,Iceland,1962,289200704.382542,NA,NA,NA,2025-06-05
IS,ISL,Iceland,1961,257703244.559997,NA,NA,NA,2025-06-05
IS,ISL,Iceland,1960,252169712.042125,NA,NA,NA,2025-06-05
IN,IND,India,2024,NA,NA,NA,NA,2025-06-05
IN,IND,India,2023,3567551674623.01,NA,NA,NA,2025-06-05
IN,IND,India,2022,3353470496886.33,NA,NA,NA,2025-06-05
IN,IND,India,2021,3167270623260.47,NA,NA,NA,2025-06-05
IN,IND,India,2020,2674851578587.27,NA,NA,NA,2025-06-05
IN,IND,India,2019,2835606256558.19,NA,NA,NA,2025-06-05
IN,IND,India,2018,2702929641648.74,NA,NA,NA,2025-06-05
IN,IND,India,2017,2651474262755.45,NA,NA,NA,2025-06-05
IN,IND,India,2016,2294796885663.16,NA,NA,NA,2025-06-05
IN,IND,India,2015,2103588360044.94,NA,NA,NA,2025-06-05
IN,IND,India,2014,2039126479154.52,NA,NA,NA,2025-06-05
IN,IND,India,2013,1856721507621.58,NA,NA,NA,2025-06-05
IN,IND,India,2012,1827637590410.41,NA,NA,NA,2025-06-05
IN,IND,India,2011,1823051829894.55,NA,NA,NA,2025-06-05
IN,IND,India,2010,1675615519484.96,NA,NA,NA,2025-06-05
IN,IND,India,2009,1341888016994.9,NA,NA,NA,2025-06-05
IN,IND,India,2008,1198895139005.92,NA,NA,NA,2025-06-05
IN,IND,India,2007,1216736438834.96,NA,NA,NA,2025-06-05
IN,IND,India,2006,940259888787.721,NA,NA,NA,2025-06-05
IN,IND,India,2005,820383763511.445,NA,NA,NA,2025-06-05
IN,IND,India,2004,709152728830.775,NA,NA,NA,2025-06-05
IN,IND,India,2003,607700687237.318,NA,NA,NA,2025-06-05
IN,IND,India,2002,514939140318.756,NA,NA,NA,2025-06-05
IN,IND,India,2001,485440139204.171,NA,NA,NA,2025-06-05
IN,IND,India,2000,468395521654.458,NA,NA,NA,2025-06-05
IN,IND,India,1999,458821052615.79,NA,NA,NA,2025-06-05
IN,IND,India,1998,421351317224.941,NA,NA,NA,2025-06-05
IN,IND,India,1997,415867563592.829,NA,NA,NA,2025-06-05
IN,IND,India,1996,392896866204.516,NA,NA,NA,2025-06-05
IN,IND,India,1995,360281909643.489,NA,NA,NA,2025-06-05
IN,IND,India,1994,327274843459.429,NA,NA,NA,2025-06-05
IN,IND,India,1993,279295648982.529,NA,NA,NA,2025-06-05
IN,IND,India,1992,288208070278.013,NA,NA,NA,2025-06-05
IN,IND,India,1991,270105341879.226,NA,NA,NA,2025-06-05
IN,IND,India,1990,320979026420.035,NA,NA,NA,2025-06-05
IN,IND,India,1989,296042052944.66,NA,NA,NA,2025-06-05
IN,IND,India,1988,296589670895.932,NA,NA,NA,2025-06-05
IN,IND,India,1987,279033584092.223,NA,NA,NA,2025-06-05
IN,IND,India,1986,248985994040.59,NA,NA,NA,2025-06-05
IN,IND,India,1985,232511554840.372,NA,NA,NA,2025-06-05
IN,IND,India,1984,212157645177.652,NA,NA,NA,2025-06-05
IN,IND,India,1983,218262146413.158,NA,NA,NA,2025-06-05
IN,IND,India,1982,200715624830.902,NA,NA,NA,2025-06-05
IN,IND,India,1981,193491368445.573,NA,NA,NA,2025-06-05
IN,IND,India,1980,186328579302.068,NA,NA,NA,2025-06-05
IN,IND,India,1979,152995442497.709,NA,NA,NA,2025-06-05
IN,IND,India,1978,137302319828.995,NA,NA,NA,2025-06-05
IN,IND,India,1977,121486641441.309,NA,NA,NA,2025-06-05
IN,IND,India,1976,102716451979.68,NA,NA,NA,2025-06-05
IN,IND,India,1975,98473832017.3242,NA,NA,NA,2025-06-05
IN,IND,India,1974,99526597933.6331,NA,NA,NA,2025-06-05
IN,IND,India,1973,85517673172.5513,NA,NA,NA,2025-06-05
IN,IND,India,1972,71464700666.9869,NA,NA,NA,2025-06-05
IN,IND,India,1971,67351404351.833,NA,NA,NA,2025-06-05
IN,IND,India,1970,62422483054.6667,NA,NA,NA,2025-06-05
IN,IND,India,1969,58447995017.3333,NA,NA,NA,2025-06-05
IN,IND,India,1968,53085455870.6667,NA,NA,NA,2025-06-05
IN,IND,India,1967,50134942204,NA,NA,NA,2025-06-05
IN,IND,India,1966,45581230504.071,NA,NA,NA,2025-06-05
IN,IND,India,1965,59556105229.0052,NA,NA,NA,2025-06-05
IN,IND,India,1964,56480289940.9899,NA,NA,NA,2025-06-05
IN,IND,India,1963,48421923459.1235,NA,NA,NA,2025-06-05
IN,IND,India,1962,42161481858.0819,NA,NA,NA,2025-06-05
IN,IND,India,1961,39232435784.0358,NA,NA,NA,2025-06-05
IN,IND,India,1960,37029883876.1839,NA,NA,NA,2025-06-05
ID,IDN,Indonesia,2024,NA,NA,NA,NA,2025-06-05
ID,IDN,Indonesia,2023,1371171152331.16,NA,NA,NA,2025-06-05
ID,IDN,Indonesia,2022,1319076267291.51,NA,NA,NA,2025-06-05
ID,IDN,Indonesia,2021,1186509691070.97,NA,NA,NA,2025-06-05
ID,IDN,Indonesia,2020,1059054842711.55,NA,NA,NA,2025-06-05
ID,IDN,Indonesia,2019,1119099871385.79,NA,NA,NA,2025-06-05
ID,IDN,Indonesia,2018,1042271532953.49,NA,NA,NA,2025-06-05
ID,IDN,Indonesia,2017,1015618744168.08,NA,NA,NA,2025-06-05
ID,IDN,Indonesia,2016,931877364034.196,NA,NA,NA,2025-06-05
ID,IDN,Indonesia,2015,860854232717.718,NA,NA,NA,2025-06-05
ID,IDN,Indonesia,2014,890814755511.014,NA,NA,NA,2025-06-05
ID,IDN,Indonesia,2013,912524136718.018,NA,NA,NA,2025-06-05
ID,IDN,Indonesia,2012,917869913364.917,NA,NA,NA,2025-06-05
ID,IDN,Indonesia,2011,892969104529.572,NA,NA,NA,2025-06-05
ID,IDN,Indonesia,2010,755094157594.524,NA,NA,NA,2025-06-05
ID,IDN,Indonesia,2009,539580085612.401,NA,NA,NA,2025-06-05
ID,IDN,Indonesia,2008,510228634992.255,NA,NA,NA,2025-06-05
ID,IDN,Indonesia,2007,432216737774.861,NA,NA,NA,2025-06-05
ID,IDN,Indonesia,2006,364570515618.358,NA,NA,NA,2025-06-05
ID,IDN,Indonesia,2005,285868619196.085,NA,NA,NA,2025-06-05
ID,IDN,Indonesia,2004,256836875295.452,NA,NA,NA,2025-06-05
ID,IDN,Indonesia,2003,234772463823.808,NA,NA,NA,2025-06-05
ID,IDN,Indonesia,2002,195660611165.183,NA,NA,NA,2025-06-05
ID,IDN,Indonesia,2001,160446947784.909,NA,NA,NA,2025-06-05
ID,IDN,Indonesia,2000,165021012077.81,NA,NA,NA,2025-06-05
ID,IDN,Indonesia,1999,140001351215.462,NA,NA,NA,2025-06-05
ID,IDN,Indonesia,1998,95445547872.715,NA,NA,NA,2025-06-05
ID,IDN,Indonesia,1997,215748998609.635,NA,NA,NA,2025-06-05
ID,IDN,Indonesia,1996,227369679374.973,NA,NA,NA,2025-06-05
ID,IDN,Indonesia,1995,202132028723.115,NA,NA,NA,2025-06-05
ID,IDN,Indonesia,1994,176892143931.505,NA,NA,NA,2025-06-05
ID,IDN,Indonesia,1993,158006700301.533,NA,NA,NA,2025-06-05
ID,IDN,Indonesia,1992,128026966579.964,NA,NA,NA,2025-06-05
ID,IDN,Indonesia,1991,116621996217.133,NA,NA,NA,2025-06-05
ID,IDN,Indonesia,1990,106140727333.636,NA,NA,NA,2025-06-05
ID,IDN,Indonesia,1989,94451427876.6628,NA,NA,NA,2025-06-05
ID,IDN,Indonesia,1988,84300174485.7973,NA,NA,NA,2025-06-05
ID,IDN,Indonesia,1987,75929617557.7521,NA,NA,NA,2025-06-05
ID,IDN,Indonesia,1986,79954072544.5279,NA,NA,NA,2025-06-05
ID,IDN,Indonesia,1985,85289488375.4435,NA,NA,NA,2025-06-05
ID,IDN,Indonesia,1984,84853700027.651,NA,NA,NA,2025-06-05
ID,IDN,Indonesia,1983,81052283383.7155,NA,NA,NA,2025-06-05
ID,IDN,Indonesia,1982,90158449294.9921,NA,NA,NA,2025-06-05
ID,IDN,Indonesia,1981,85518233419.0479,NA,NA,NA,2025-06-05
ID,IDN,Indonesia,1980,72482337397.4439,NA,NA,NA,2025-06-05
ID,IDN,Indonesia,1979,51400186342.8889,NA,NA,NA,2025-06-05
ID,IDN,Indonesia,1978,51455719075.8254,NA,NA,NA,2025-06-05
ID,IDN,Indonesia,1977,45808915662.6506,NA,NA,NA,2025-06-05
ID,IDN,Indonesia,1976,37269156626.506,NA,NA,NA,2025-06-05
ID,IDN,Indonesia,1975,30463855421.6867,NA,NA,NA,2025-06-05
ID,IDN,Indonesia,1974,25802409638.5542,NA,NA,NA,2025-06-05
ID,IDN,Indonesia,1973,16273253012.0482,NA,NA,NA,2025-06-05
ID,IDN,Indonesia,1972,10997590361.4458,NA,NA,NA,2025-06-05
ID,IDN,Indonesia,1971,9333536369.94567,NA,NA,NA,2025-06-05
ID,IDN,Indonesia,1970,9150684931.50685,NA,NA,NA,2025-06-05
ID,IDN,Indonesia,1969,8337423312.88344,NA,NA,NA,2025-06-05
ID,IDN,Indonesia,1968,7076465299.81141,NA,NA,NA,2025-06-05
ID,IDN,Indonesia,1967,5667756627.92093,NA,NA,NA,2025-06-05
ID,IDN,Indonesia,1966,NA,NA,NA,NA,2025-06-05
ID,IDN,Indonesia,1965,NA,NA,NA,NA,2025-06-05
ID,IDN,Indonesia,1964,NA,NA,NA,NA,2025-06-05
ID,IDN,Indonesia,1963,NA,NA,NA,NA,2025-06-05
ID,IDN,Indonesia,1962,NA,NA,NA,NA,2025-06-05
ID,IDN,Indonesia,1961,NA,NA,NA,NA,2025-06-05
ID,IDN,Indonesia,1960,NA,NA,NA,NA,2025-06-05
IR,IRN,"Iran, Islamic Rep.",2024,NA,NA,NA,NA,2025-06-05
IR,IRN,"Iran, Islamic Rep.",2023,404625655204.619,NA,NA,NA,2025-06-05
IR,IRN,"Iran, Islamic Rep.",2022,394362621793.035,NA,NA,NA,2025-06-05
IR,IRN,"Iran, Islamic Rep.",2021,383436202446.695,NA,NA,NA,2025-06-05
IR,IRN,"Iran, Islamic Rep.",2020,262186179355.944,NA,NA,NA,2025-06-05
IR,IRN,"Iran, Islamic Rep.",2019,333519146339.191,NA,NA,NA,2025-06-05
IR,IRN,"Iran, Islamic Rep.",2018,398880231367.268,NA,NA,NA,2025-06-05
IR,IRN,"Iran, Islamic Rep.",2017,489168731811.147,NA,NA,NA,2025-06-05
IR,IRN,"Iran, Islamic Rep.",2016,459042684192.698,NA,NA,NA,2025-06-05
IR,IRN,"Iran, Islamic Rep.",2015,409191686496.677,NA,NA,NA,2025-06-05
IR,IRN,"Iran, Islamic Rep.",2014,462284793280.825,NA,NA,NA,2025-06-05
IR,IRN,"Iran, Islamic Rep.",2013,500399839839.877,NA,NA,NA,2025-06-05
IR,IRN,"Iran, Islamic Rep.",2012,644019315003.54,NA,NA,NA,2025-06-05
IR,IRN,"Iran, Islamic Rep.",2011,629082257472.368,NA,NA,NA,2025-06-05
IR,IRN,"Iran, Islamic Rep.",2010,487069570461.36,NA,NA,NA,2025-06-05
IR,IRN,"Iran, Islamic Rep.",2009,414059094949.597,NA,NA,NA,2025-06-05
IR,IRN,"Iran, Islamic Rep.",2008,406070949550.867,NA,NA,NA,2025-06-05
IR,IRN,"Iran, Islamic Rep.",2007,349736591836.295,NA,NA,NA,2025-06-05
IR,IRN,"Iran, Islamic Rep.",2006,265602187406.199,NA,NA,NA,2025-06-05
IR,IRN,"Iran, Islamic Rep.",2005,224970371328.826,NA,NA,NA,2025-06-05
IR,IRN,"Iran, Islamic Rep.",2004,187754571246.703,NA,NA,NA,2025-06-05
IR,IRN,"Iran, Islamic Rep.",2003,151911222120.261,NA,NA,NA,2025-06-05
IR,IRN,"Iran, Islamic Rep.",2002,128626917504.398,NA,NA,NA,2025-06-05
IR,IRN,"Iran, Islamic Rep.",2001,126878750295.583,NA,NA,NA,2025-06-05
IR,IRN,"Iran, Islamic Rep.",2000,109591707801.431,NA,NA,NA,2025-06-05
IR,IRN,"Iran, Islamic Rep.",1999,113848450088.686,NA,NA,NA,2025-06-05
IR,IRN,"Iran, Islamic Rep.",1998,110276913362.445,NA,NA,NA,2025-06-05
IR,IRN,"Iran, Islamic Rep.",1997,113919163421.479,NA,NA,NA,2025-06-05
IR,IRN,"Iran, Islamic Rep.",1996,120403931883.348,NA,NA,NA,2025-06-05
IR,IRN,"Iran, Islamic Rep.",1995,96419225744.9927,NA,NA,NA,2025-06-05
IR,IRN,"Iran, Islamic Rep.",1994,71841461172.2365,NA,NA,NA,2025-06-05
IR,IRN,"Iran, Islamic Rep.",1993,63743623231.2312,NA,NA,NA,2025-06-05
IR,IRN,"Iran, Islamic Rep.",1992,119768691216.667,NA,NA,NA,2025-06-05
IR,IRN,"Iran, Islamic Rep.",1991,131637664957.524,NA,NA,NA,2025-06-05
IR,IRN,"Iran, Islamic Rep.",1990,124813263926.226,NA,NA,NA,2025-06-05
IR,IRN,"Iran, Islamic Rep.",1989,120496362916.27,NA,NA,NA,2025-06-05
IR,IRN,"Iran, Islamic Rep.",1988,123057861333.91,NA,NA,NA,2025-06-05
IR,IRN,"Iran, Islamic Rep.",1987,134009995923.166,NA,NA,NA,2025-06-05
IR,IRN,"Iran, Islamic Rep.",1986,209094561833.481,NA,NA,NA,2025-06-05
IR,IRN,"Iran, Islamic Rep.",1985,180183629599.683,NA,NA,NA,2025-06-05
IR,IRN,"Iran, Islamic Rep.",1984,162276728619.519,NA,NA,NA,2025-06-05
IR,IRN,"Iran, Islamic Rep.",1983,156365156618.242,NA,NA,NA,2025-06-05
IR,IRN,"Iran, Islamic Rep.",1982,125948756439.48,NA,NA,NA,2025-06-05
IR,IRN,"Iran, Islamic Rep.",1981,100499312749.922,NA,NA,NA,2025-06-05
IR,IRN,"Iran, Islamic Rep.",1980,94362275580.021,NA,NA,NA,2025-06-05
IR,IRN,"Iran, Islamic Rep.",1979,90391877325.9312,NA,NA,NA,2025-06-05
IR,IRN,"Iran, Islamic Rep.",1978,77994316621.4828,NA,NA,NA,2025-06-05
IR,IRN,"Iran, Islamic Rep.",1977,80600122701.9652,NA,NA,NA,2025-06-05
IR,IRN,"Iran, Islamic Rep.",1976,68055295080.7542,NA,NA,NA,2025-06-05
IR,IRN,"Iran, Islamic Rep.",1975,51776222349.8812,NA,NA,NA,2025-06-05
IR,IRN,"Iran, Islamic Rep.",1974,46209092072.1331,NA,NA,NA,2025-06-05
IR,IRN,"Iran, Islamic Rep.",1973,27081698249.5137,NA,NA,NA,2025-06-05
IR,IRN,"Iran, Islamic Rep.",1972,17153463263.1023,NA,NA,NA,2025-06-05
IR,IRN,"Iran, Islamic Rep.",1971,13731802833.0379,NA,NA,NA,2025-06-05
IR,IRN,"Iran, Islamic Rep.",1970,10976245153.5842,NA,NA,NA,2025-06-05
IR,IRN,"Iran, Islamic Rep.",1969,9743089607.49835,NA,NA,NA,2025-06-05
IR,IRN,"Iran, Islamic Rep.",1968,8623172959.89439,NA,NA,NA,2025-06-05
IR,IRN,"Iran, Islamic Rep.",1967,7555383690.16502,NA,NA,NA,2025-06-05
IR,IRN,"Iran, Islamic Rep.",1966,6789938671.74918,NA,NA,NA,2025-06-05
IR,IRN,"Iran, Islamic Rep.",1965,6197319929.0429,NA,NA,NA,2025-06-05
IR,IRN,"Iran, Islamic Rep.",1964,5379845647.69637,NA,NA,NA,2025-06-05
IR,IRN,"Iran, Islamic Rep.",1963,4928628018.38944,NA,NA,NA,2025-06-05
IR,IRN,"Iran, Islamic Rep.",1962,4693566416.48845,NA,NA,NA,2025-06-05
IR,IRN,"Iran, Islamic Rep.",1961,4426949094.83828,NA,NA,NA,2025-06-05
IR,IRN,"Iran, Islamic Rep.",1960,4199134389.90099,NA,NA,NA,2025-06-05
IQ,IRQ,Iraq,2024,NA,NA,NA,NA,2025-06-05
IQ,IRQ,Iraq,2023,250842782139.464,NA,NA,NA,2025-06-05
IQ,IRQ,Iraq,2022,286640340965.517,NA,NA,NA,2025-06-05
IQ,IRQ,Iraq,2021,209691945713.103,NA,NA,NA,2025-06-05
IQ,IRQ,Iraq,2020,180898797516.874,NA,NA,NA,2025-06-05
IQ,IRQ,Iraq,2019,233636097800.338,NA,NA,NA,2025-06-05
IQ,IRQ,Iraq,2018,227367469034.031,NA,NA,NA,2025-06-05
IQ,IRQ,Iraq,2017,187217660050.676,NA,NA,NA,2025-06-05
IQ,IRQ,Iraq,2016,166743557747.671,NA,NA,NA,2025-06-05
IQ,IRQ,Iraq,2015,166774104959.102,NA,NA,NA,2025-06-05
IQ,IRQ,Iraq,2014,228415656174.957,NA,NA,NA,2025-06-05
IQ,IRQ,Iraq,2013,234637675128.645,NA,NA,NA,2025-06-05
IQ,IRQ,Iraq,2012,218002476129.472,NA,NA,NA,2025-06-05
IQ,IRQ,Iraq,2011,185749664444.444,NA,NA,NA,2025-06-05
IQ,IRQ,Iraq,2010,138516722649.573,NA,NA,NA,2025-06-05
IQ,IRQ,Iraq,2009,111657580326.315,NA,NA,NA,2025-06-05
IQ,IRQ,Iraq,2008,131614434153.505,NA,NA,NA,2025-06-05
IQ,IRQ,Iraq,2007,88837057319.5179,NA,NA,NA,2025-06-05
IQ,IRQ,Iraq,2006,65147051918.0219,NA,NA,NA,2025-06-05
IQ,IRQ,Iraq,2005,50065104667.8159,NA,NA,NA,2025-06-05
IQ,IRQ,Iraq,2004,36633669269.3981,NA,NA,NA,2025-06-05
IQ,IRQ,Iraq,2003,21921569478.8163,NA,NA,NA,2025-06-05
IQ,IRQ,Iraq,2002,32928454672.4246,NA,NA,NA,2025-06-05
IQ,IRQ,Iraq,2001,36176430128.8057,NA,NA,NA,2025-06-05
IQ,IRQ,Iraq,2000,48364250943.9051,NA,NA,NA,2025-06-05
IQ,IRQ,Iraq,1999,36881601583.8194,NA,NA,NA,2025-06-05
IQ,IRQ,Iraq,1998,20617405044.2425,NA,NA,NA,2025-06-05
IQ,IRQ,Iraq,1997,20764857056.3795,NA,NA,NA,2025-06-05
IQ,IRQ,Iraq,1996,10433698621.3427,NA,NA,NA,2025-06-05
IQ,IRQ,Iraq,1995,12894029888.1122,NA,NA,NA,2025-06-05
IQ,IRQ,Iraq,1994,3991349282.75729,NA,NA,NA,2025-06-05
IQ,IRQ,Iraq,1993,1031944881.13189,NA,NA,NA,2025-06-05
IQ,IRQ,Iraq,1992,553671957.671958,NA,NA,NA,2025-06-05
IQ,IRQ,Iraq,1991,407796349.663785,NA,NA,NA,2025-06-05
IQ,IRQ,Iraq,1990,180408064516.129,NA,NA,NA,2025-06-05
IQ,IRQ,Iraq,1989,65831935483.871,NA,NA,NA,2025-06-05
IQ,IRQ,Iraq,1988,62684516129.0323,NA,NA,NA,2025-06-05
IQ,IRQ,Iraq,1987,56774193548.3871,NA,NA,NA,2025-06-05
IQ,IRQ,Iraq,1986,47264516129.0323,NA,NA,NA,2025-06-05
IQ,IRQ,Iraq,1985,48425161290.3226,NA,NA,NA,2025-06-05
IQ,IRQ,Iraq,1984,46938387096.7742,NA,NA,NA,2025-06-05
IQ,IRQ,Iraq,1983,40712903225.8064,NA,NA,NA,2025-06-05
IQ,IRQ,Iraq,1982,42382333333.3333,NA,NA,NA,2025-06-05
IQ,IRQ,Iraq,1981,37823000000,NA,NA,NA,2025-06-05
IQ,IRQ,Iraq,1980,52569000000,NA,NA,NA,2025-06-05
IQ,IRQ,Iraq,1979,37816457839.4853,NA,NA,NA,2025-06-05
IQ,IRQ,Iraq,1978,23762275651.8794,NA,NA,NA,2025-06-05
IQ,IRQ,Iraq,1977,19838130714.5276,NA,NA,NA,2025-06-05
IQ,IRQ,Iraq,1976,17754825601.0836,NA,NA,NA,2025-06-05
IQ,IRQ,Iraq,1975,13458516762.6143,NA,NA,NA,2025-06-05
IQ,IRQ,Iraq,1974,11516762614.2906,NA,NA,NA,2025-06-05
IQ,IRQ,Iraq,1973,5134367778.1446,NA,NA,NA,2025-06-05
IQ,IRQ,Iraq,1972,4113848002.40312,NA,NA,NA,2025-06-05
IQ,IRQ,Iraq,1971,3865346534.65347,NA,NA,NA,2025-06-05
IQ,IRQ,Iraq,1970,3281318687.47253,NA,NA,NA,2025-06-05
IQ,IRQ,Iraq,1969,3007758796.89648,NA,NA,NA,2025-06-05
IQ,IRQ,Iraq,1968,2896598841.36046,NA,NA,NA,2025-06-05
IQ,IRQ,Iraq,1967,2551522656.19094,NA,NA,NA,2025-06-05
IQ,IRQ,Iraq,1966,2530306095.87756,NA,NA,NA,2025-06-05
IQ,IRQ,Iraq,1965,2335785506.0858,NA,NA,NA,2025-06-05
IQ,IRQ,Iraq,1964,2136408197.83672,NA,NA,NA,2025-06-05
IQ,IRQ,Iraq,1963,1805901510.0394,NA,NA,NA,2025-06-05
IQ,IRQ,Iraq,1962,1784174540.73018,NA,NA,NA,2025-06-05
IQ,IRQ,Iraq,1961,1671960965.21561,NA,NA,NA,2025-06-05
IQ,IRQ,Iraq,1960,1537252193.09912,NA,NA,NA,2025-06-05
IE,IRL,Ireland,2024,NA,NA,NA,NA,2025-06-05
IE,IRL,Ireland,2023,551394889339.778,NA,NA,NA,2025-06-05
IE,IRL,Ireland,2022,548570250341.987,NA,NA,NA,2025-06-05
IE,IRL,Ireland,2021,531306516907.984,NA,NA,NA,2025-06-05
IE,IRL,Ireland,2020,436555518400.451,NA,NA,NA,2025-06-05
IE,IRL,Ireland,2019,407124824064.995,NA,NA,NA,2025-06-05
IE,IRL,Ireland,2018,395461216460.418,NA,NA,NA,2025-06-05
IE,IRL,Ireland,2017,348532394023.595,NA,NA,NA,2025-06-05
IE,IRL,Ireland,2016,305733136180.907,NA,NA,NA,2025-06-05
IE,IRL,Ireland,2015,302391428540.035,NA,NA,NA,2025-06-05
IE,IRL,Ireland,2014,266787238499.03,NA,NA,NA,2025-06-05
IE,IRL,Ireland,2013,243301556084.989,NA,NA,NA,2025-06-05
IE,IRL,Ireland,2012,227270922957.327,NA,NA,NA,2025-06-05
IE,IRL,Ireland,2011,241337364609.738,NA,NA,NA,2025-06-05
IE,IRL,Ireland,2010,221985621537.5,NA,NA,NA,2025-06-05
IE,IRL,Ireland,2009,236443117248.477,NA,NA,NA,2025-06-05
IE,IRL,Ireland,2008,275447471451.063,NA,NA,NA,2025-06-05
IE,IRL,Ireland,2007,270079279419.5,NA,NA,NA,2025-06-05
IE,IRL,Ireland,2006,232180617162.279,NA,NA,NA,2025-06-05
IE,IRL,Ireland,2005,211876989655.907,NA,NA,NA,2025-06-05
IE,IRL,Ireland,2004,194372115041.065,NA,NA,NA,2025-06-05
IE,IRL,Ireland,2003,164670771259.602,NA,NA,NA,2025-06-05
IE,IRL,Ireland,2002,128596035288.401,NA,NA,NA,2025-06-05
IE,IRL,Ireland,2001,109346669229.695,NA,NA,NA,2025-06-05
IE,IRL,Ireland,2000,100207610429.909,NA,NA,NA,2025-06-05
IE,IRL,Ireland,1999,98893958262.6438,NA,NA,NA,2025-06-05
IE,IRL,Ireland,1998,90199410115.5097,NA,NA,NA,2025-06-05
IE,IRL,Ireland,1997,82856648758.3572,NA,NA,NA,2025-06-05
IE,IRL,Ireland,1996,75790785030.2419,NA,NA,NA,2025-06-05
IE,IRL,Ireland,1995,69139823232.3232,NA,NA,NA,2025-06-05
IE,IRL,Ireland,1994,57097656065.96,NA,NA,NA,2025-06-05
IE,IRL,Ireland,1993,52417477613.676,NA,NA,NA,2025-06-05
IE,IRL,Ireland,1992,55918538121.3989,NA,NA,NA,2025-06-05
IE,IRL,Ireland,1991,49787502852.0725,NA,NA,NA,2025-06-05
IE,IRL,Ireland,1990,49305632408.4929,NA,NA,NA,2025-06-05
IE,IRL,Ireland,1989,39238392677.7542,NA,NA,NA,2025-06-05
IE,IRL,Ireland,1988,37772897420.5159,NA,NA,NA,2025-06-05
IE,IRL,Ireland,1987,33920518492.5094,NA,NA,NA,2025-06-05
IE,IRL,Ireland,1986,28714571852.4799,NA,NA,NA,2025-06-05
IE,IRL,Ireland,1985,21270013325.5601,NA,NA,NA,2025-06-05
IE,IRL,Ireland,1984,20106648454.8404,NA,NA,NA,2025-06-05
IE,IRL,Ireland,1983,20766047763.5314,NA,NA,NA,2025-06-05
IE,IRL,Ireland,1982,21474754080.0358,NA,NA,NA,2025-06-05
IE,IRL,Ireland,1981,20670190138.1671,NA,NA,NA,2025-06-05
IE,IRL,Ireland,1980,21747855640.0712,NA,NA,NA,2025-06-05
IE,IRL,Ireland,1979,18319334300.4513,NA,NA,NA,2025-06-05
IE,IRL,Ireland,1978,14647996073.6937,NA,NA,NA,2025-06-05
IE,IRL,Ireland,1977,11248340431.3779,NA,NA,NA,2025-06-05
IE,IRL,Ireland,1976,9453756014.71837,NA,NA,NA,2025-06-05
IE,IRL,Ireland,1975,9483808362.36934,NA,NA,NA,2025-06-05
IE,IRL,Ireland,1974,7896860614.98803,NA,NA,NA,2025-06-05
IE,IRL,Ireland,1973,7481173065.79201,NA,NA,NA,2025-06-05
IE,IRL,Ireland,1972,6318060582.21873,NA,NA,NA,2025-06-05
IE,IRL,Ireland,1971,5098250287.46646,NA,NA,NA,2025-06-05
IE,IRL,Ireland,1970,4395995085.99509,NA,NA,NA,2025-06-05
IE,IRL,Ireland,1969,3902721631.54663,NA,NA,NA,2025-06-05
IE,IRL,Ireland,1968,3378701146.84197,NA,NA,NA,2025-06-05
IE,IRL,Ireland,1967,3445739914.73101,NA,NA,NA,2025-06-05
IE,IRL,Ireland,1966,3198820903.82796,NA,NA,NA,2025-06-05
IE,IRL,Ireland,1965,3035655793.5247,NA,NA,NA,2025-06-05
IE,IRL,Ireland,1964,2851091646.43165,NA,NA,NA,2025-06-05
IE,IRL,Ireland,1963,2505073357.88508,NA,NA,NA,2025-06-05
IE,IRL,Ireland,1962,2329372971.89171,NA,NA,NA,2025-06-05
IE,IRL,Ireland,1961,2151772979.96956,NA,NA,NA,2025-06-05
IE,IRL,Ireland,1960,1998550221.80554,NA,NA,NA,2025-06-05
IM,IMN,Isle of Man,2024,NA,NA,NA,NA,2025-06-05
IM,IMN,Isle of Man,2023,NA,NA,NA,NA,2025-06-05
IM,IMN,Isle of Man,2022,NA,NA,NA,NA,2025-06-05
IM,IMN,Isle of Man,2021,7931193222.06405,NA,NA,NA,2025-06-05
IM,IMN,Isle of Man,2020,6684225641.02564,NA,NA,NA,2025-06-05
IM,IMN,Isle of Man,2019,7314967866.28289,NA,NA,NA,2025-06-05
IM,IMN,Isle of Man,2018,7491649455.92717,NA,NA,NA,2025-06-05
IM,IMN,Isle of Man,2017,6979788333.50279,NA,NA,NA,2025-06-05
IM,IMN,Isle of Man,2016,6846377563.00683,NA,NA,NA,2025-06-05
IM,IMN,Isle of Man,2015,7084800892.22284,NA,NA,NA,2025-06-05
IM,IMN,Isle of Man,2014,7708454412.32126,NA,NA,NA,2025-06-05
IM,IMN,Isle of Man,2013,7001175622.71266,NA,NA,NA,2025-06-05
IM,IMN,Isle of Man,2012,6690228371.66909,NA,NA,NA,2025-06-05
IM,IMN,Isle of Man,2011,6565667052.79737,NA,NA,NA,2025-06-05
IM,IMN,Isle of Man,2010,5920369789.50182,NA,NA,NA,2025-06-05
IM,IMN,Isle of Man,2009,5486921247.07323,NA,NA,NA,2025-06-05
IM,IMN,Isle of Man,2008,5928791505.35144,NA,NA,NA,2025-06-05
IM,IMN,Isle of Man,2007,4466350655.89909,NA,NA,NA,2025-06-05
IM,IMN,Isle of Man,2006,3422733202.4501,NA,NA,NA,2025-06-05
IM,IMN,Isle of Man,2005,3032411026.94919,NA,NA,NA,2025-06-05
IM,IMN,Isle of Man,2004,2802206151.59282,NA,NA,NA,2025-06-05
IM,IMN,Isle of Man,2003,2252620408.16327,NA,NA,NA,2025-06-05
IM,IMN,Isle of Man,2002,1891002697.84173,NA,NA,NA,2025-06-05
IM,IMN,Isle of Man,2001,1668684324.16871,NA,NA,NA,2025-06-05
IM,IMN,Isle of Man,2000,1601050083.21985,NA,NA,NA,2025-06-05
IM,IMN,Isle of Man,1999,1573742112.92671,NA,NA,NA,2025-06-05
IM,IMN,Isle of Man,1998,1385124213.31567,NA,NA,NA,2025-06-05
IM,IMN,Isle of Man,1997,1178261296.66012,NA,NA,NA,2025-06-05
IM,IMN,Isle of Man,1996,1007205928.23713,NA,NA,NA,2025-06-05
IM,IMN,Isle of Man,1995,922269212.561149,NA,NA,NA,2025-06-05
IM,IMN,Isle of Man,1994,833255280.073462,NA,NA,NA,2025-06-05
IM,IMN,Isle of Man,1993,765647870.425915,NA,NA,NA,2025-06-05
IM,IMN,Isle of Man,1992,854849069.84907,NA,NA,NA,2025-06-05
IM,IMN,Isle of Man,1991,821507936.507937,NA,NA,NA,2025-06-05
IM,IMN,Isle of Man,1990,761514559.659091,NA,NA,NA,2025-06-05
IM,IMN,Isle of Man,1989,617619437.172775,NA,NA,NA,2025-06-05
IM,IMN,Isle of Man,1988,584702952.685877,NA,NA,NA,2025-06-05
IM,IMN,Isle of Man,1987,459975486.190554,NA,NA,NA,2025-06-05
IM,IMN,Isle of Man,1986,356287012.606274,NA,NA,NA,2025-06-05
IM,IMN,Isle of Man,1985,256330852.156058,NA,NA,NA,2025-06-05
IM,IMN,Isle of Man,1984,251195796.754456,NA,NA,NA,2025-06-05
IM,IMN,Isle of Man,1983,NA,NA,NA,NA,2025-06-05
IM,IMN,Isle of Man,1982,NA,NA,NA,NA,2025-06-05
IM,IMN,Isle of Man,1981,NA,NA,NA,NA,2025-06-05
IM,IMN,Isle of Man,1980,NA,NA,NA,NA,2025-06-05
IM,IMN,Isle of Man,1979,NA,NA,NA,NA,2025-06-05
IM,IMN,Isle of Man,1978,NA,NA,NA,NA,2025-06-05
IM,IMN,Isle of Man,1977,NA,NA,NA,NA,2025-06-05
IM,IMN,Isle of Man,1976,NA,NA,NA,NA,2025-06-05
IM,IMN,Isle of Man,1975,NA,NA,NA,NA,2025-06-05
IM,IMN,Isle of Man,1974,NA,NA,NA,NA,2025-06-05
IM,IMN,Isle of Man,1973,NA,NA,NA,NA,2025-06-05
IM,IMN,Isle of Man,1972,NA,NA,NA,NA,2025-06-05
IM,IMN,Isle of Man,1971,NA,NA,NA,NA,2025-06-05
IM,IMN,Isle of Man,1970,NA,NA,NA,NA,2025-06-05
IM,IMN,Isle of Man,1969,NA,NA,NA,NA,2025-06-05
IM,IMN,Isle of Man,1968,NA,NA,NA,NA,2025-06-05
IM,IMN,Isle of Man,1967,NA,NA,NA,NA,2025-06-05
IM,IMN,Isle of Man,1966,NA,NA,NA,NA,2025-06-05
IM,IMN,Isle of Man,1965,NA,NA,NA,NA,2025-06-05
IM,IMN,Isle of Man,1964,NA,NA,NA,NA,2025-06-05
IM,IMN,Isle of Man,1963,NA,NA,NA,NA,2025-06-05
IM,IMN,Isle of Man,1962,NA,NA,NA,NA,2025-06-05
IM,IMN,Isle of Man,1961,NA,NA,NA,NA,2025-06-05
IM,IMN,Isle of Man,1960,NA,NA,NA,NA,2025-06-05
IL,ISR,Israel,2024,NA,NA,NA,NA,2025-06-05
IL,ISR,Israel,2023,513611100815.691,NA,NA,NA,2025-06-05
IL,ISR,Israel,2022,525000415276.678,NA,NA,NA,2025-06-05
IL,ISR,Israel,2021,489708278893.053,NA,NA,NA,2025-06-05
IL,ISR,Israel,2020,411728563086.632,NA,NA,NA,2025-06-05
IL,ISR,Israel,2019,399651065197.871,NA,NA,NA,2025-06-05
IL,ISR,Israel,2018,375149611117.199,NA,NA,NA,2025-06-05
IL,ISR,Israel,2017,357227098125.658,NA,NA,NA,2025-06-05
IL,ISR,Israel,2016,320958936788.842,NA,NA,NA,2025-06-05
IL,ISR,Israel,2015,302722655203.465,NA,NA,NA,2025-06-05
IL,ISR,Israel,2014,314090281098.682,NA,NA,NA,2025-06-05
IL,ISR,Israel,2013,297634145181.876,NA,NA,NA,2025-06-05
IL,ISR,Israel,2012,262917911696.944,NA,NA,NA,2025-06-05
IL,ISR,Israel,2011,267406179630.431,NA,NA,NA,2025-06-05
IL,ISR,Israel,2010,238912622309.59,NA,NA,NA,2025-06-05
IL,ISR,Israel,2009,212453641380.363,NA,NA,NA,2025-06-05
IL,ISR,Israel,2008,220552442865.106,NA,NA,NA,2025-06-05
IL,ISR,Israel,2007,184068518293.128,NA,NA,NA,2025-06-05
IL,ISR,Israel,2006,158722866825.261,NA,NA,NA,2025-06-05
IL,ISR,Israel,2005,147103301914.121,NA,NA,NA,2025-06-05
IL,ISR,Israel,2004,139899274431.058,NA,NA,NA,2025-06-05
IL,ISR,Israel,2003,131314894271.096,NA,NA,NA,2025-06-05
IL,ISR,Israel,2002,125055466461.227,NA,NA,NA,2025-06-05
IL,ISR,Israel,2001,134620909004.446,NA,NA,NA,2025-06-05
IL,ISR,Israel,2000,136225025139.185,NA,NA,NA,2025-06-05
IL,ISR,Israel,1999,121166507717.951,NA,NA,NA,2025-06-05
IL,ISR,Israel,1998,120358023999.368,NA,NA,NA,2025-06-05
IL,ISR,Israel,1997,119246040470.807,NA,NA,NA,2025-06-05
IL,ISR,Israel,1996,114866706144.061,NA,NA,NA,2025-06-05
IL,ISR,Israel,1995,105307707634.576,NA,NA,NA,2025-06-05
IL,ISR,Israel,1994,90576930828.5411,NA,NA,NA,2025-06-05
IL,ISR,Israel,1993,79712276313.6525,NA,NA,NA,2025-06-05
IL,ISR,Israel,1992,79314801236.3003,NA,NA,NA,2025-06-05
IL,ISR,Israel,1991,70871081524.7686,NA,NA,NA,2025-06-05
IL,ISR,Israel,1990,61905208272.8464,NA,NA,NA,2025-06-05
IL,ISR,Israel,1989,52349172911.65,NA,NA,NA,2025-06-05
IL,ISR,Israel,1988,52556269374.3938,NA,NA,NA,2025-06-05
IL,ISR,Israel,1987,42972129787.2865,NA,NA,NA,2025-06-05
IL,ISR,Israel,1986,35769715529.5016,NA,NA,NA,2025-06-05
IL,ISR,Israel,1985,28853757189.2669,NA,NA,NA,2025-06-05
IL,ISR,Israel,1984,30590497935.6956,NA,NA,NA,2025-06-05
IL,ISR,Israel,1983,32616995896.4361,NA,NA,NA,2025-06-05
IL,ISR,Israel,1982,29202655837.1698,NA,NA,NA,2025-06-05
IL,ISR,Israel,1981,26833679976.4861,NA,NA,NA,2025-06-05
IL,ISR,Israel,1980,25349508550.3729,NA,NA,NA,2025-06-05
IL,ISR,Israel,1979,22569139913.244,NA,NA,NA,2025-06-05
IL,ISR,Israel,1978,17668930043.1248,NA,NA,NA,2025-06-05
IL,ISR,Israel,1977,18224638345.441,NA,NA,NA,2025-06-05
IL,ISR,Israel,1976,15927976744.1269,NA,NA,NA,2025-06-05
IL,ISR,Israel,1975,16114210525.8726,NA,NA,NA,2025-06-05
IL,ISR,Israel,1974,17142653329.5308,NA,NA,NA,2025-06-05
IL,ISR,Israel,1973,11882380396.0257,NA,NA,NA,2025-06-05
IL,ISR,Israel,1972,9206101184.24245,NA,NA,NA,2025-06-05
IL,ISR,Israel,1971,7041133471.4485,NA,NA,NA,2025-06-05
IL,ISR,Israel,1970,7392816014.6558,NA,NA,NA,2025-06-05
IL,ISR,Israel,1969,6286036400.6976,NA,NA,NA,2025-06-05
IL,ISR,Israel,1968,5448186540.1843,NA,NA,NA,2025-06-05
IL,ISR,Israel,1967,4753451343.78497,NA,NA,NA,2025-06-05
IL,ISR,Israel,1966,4694475520.6611,NA,NA,NA,2025-06-05
IL,ISR,Israel,1965,4320961974.20983,NA,NA,NA,2025-06-05
IL,ISR,Israel,1964,4016794166.4484,NA,NA,NA,2025-06-05
IL,ISR,Israel,1963,3529314756.46217,NA,NA,NA,2025-06-05
IL,ISR,Israel,1962,2960588778.14489,NA,NA,NA,2025-06-05
IL,ISR,Israel,1961,3701628227.73845,NA,NA,NA,2025-06-05
IL,ISR,Israel,1960,3064824613.79481,NA,NA,NA,2025-06-05
IT,ITA,Italy,2024,NA,NA,NA,NA,2025-06-05
IT,ITA,Italy,2023,2300941152991.81,NA,NA,NA,2025-06-05
IT,ITA,Italy,2022,2102995942720.44,NA,NA,NA,2025-06-05
IT,ITA,Italy,2021,2179207773596.09,NA,NA,NA,2025-06-05
IT,ITA,Italy,2020,1907481094079.23,NA,NA,NA,2025-06-05
IT,ITA,Italy,2019,2019606796583.53,NA,NA,NA,2025-06-05
IT,ITA,Italy,2018,2099435266458.67,NA,NA,NA,2025-06-05
IT,ITA,Italy,2017,1970720904584.71,NA,NA,NA,2025-06-05
IT,ITA,Italy,2016,1887111188176.93,NA,NA,NA,2025-06-05
IT,ITA,Italy,2015,1845428048839.1,NA,NA,NA,2025-06-05
IT,ITA,Italy,2014,2173255507985.84,NA,NA,NA,2025-06-05
IT,ITA,Italy,2013,2153225581941.46,NA,NA,NA,2025-06-05
IT,ITA,Italy,2012,2097929495121.68,NA,NA,NA,2025-06-05
IT,ITA,Italy,2011,2306974020278.21,NA,NA,NA,2025-06-05
IT,ITA,Italy,2010,2144936254535,NA,NA,NA,2025-06-05
IT,ITA,Italy,2009,2209484319012.65,NA,NA,NA,2025-06-05
IT,ITA,Italy,2008,2417508414187.19,NA,NA,NA,2025-06-05
IT,ITA,Italy,2007,2222524108127.65,NA,NA,NA,2025-06-05
IT,ITA,Italy,2006,1958563654385.64,NA,NA,NA,2025-06-05
IT,ITA,Italy,2005,1864982261286.85,NA,NA,NA,2025-06-05
IT,ITA,Italy,2004,1812808753294.75,NA,NA,NA,2025-06-05
IT,ITA,Italy,2003,1582930016538.82,NA,NA,NA,2025-06-05
IT,ITA,Italy,2002,1281746271196.04,NA,NA,NA,2025-06-05
IT,ITA,Italy,2001,1172041488805.87,NA,NA,NA,2025-06-05
IT,ITA,Italy,2000,1149661363439.38,NA,NA,NA,2025-06-05
IT,ITA,Italy,1999,1255004736463.98,NA,NA,NA,2025-06-05
IT,ITA,Italy,1998,1272729786996.77,NA,NA,NA,2025-06-05
IT,ITA,Italy,1997,1244988176443.84,NA,NA,NA,2025-06-05
IT,ITA,Italy,1996,1314776508972.27,NA,NA,NA,2025-06-05
IT,ITA,Italy,1995,1177369428265.78,NA,NA,NA,2025-06-05
IT,ITA,Italy,1994,1101750159702.21,NA,NA,NA,2025-06-05
IT,ITA,Italy,1993,1067412587670.73,NA,NA,NA,2025-06-05
IT,ITA,Italy,1992,1323204350353.5,NA,NA,NA,2025-06-05
IT,ITA,Italy,1991,1249092439519.28,NA,NA,NA,2025-06-05
IT,ITA,Italy,1990,1183945130898.51,NA,NA,NA,2025-06-05
IT,ITA,Italy,1989,930801709003.669,NA,NA,NA,2025-06-05
IT,ITA,Italy,1988,893663934840.821,NA,NA,NA,2025-06-05
IT,ITA,Italy,1987,807570134448.76,NA,NA,NA,2025-06-05
IT,ITA,Italy,1986,641862313287.44,NA,NA,NA,2025-06-05
IT,ITA,Italy,1985,453259761687.456,NA,NA,NA,2025-06-05
IT,ITA,Italy,1984,438896930791.272,NA,NA,NA,2025-06-05
IT,ITA,Italy,1983,444063496940.337,NA,NA,NA,2025-06-05
IT,ITA,Italy,1982,428257421617.752,NA,NA,NA,2025-06-05
IT,ITA,Italy,1981,431695533980.583,NA,NA,NA,2025-06-05
IT,ITA,Italy,1980,478356755595.749,NA,NA,NA,2025-06-05
IT,ITA,Italy,1979,394584507107.9,NA,NA,NA,2025-06-05
IT,ITA,Italy,1978,315784469541.41,NA,NA,NA,2025-06-05
IT,ITA,Italy,1977,258190019749.835,NA,NA,NA,2025-06-05
IT,ITA,Italy,1976,225235205861.828,NA,NA,NA,2025-06-05
IT,ITA,Italy,1975,228220643534.994,NA,NA,NA,2025-06-05
IT,ITA,Italy,1974,200024444775.231,NA,NA,NA,2025-06-05
IT,ITA,Italy,1973,175896529392.229,NA,NA,NA,2025-06-05
IT,ITA,Italy,1972,145594833997.344,NA,NA,NA,2025-06-05
IT,ITA,Italy,1971,124959712858.926,NA,NA,NA,2025-06-05
IT,ITA,Italy,1970,113656669764.56,NA,NA,NA,2025-06-05
IT,ITA,Italy,1969,100996667239.335,NA,NA,NA,2025-06-05
IT,ITA,Italy,1968,91485448147.84,NA,NA,NA,2025-06-05
IT,ITA,Italy,1967,84401995573.2456,NA,NA,NA,2025-06-05
IT,ITA,Italy,1966,76622444787.3696,NA,NA,NA,2025-06-05
IT,ITA,Italy,1965,70717012186.1774,NA,NA,NA,2025-06-05
IT,ITA,Italy,1964,65720771779.4768,NA,NA,NA,2025-06-05
IT,ITA,Italy,1963,60035924617.9277,NA,NA,NA,2025-06-05
IT,ITA,Italy,1962,52413872628.0045,NA,NA,NA,2025-06-05
IT,ITA,Italy,1961,46649487320.4225,NA,NA,NA,2025-06-05
IT,ITA,Italy,1960,42012422612.3955,NA,NA,NA,2025-06-05
JM,JAM,Jamaica,2024,NA,NA,NA,NA,2025-06-05
JM,JAM,Jamaica,2023,19423355409.2316,NA,NA,NA,2025-06-05
JM,JAM,Jamaica,2022,17097760723.9201,NA,NA,NA,2025-06-05
JM,JAM,Jamaica,2021,14657586127.0331,NA,NA,NA,2025-06-05
JM,JAM,Jamaica,2020,13812421803.4084,NA,NA,NA,2025-06-05
JM,JAM,Jamaica,2019,15830766570.7266,NA,NA,NA,2025-06-05
JM,JAM,Jamaica,2018,15730792835.5811,NA,NA,NA,2025-06-05
JM,JAM,Jamaica,2017,14808985171.344101,NA,NA,NA,2025-06-05
JM,JAM,Jamaica,2016,14077096714.1279,NA,NA,NA,2025-06-05
JM,JAM,Jamaica,2015,14188936958.4343,NA,NA,NA,2025-06-05
JM,JAM,Jamaica,2014,13899217721.6818,NA,NA,NA,2025-06-05
JM,JAM,Jamaica,2013,14264205152.6126,NA,NA,NA,2025-06-05
JM,JAM,Jamaica,2012,14807086555.5283,NA,NA,NA,2025-06-05
JM,JAM,Jamaica,2011,14444661522.1463,NA,NA,NA,2025-06-05
JM,JAM,Jamaica,2010,13220549908.2494,NA,NA,NA,2025-06-05
JM,JAM,Jamaica,2009,12120458114.8318,NA,NA,NA,2025-06-05
JM,JAM,Jamaica,2008,13709401520.0326,NA,NA,NA,2025-06-05
JM,JAM,Jamaica,2007,12799600047.1845,NA,NA,NA,2025-06-05
JM,JAM,Jamaica,2006,11930179089.8855,NA,NA,NA,2025-06-05
JM,JAM,Jamaica,2005,11243865777.7131,NA,NA,NA,2025-06-05
JM,JAM,Jamaica,2004,10174664853.9476,NA,NA,NA,2025-06-05
JM,JAM,Jamaica,2003,9430234810.78586,NA,NA,NA,2025-06-05
JM,JAM,Jamaica,2002,9719009494.84779,NA,NA,NA,2025-06-05
JM,JAM,Jamaica,2001,9194727831.07318,NA,NA,NA,2025-06-05
JM,JAM,Jamaica,2000,9005064474.93003,NA,NA,NA,2025-06-05
JM,JAM,Jamaica,1999,8887057997.36228,NA,NA,NA,2025-06-05
JM,JAM,Jamaica,1998,8787195622.43502,NA,NA,NA,2025-06-05
JM,JAM,Jamaica,1997,8400041723.54861,NA,NA,NA,2025-06-05
JM,JAM,Jamaica,1996,7393891920.80358,NA,NA,NA,2025-06-05
JM,JAM,Jamaica,1995,6577520642.82297,NA,NA,NA,2025-06-05
JM,JAM,Jamaica,1994,5452558947.03045,NA,NA,NA,2025-06-05
JM,JAM,Jamaica,1993,5440075675.74067,NA,NA,NA,2025-06-05
JM,JAM,Jamaica,1992,3535460089.80719,NA,NA,NA,2025-06-05
JM,JAM,Jamaica,1991,4106207649.05547,NA,NA,NA,2025-06-05
JM,JAM,Jamaica,1990,4592208086.69235,NA,NA,NA,2025-06-05
JM,JAM,Jamaica,1989,4404937853.39452,NA,NA,NA,2025-06-05
JM,JAM,Jamaica,1988,3828342820.3494,NA,NA,NA,2025-06-05
JM,JAM,Jamaica,1987,3287007321.56699,NA,NA,NA,2025-06-05
JM,JAM,Jamaica,1986,2754549581.92409,NA,NA,NA,2025-06-05
JM,JAM,Jamaica,1985,2100239018.82467,NA,NA,NA,2025-06-05
JM,JAM,Jamaica,1984,2373564549.4932,NA,NA,NA,2025-06-05
JM,JAM,Jamaica,1983,3619262277.47712,NA,NA,NA,2025-06-05
JM,JAM,Jamaica,1982,3293496311.93093,NA,NA,NA,2025-06-05
JM,JAM,Jamaica,1981,2979027966.45373,NA,NA,NA,2025-06-05
JM,JAM,Jamaica,1980,2679379371.51261,NA,NA,NA,2025-06-05
JM,JAM,Jamaica,1979,2425064229.04184,NA,NA,NA,2025-06-05
JM,JAM,Jamaica,1978,2644527821.53011,NA,NA,NA,2025-06-05
JM,JAM,Jamaica,1977,3249733139.73314,NA,NA,NA,2025-06-05
JM,JAM,Jamaica,1976,2966042856.04286,NA,NA,NA,2025-06-05
JM,JAM,Jamaica,1975,2860442750.44275,NA,NA,NA,2025-06-05
JM,JAM,Jamaica,1974,2375122375.12238,NA,NA,NA,2025-06-05
JM,JAM,Jamaica,1973,1905917553.19149,NA,NA,NA,2025-06-05
JM,JAM,Jamaica,1972,1875146587.4443,NA,NA,NA,2025-06-05
JM,JAM,Jamaica,1971,1539861815.89381,NA,NA,NA,2025-06-05
JM,JAM,Jamaica,1970,1404720441.88818,NA,NA,NA,2025-06-05
JM,JAM,Jamaica,1969,1191239047.00876,NA,NA,NA,2025-06-05
JM,JAM,Jamaica,1968,1083839132.92869,NA,NA,NA,2025-06-05
JM,JAM,Jamaica,1967,1148014310.8255,NA,NA,NA,2025-06-05
JM,JAM,Jamaica,1966,1096759561.29618,NA,NA,NA,2025-06-05
JM,JAM,Jamaica,1965,972159611.136156,NA,NA,NA,2025-06-05
JM,JAM,Jamaica,1964,897949000.8204,NA,NA,NA,2025-06-05
JM,JAM,Jamaica,1963,826706669.317332,NA,NA,NA,2025-06-05
JM,JAM,Jamaica,1962,777727688.908924,NA,NA,NA,2025-06-05
JM,JAM,Jamaica,1961,748043500.7826,NA,NA,NA,2025-06-05
JM,JAM,Jamaica,1960,699064380.374248,NA,NA,NA,2025-06-05
JP,JPN,Japan,2024,NA,NA,NA,NA,2025-06-05
JP,JPN,Japan,2023,4204494802431.55,NA,NA,NA,2025-06-05
JP,JPN,Japan,2022,4256410760723.75,NA,NA,NA,2025-06-05
JP,JPN,Japan,2021,5034620784584.98,NA,NA,NA,2025-06-05
JP,JPN,Japan,2020,5055587093501.59,NA,NA,NA,2025-06-05
JP,JPN,Japan,2019,5117993853016.51,NA,NA,NA,2025-06-05
JP,JPN,Japan,2018,5040880939324.86,NA,NA,NA,2025-06-05
JP,JPN,Japan,2017,4930837369151.42,NA,NA,NA,2025-06-05
JP,JPN,Japan,2016,5003677627544.24,NA,NA,NA,2025-06-05
JP,JPN,Japan,2015,4444930651964.18,NA,NA,NA,2025-06-05
JP,JPN,Japan,2014,4896994405353.29,NA,NA,NA,2025-06-05
JP,JPN,Japan,2013,5212328181166.18,NA,NA,NA,2025-06-05
JP,JPN,Japan,2012,6272362996105.03,NA,NA,NA,2025-06-05
JP,JPN,Japan,2011,6233147172341.35,NA,NA,NA,2025-06-05
JP,JPN,Japan,2010,5759071769013.11,NA,NA,NA,2025-06-05
JP,JPN,Japan,2009,5289493117993.89,NA,NA,NA,2025-06-05
JP,JPN,Japan,2008,5106679115127.3,NA,NA,NA,2025-06-05
JP,JPN,Japan,2007,4579750920354.81,NA,NA,NA,2025-06-05
JP,JPN,Japan,2006,4601663122649.92,NA,NA,NA,2025-06-05
JP,JPN,Japan,2005,4831467035389.8,NA,NA,NA,2025-06-05
JP,JPN,Japan,2004,4893116005656.56,NA,NA,NA,2025-06-05
JP,JPN,Japan,2003,4519561645253.53,NA,NA,NA,2025-06-05
JP,JPN,Japan,2002,4182846045873.61,NA,NA,NA,2025-06-05
JP,JPN,Japan,2001,4374711694090.87,NA,NA,NA,2025-06-05
JP,JPN,Japan,2000,4968359075956.59,NA,NA,NA,2025-06-05
JP,JPN,Japan,1999,4635982224063.88,NA,NA,NA,2025-06-05
JP,JPN,Japan,1998,4098362709531.24,NA,NA,NA,2025-06-05
JP,JPN,Japan,1997,4492448605638.94,NA,NA,NA,2025-06-05
JP,JPN,Japan,1996,4923391533851.63,NA,NA,NA,2025-06-05
JP,JPN,Japan,1995,5545563663889.7,NA,NA,NA,2025-06-05
JP,JPN,Japan,1994,4998797547740.97,NA,NA,NA,2025-06-05
JP,JPN,Japan,1993,4536940479038.25,NA,NA,NA,2025-06-05
JP,JPN,Japan,1992,3980702922117.66,NA,NA,NA,2025-06-05
JP,JPN,Japan,1991,3648065760648.88,NA,NA,NA,2025-06-05
JP,JPN,Japan,1990,3185904656663.85,NA,NA,NA,2025-06-05
JP,JPN,Japan,1989,3109455047823.93,NA,NA,NA,2025-06-05
JP,JPN,Japan,1988,3125724434400.79,NA,NA,NA,2025-06-05
JP,JPN,Japan,1987,2580748422781.09,NA,NA,NA,2025-06-05
JP,JPN,Japan,1986,2120083812109.91,NA,NA,NA,2025-06-05
JP,JPN,Japan,1985,1427019759717.41,NA,NA,NA,2025-06-05
JP,JPN,Japan,1984,1345824500836.76,NA,NA,NA,2025-06-05
JP,JPN,Japan,1983,1270859919742.9,NA,NA,NA,2025-06-05
JP,JPN,Japan,1982,1158731426905.85,NA,NA,NA,2025-06-05
JP,JPN,Japan,1981,1245221410764.15,NA,NA,NA,2025-06-05
JP,JPN,Japan,1980,1129377244854.04,NA,NA,NA,2025-06-05
JP,JPN,Japan,1979,1077910077676.37,NA,NA,NA,2025-06-05
JP,JPN,Japan,1978,1035611588216.59,NA,NA,NA,2025-06-05
JP,JPN,Japan,1977,737069290927.712,NA,NA,NA,2025-06-05
JP,JPN,Japan,1976,598883902155.605,NA,NA,NA,2025-06-05
JP,JPN,Japan,1975,532861438884.724,NA,NA,NA,2025-06-05
JP,JPN,Japan,1974,490035789970.299,NA,NA,NA,2025-06-05
JP,JPN,Japan,1973,441460582535.921,NA,NA,NA,2025-06-05
JP,JPN,Japan,1972,324933841268.585,NA,NA,NA,2025-06-05
JP,JPN,Japan,1971,245364056622.363,NA,NA,NA,2025-06-05
JP,JPN,Japan,1970,217223652719.444,NA,NA,NA,2025-06-05
JP,JPN,Japan,1969,184298841304.667,NA,NA,NA,2025-06-05
JP,JPN,Japan,1968,156897496759.128,NA,NA,NA,2025-06-05
JP,JPN,Japan,1967,132475614226.519,NA,NA,NA,2025-06-05
JP,JPN,Japan,1966,113046784179.289,NA,NA,NA,2025-06-05
JP,JPN,Japan,1965,97338107605.8236,NA,NA,NA,2025-06-05
JP,JPN,Japan,1964,87490590817.9803,NA,NA,NA,2025-06-05
JP,JPN,Japan,1963,74379284603.3875,NA,NA,NA,2025-06-05
JP,JPN,Japan,1962,64987857541.6256,NA,NA,NA,2025-06-05
JP,JPN,Japan,1961,57266758179.5883,NA,NA,NA,2025-06-05
JP,JPN,Japan,1960,47419238274.4619,NA,NA,NA,2025-06-05
JO,JOR,Jordan,2024,NA,NA,NA,NA,2025-06-05
JO,JOR,Jordan,2023,50967475352.1127,NA,NA,NA,2025-06-05
JO,JOR,Jordan,2022,48764963380.2817,NA,NA,NA,2025-06-05
JO,JOR,Jordan,2021,46296100140.8451,NA,NA,NA,2025-06-05
JO,JOR,Jordan,2020,43700383098.5916,NA,NA,NA,2025-06-05
JO,JOR,Jordan,2019,44503006338.0282,NA,NA,NA,2025-06-05
JO,JOR,Jordan,2018,43370860704.2254,NA,NA,NA,2025-06-05
JO,JOR,Jordan,2017,41608435915.493,NA,NA,NA,2025-06-05
JO,JOR,Jordan,2016,39892551126.7606,NA,NA,NA,2025-06-05
JO,JOR,Jordan,2015,38587017887.3239,NA,NA,NA,2025-06-05
JO,JOR,Jordan,2014,36847643521.1268,NA,NA,NA,2025-06-05
JO,JOR,Jordan,2013,34454440140.8451,NA,NA,NA,2025-06-05
JO,JOR,Jordan,2012,31634561690.1408,NA,NA,NA,2025-06-05
JO,JOR,Jordan,2011,29524149154.9296,NA,NA,NA,2025-06-05
JO,JOR,Jordan,2010,27133804225.3521,NA,NA,NA,2025-06-05
JO,JOR,Jordan,2009,24537876056.338,NA,NA,NA,2025-06-05
JO,JOR,Jordan,2008,22658715989.3302,NA,NA,NA,2025-06-05
JO,JOR,Jordan,2007,17110437235.543,NA,NA,NA,2025-06-05
JO,JOR,Jordan,2006,15056981664.3159,NA,NA,NA,2025-06-05
JO,JOR,Jordan,2005,12588998589.5628,NA,NA,NA,2025-06-05
JO,JOR,Jordan,2004,11411706629.055,NA,NA,NA,2025-06-05
JO,JOR,Jordan,2003,10195627644.5698,NA,NA,NA,2025-06-05
JO,JOR,Jordan,2002,9582510578.27927,NA,NA,NA,2025-06-05
JO,JOR,Jordan,2001,8975814652.8196,NA,NA,NA,2025-06-05
JO,JOR,Jordan,2000,8460789844.8519,NA,NA,NA,2025-06-05
JO,JOR,Jordan,1999,8149929478.13822,NA,NA,NA,2025-06-05
JO,JOR,Jordan,1998,7912270803.94922,NA,NA,NA,2025-06-05
JO,JOR,Jordan,1997,7245839210.15515,NA,NA,NA,2025-06-05
JO,JOR,Jordan,1996,6927503526.09309,NA,NA,NA,2025-06-05
JO,JOR,Jordan,1995,6727597031.96347,NA,NA,NA,2025-06-05
JO,JOR,Jordan,1994,6236295978.24531,NA,NA,NA,2025-06-05
JO,JOR,Jordan,1993,5606400221.69269,NA,NA,NA,2025-06-05
JO,JOR,Jordan,1992,5310833193.59005,NA,NA,NA,2025-06-05
JO,JOR,Jordan,1991,4344467193.25095,NA,NA,NA,2025-06-05
JO,JOR,Jordan,1990,4160087507.83472,NA,NA,NA,2025-06-05
JO,JOR,Jordan,1989,4221373673.80468,NA,NA,NA,2025-06-05
JO,JOR,Jordan,1988,6277451829.05325,NA,NA,NA,2025-06-05
JO,JOR,Jordan,1987,6756209762.48231,NA,NA,NA,2025-06-05
JO,JOR,Jordan,1986,6402050484.90425,NA,NA,NA,2025-06-05
JO,JOR,Jordan,1985,4993601520.43079,NA,NA,NA,2025-06-05
JO,JOR,Jordan,1984,4967162160.40472,NA,NA,NA,2025-06-05
JO,JOR,Jordan,1983,4920692190.95569,NA,NA,NA,2025-06-05
JO,JOR,Jordan,1982,4681240992.70338,NA,NA,NA,2025-06-05
JO,JOR,Jordan,1981,4383944702.85958,NA,NA,NA,2025-06-05
JO,JOR,Jordan,1980,3910044474.28044,NA,NA,NA,2025-06-05
JO,JOR,Jordan,1979,3271368780.65347,NA,NA,NA,2025-06-05
JO,JOR,Jordan,1978,2602208588.95706,NA,NA,NA,2025-06-05
JO,JOR,Jordan,1977,2096778602.16785,NA,NA,NA,2025-06-05
JO,JOR,Jordan,1976,1708521219.46003,NA,NA,NA,2025-06-05
JO,JOR,Jordan,1975,1363073497.77355,NA,NA,NA,2025-06-05
JO,JOR,Jordan,1974,1197483948.68547,NA,NA,NA,2025-06-05
JO,JOR,Jordan,1973,943783839.718052,NA,NA,NA,2025-06-05
JO,JOR,Jordan,1972,788479684.608126,NA,NA,NA,2025-06-05
JO,JOR,Jordan,1971,678159728.736109,NA,NA,NA,2025-06-05
JO,JOR,Jordan,1970,639519744.192102,NA,NA,NA,2025-06-05
JO,JOR,Jordan,1969,698879720.448112,NA,NA,NA,2025-06-05
JO,JOR,Jordan,1968,561119775.55209,NA,NA,NA,2025-06-05
JO,JOR,Jordan,1967,631679747.328101,NA,NA,NA,2025-06-05
JO,JOR,Jordan,1966,657999736.800105,NA,NA,NA,2025-06-05
JO,JOR,Jordan,1965,599759760.096096,NA,NA,NA,2025-06-05
JO,JOR,Jordan,1964,NA,NA,NA,NA,2025-06-05
JO,JOR,Jordan,1963,NA,NA,NA,NA,2025-06-05
JO,JOR,Jordan,1962,NA,NA,NA,NA,2025-06-05
JO,JOR,Jordan,1961,NA,NA,NA,NA,2025-06-05
JO,JOR,Jordan,1960,NA,NA,NA,NA,2025-06-05
KZ,KAZ,Kazakhstan,2024,NA,NA,NA,NA,2025-06-05
KZ,KAZ,Kazakhstan,2023,262641892078.524,NA,NA,NA,2025-06-05
KZ,KAZ,Kazakhstan,2022,225496328925.494,NA,NA,NA,2025-06-05
KZ,KAZ,Kazakhstan,2021,197112255360.612,NA,NA,NA,2025-06-05
KZ,KAZ,Kazakhstan,2020,171082365861.423,NA,NA,NA,2025-06-05
KZ,KAZ,Kazakhstan,2019,181667184854.501,NA,NA,NA,2025-06-05
KZ,KAZ,Kazakhstan,2018,179339977690.485,NA,NA,NA,2025-06-05
KZ,KAZ,Kazakhstan,2017,166805788827.233,NA,NA,NA,2025-06-05
KZ,KAZ,Kazakhstan,2016,137278320084.171,NA,NA,NA,2025-06-05
KZ,KAZ,Kazakhstan,2015,184388404706.042,NA,NA,NA,2025-06-05
KZ,KAZ,Kazakhstan,2014,221415613595.469,NA,NA,NA,2025-06-05
KZ,KAZ,Kazakhstan,2013,236634603409.089,NA,NA,NA,2025-06-05
KZ,KAZ,Kazakhstan,2012,207998568865.789,NA,NA,NA,2025-06-05
KZ,KAZ,Kazakhstan,2011,192626464617.071,NA,NA,NA,2025-06-05
KZ,KAZ,Kazakhstan,2010,148047348240.643,NA,NA,NA,2025-06-05
KZ,KAZ,Kazakhstan,2009,115308686941.38,NA,NA,NA,2025-06-05
KZ,KAZ,Kazakhstan,2008,133441648851.982,NA,NA,NA,2025-06-05
KZ,KAZ,Kazakhstan,2007,104849915058.376,NA,NA,NA,2025-06-05
KZ,KAZ,Kazakhstan,2006,81003864630.018,NA,NA,NA,2025-06-05
KZ,KAZ,Kazakhstan,2005,57123671733.8952,NA,NA,NA,2025-06-05
KZ,KAZ,Kazakhstan,2004,43151647002.6096,NA,NA,NA,2025-06-05
KZ,KAZ,Kazakhstan,2003,30833692900.1091,NA,NA,NA,2025-06-05
KZ,KAZ,Kazakhstan,2002,24636598527.4437,NA,NA,NA,2025-06-05
KZ,KAZ,Kazakhstan,2001,22152689179.8815,NA,NA,NA,2025-06-05
KZ,KAZ,Kazakhstan,2000,18291990662.0356,NA,NA,NA,2025-06-05
KZ,KAZ,Kazakhstan,1999,16870817181.7799,NA,NA,NA,2025-06-05
KZ,KAZ,Kazakhstan,1998,22135245507.3656,NA,NA,NA,2025-06-05
KZ,KAZ,Kazakhstan,1997,22165932062.966,NA,NA,NA,2025-06-05
KZ,KAZ,Kazakhstan,1996,21035357936.8796,NA,NA,NA,2025-06-05
KZ,KAZ,Kazakhstan,1995,20374302652.3819,NA,NA,NA,2025-06-05
KZ,KAZ,Kazakhstan,1994,21250792886.1054,NA,NA,NA,2025-06-05
KZ,KAZ,Kazakhstan,1993,23409260879.9427,NA,NA,NA,2025-06-05
KZ,KAZ,Kazakhstan,1992,24917355371.9008,NA,NA,NA,2025-06-05
KZ,KAZ,Kazakhstan,1991,24923076923.0769,NA,NA,NA,2025-06-05
KZ,KAZ,Kazakhstan,1990,26932016269.6107,NA,NA,NA,2025-06-05
KZ,KAZ,Kazakhstan,1989,NA,NA,NA,NA,2025-06-05
KZ,KAZ,Kazakhstan,1988,NA,NA,NA,NA,2025-06-05
KZ,KAZ,Kazakhstan,1987,NA,NA,NA,NA,2025-06-05
KZ,KAZ,Kazakhstan,1986,NA,NA,NA,NA,2025-06-05
KZ,KAZ,Kazakhstan,1985,NA,NA,NA,NA,2025-06-05
KZ,KAZ,Kazakhstan,1984,NA,NA,NA,NA,2025-06-05
KZ,KAZ,Kazakhstan,1983,NA,NA,NA,NA,2025-06-05
KZ,KAZ,Kazakhstan,1982,NA,NA,NA,NA,2025-06-05
KZ,KAZ,Kazakhstan,1981,NA,NA,NA,NA,2025-06-05
KZ,KAZ,Kazakhstan,1980,NA,NA,NA,NA,2025-06-05
KZ,KAZ,Kazakhstan,1979,NA,NA,NA,NA,2025-06-05
KZ,KAZ,Kazakhstan,1978,NA,NA,NA,NA,2025-06-05
KZ,KAZ,Kazakhstan,1977,NA,NA,NA,NA,2025-06-05
KZ,KAZ,Kazakhstan,1976,NA,NA,NA,NA,2025-06-05
KZ,KAZ,Kazakhstan,1975,NA,NA,NA,NA,2025-06-05
KZ,KAZ,Kazakhstan,1974,NA,NA,NA,NA,2025-06-05
KZ,KAZ,Kazakhstan,1973,NA,NA,NA,NA,2025-06-05
KZ,KAZ,Kazakhstan,1972,NA,NA,NA,NA,2025-06-05
KZ,KAZ,Kazakhstan,1971,NA,NA,NA,NA,2025-06-05
KZ,KAZ,Kazakhstan,1970,NA,NA,NA,NA,2025-06-05
KZ,KAZ,Kazakhstan,1969,NA,NA,NA,NA,2025-06-05
KZ,KAZ,Kazakhstan,1968,NA,NA,NA,NA,2025-06-05
KZ,KAZ,Kazakhstan,1967,NA,NA,NA,NA,2025-06-05
KZ,KAZ,Kazakhstan,1966,NA,NA,NA,NA,2025-06-05
KZ,KAZ,Kazakhstan,1965,NA,NA,NA,NA,2025-06-05
KZ,KAZ,Kazakhstan,1964,NA,NA,NA,NA,2025-06-05
KZ,KAZ,Kazakhstan,1963,NA,NA,NA,NA,2025-06-05
KZ,KAZ,Kazakhstan,1962,NA,NA,NA,NA,2025-06-05
KZ,KAZ,Kazakhstan,1961,NA,NA,NA,NA,2025-06-05
KZ,KAZ,Kazakhstan,1960,NA,NA,NA,NA,2025-06-05
KE,KEN,Kenya,2024,NA,NA,NA,NA,2025-06-05
KE,KEN,Kenya,2023,108038588970.595,NA,NA,NA,2025-06-05
KE,KEN,Kenya,2022,114448978152.637,NA,NA,NA,2025-06-05
KE,KEN,Kenya,2021,109703658904.994,NA,NA,NA,2025-06-05
KE,KEN,Kenya,2020,100657505750.545,NA,NA,NA,2025-06-05
KE,KEN,Kenya,2019,100378436207.371,NA,NA,NA,2025-06-05
KE,KEN,Kenya,2018,92202979985.2863,NA,NA,NA,2025-06-05
KE,KEN,Kenya,2017,82036510877.2599,NA,NA,NA,2025-06-05
KE,KEN,Kenya,2016,74815144163.8931,NA,NA,NA,2025-06-05
KE,KEN,Kenya,2015,70120446896.8359,NA,NA,NA,2025-06-05
KE,KEN,Kenya,2014,68285796514.2896,NA,NA,NA,2025-06-05
KE,KEN,Kenya,2013,61671440407.8387,NA,NA,NA,2025-06-05
KE,KEN,Kenya,2012,56396704671.5777,NA,NA,NA,2025-06-05
KE,KEN,Kenya,2011,46869473150.61,NA,NA,NA,2025-06-05
KE,KEN,Kenya,2010,45405615063.7551,NA,NA,NA,2025-06-05
KE,KEN,Kenya,2009,42347217912.9176,NA,NA,NA,2025-06-05
KE,KEN,Kenya,2008,35895153327.8497,NA,NA,NA,2025-06-05
KE,KEN,Kenya,2007,31958195182.2406,NA,NA,NA,2025-06-05
KE,KEN,Kenya,2006,25825512284.2891,NA,NA,NA,2025-06-05
KE,KEN,Kenya,2005,18737895512.7378,NA,NA,NA,2025-06-05
KE,KEN,Kenya,2004,16095337093.8366,NA,NA,NA,2025-06-05
KE,KEN,Kenya,2003,14904517649.8476,NA,NA,NA,2025-06-05
KE,KEN,Kenya,2002,13147736898.5176,NA,NA,NA,2025-06-05
KE,KEN,Kenya,2001,12986007425.8781,NA,NA,NA,2025-06-05
KE,KEN,Kenya,2000,12705350097.8044,NA,NA,NA,2025-06-05
KE,KEN,Kenya,1999,12896010459.3711,NA,NA,NA,2025-06-05
KE,KEN,Kenya,1998,14093998843.7334,NA,NA,NA,2025-06-05
KE,KEN,Kenya,1997,13115764358.2846,NA,NA,NA,2025-06-05
KE,KEN,Kenya,1996,12045865396.1323,NA,NA,NA,2025-06-05
KE,KEN,Kenya,1995,9046320255.40507,NA,NA,NA,2025-06-05
KE,KEN,Kenya,1994,7148148564.04239,NA,NA,NA,2025-06-05
KE,KEN,Kenya,1993,5751786642.55871,NA,NA,NA,2025-06-05
KE,KEN,Kenya,1992,8209120763.04955,NA,NA,NA,2025-06-05
KE,KEN,Kenya,1991,8151488783.19064,NA,NA,NA,2025-06-05
KE,KEN,Kenya,1990,8572359038.16958,NA,NA,NA,2025-06-05
KE,KEN,Kenya,1989,8283114514.17081,NA,NA,NA,2025-06-05
KE,KEN,Kenya,1988,8355380879.12955,NA,NA,NA,2025-06-05
KE,KEN,Kenya,1987,7970820369.2949,NA,NA,NA,2025-06-05
KE,KEN,Kenya,1986,7239126568.14092,NA,NA,NA,2025-06-05
KE,KEN,Kenya,1985,6135034213.78998,NA,NA,NA,2025-06-05
KE,KEN,Kenya,1984,6191437070.18411,NA,NA,NA,2025-06-05
KE,KEN,Kenya,1983,5979198313.76093,NA,NA,NA,2025-06-05
KE,KEN,Kenya,1982,6431579356.95926,NA,NA,NA,2025-06-05
KE,KEN,Kenya,1981,6854491705.88377,NA,NA,NA,2025-06-05
KE,KEN,Kenya,1980,7265315820.20777,NA,NA,NA,2025-06-05
KE,KEN,Kenya,1979,6234391113.46434,NA,NA,NA,2025-06-05
KE,KEN,Kenya,1978,5303735110.55151,NA,NA,NA,2025-06-05
KE,KEN,Kenya,1977,4494378764.32011,NA,NA,NA,2025-06-05
KE,KEN,Kenya,1976,3474542391.69992,NA,NA,NA,2025-06-05
KE,KEN,Kenya,1975,3259345083.26283,NA,NA,NA,2025-06-05
KE,KEN,Kenya,1974,2969958812.01648,NA,NA,NA,2025-06-05
KE,KEN,Kenya,1973,2509001324.34591,NA,NA,NA,2025-06-05
KE,KEN,Kenya,1972,2107279157.08834,NA,NA,NA,2025-06-05
KE,KEN,Kenya,1971,1778391288.64348,NA,NA,NA,2025-06-05
KE,KEN,Kenya,1970,1603447358.62106,NA,NA,NA,2025-06-05
KE,KEN,Kenya,1969,1458379416.64823,NA,NA,NA,2025-06-05
KE,KEN,Kenya,1968,1353295458.68182,NA,NA,NA,2025-06-05
KE,KEN,Kenya,1967,1232559506.9762,NA,NA,NA,2025-06-05
KE,KEN,Kenya,1966,1164519674.19213,NA,NA,NA,2025-06-05
KE,KEN,Kenya,1965,997919320.832272,NA,NA,NA,2025-06-05
KE,KEN,Kenya,1964,998759334.496266,NA,NA,NA,2025-06-05
KE,KEN,Kenya,1963,926589349.36426,NA,NA,NA,2025-06-05
KE,KEN,Kenya,1962,868111400.75544,NA,NA,NA,2025-06-05
KE,KEN,Kenya,1961,792959472.816211,NA,NA,NA,2025-06-05
KE,KEN,Kenya,1960,791265459.493816,NA,NA,NA,2025-06-05
KI,KIR,Kiribati,2024,NA,NA,NA,NA,2025-06-05
KI,KIR,Kiribati,2023,279208903.337644,NA,NA,NA,2025-06-05
KI,KIR,Kiribati,2022,270841698.369345,NA,NA,NA,2025-06-05
KI,KIR,Kiribati,2021,289339292.157301,NA,NA,NA,2025-06-05
KI,KIR,Kiribati,2020,223123620.597516,NA,NA,NA,2025-06-05
KI,KIR,Kiribati,2019,216985362.338171,NA,NA,NA,2025-06-05
KI,KIR,Kiribati,2018,233514703.710292,NA,NA,NA,2025-06-05
KI,KIR,Kiribati,2017,222875724.653979,NA,NA,NA,2025-06-05
KI,KIR,Kiribati,2016,206467834.045145,NA,NA,NA,2025-06-05
KI,KIR,Kiribati,2015,191559398.175292,NA,NA,NA,2025-06-05
KI,KIR,Kiribati,2014,200287275.559653,NA,NA,NA,2025-06-05
KI,KIR,Kiribati,2013,201730847.75865,NA,NA,NA,2025-06-05
KI,KIR,Kiribati,2012,207001557.767135,NA,NA,NA,2025-06-05
KI,KIR,Kiribati,2011,195970104.356667,NA,NA,NA,2025-06-05
KI,KIR,Kiribati,2010,165458478.20613,NA,NA,NA,2025-06-05
KI,KIR,Kiribati,2009,140177363.671764,NA,NA,NA,2025-06-05
KI,KIR,Kiribati,2008,147017897.680178,NA,NA,NA,2025-06-05
KI,KIR,Kiribati,2007,138054961.877619,NA,NA,NA,2025-06-05
KI,KIR,Kiribati,2006,112338362.534347,NA,NA,NA,2025-06-05
KI,KIR,Kiribati,2005,113895467.720866,NA,NA,NA,2025-06-05
KI,KIR,Kiribati,2004,104085862.435301,NA,NA,NA,2025-06-05
KI,KIR,Kiribati,2003,96105634.747436,NA,NA,NA,2025-06-05
KI,KIR,Kiribati,2002,74743892.1606019,NA,NA,NA,2025-06-05
KI,KIR,Kiribati,2001,64935847.4676225,NA,NA,NA,2025-06-05
KI,KIR,Kiribati,2000,74910555.2512264,NA,NA,NA,2025-06-05
KI,KIR,Kiribati,1999,77323948.4525998,NA,NA,NA,2025-06-05
KI,KIR,Kiribati,1998,74905725.1483615,NA,NA,NA,2025-06-05
KI,KIR,Kiribati,1997,80205788.2285918,NA,NA,NA,2025-06-05
KI,KIR,Kiribati,1996,81456842.3793677,NA,NA,NA,2025-06-05
KI,KIR,Kiribati,1995,68596369.2767491,NA,NA,NA,2025-06-05
KI,KIR,Kiribati,1994,67055363.3215782,NA,NA,NA,2025-06-05
KI,KIR,Kiribati,1993,58953627.9446654,NA,NA,NA,2025-06-05
KI,KIR,Kiribati,1992,61491394.2105308,NA,NA,NA,2025-06-05
KI,KIR,Kiribati,1991,41247772.3743817,NA,NA,NA,2025-06-05
KI,KIR,Kiribati,1990,36534294.7991591,NA,NA,NA,2025-06-05
KI,KIR,Kiribati,1989,37645319.1994276,NA,NA,NA,2025-06-05
KI,KIR,Kiribati,1988,38278810.3176488,NA,NA,NA,2025-06-05
KI,KIR,Kiribati,1987,29554412.5328693,NA,NA,NA,2025-06-05
KI,KIR,Kiribati,1986,25993008.7943576,NA,NA,NA,2025-06-05
KI,KIR,Kiribati,1985,26126615.2284866,NA,NA,NA,2025-06-05
KI,KIR,Kiribati,1984,34394167.0416706,NA,NA,NA,2025-06-05
KI,KIR,Kiribati,1983,31000545.7710517,NA,NA,NA,2025-06-05
KI,KIR,Kiribati,1982,32742712.6527597,NA,NA,NA,2025-06-05
KI,KIR,Kiribati,1981,35267489.2425442,NA,NA,NA,2025-06-05
KI,KIR,Kiribati,1980,33157723.1094117,NA,NA,NA,2025-06-05
KI,KIR,Kiribati,1979,34466197.0333233,NA,NA,NA,2025-06-05
KI,KIR,Kiribati,1978,36563964.5510014,NA,NA,NA,2025-06-05
KI,KIR,Kiribati,1977,31335458.7039851,NA,NA,NA,2025-06-05
KI,KIR,Kiribati,1976,33246816.5018414,NA,NA,NA,2025-06-05
KI,KIR,Kiribati,1975,44547453.6024265,NA,NA,NA,2025-06-05
KI,KIR,Kiribati,1974,69256488.5160763,NA,NA,NA,2025-06-05
KI,KIR,Kiribati,1973,25645040.4712955,NA,NA,NA,2025-06-05
KI,KIR,Kiribati,1972,15314346.4925323,NA,NA,NA,2025-06-05
KI,KIR,Kiribati,1971,12356134.3838676,NA,NA,NA,2025-06-05
KI,KIR,Kiribati,1970,11560877.2811451,NA,NA,NA,2025-06-05
KI,KIR,Kiribati,1969,NA,NA,NA,NA,2025-06-05
KI,KIR,Kiribati,1968,NA,NA,NA,NA,2025-06-05
KI,KIR,Kiribati,1967,NA,NA,NA,NA,2025-06-05
KI,KIR,Kiribati,1966,NA,NA,NA,NA,2025-06-05
KI,KIR,Kiribati,1965,NA,NA,NA,NA,2025-06-05
KI,KIR,Kiribati,1964,NA,NA,NA,NA,2025-06-05
KI,KIR,Kiribati,1963,NA,NA,NA,NA,2025-06-05
KI,KIR,Kiribati,1962,NA,NA,NA,NA,2025-06-05
KI,KIR,Kiribati,1961,NA,NA,NA,NA,2025-06-05
KI,KIR,Kiribati,1960,NA,NA,NA,NA,2025-06-05
KP,PRK,"Korea, Dem. People's Rep.",2024,NA,NA,NA,NA,2025-06-05
KP,PRK,"Korea, Dem. People's Rep.",2023,NA,NA,NA,NA,2025-06-05
KP,PRK,"Korea, Dem. People's Rep.",2022,NA,NA,NA,NA,2025-06-05
KP,PRK,"Korea, Dem. People's Rep.",2021,NA,NA,NA,NA,2025-06-05
KP,PRK,"Korea, Dem. People's Rep.",2020,NA,NA,NA,NA,2025-06-05
KP,PRK,"Korea, Dem. People's Rep.",2019,NA,NA,NA,NA,2025-06-05
KP,PRK,"Korea, Dem. People's Rep.",2018,NA,NA,NA,NA,2025-06-05
KP,PRK,"Korea, Dem. People's Rep.",2017,NA,NA,NA,NA,2025-06-05
KP,PRK,"Korea, Dem. People's Rep.",2016,NA,NA,NA,NA,2025-06-05
KP,PRK,"Korea, Dem. People's Rep.",2015,NA,NA,NA,NA,2025-06-05
KP,PRK,"Korea, Dem. People's Rep.",2014,NA,NA,NA,NA,2025-06-05
KP,PRK,"Korea, Dem. People's Rep.",2013,NA,NA,NA,NA,2025-06-05
KP,PRK,"Korea, Dem. People's Rep.",2012,NA,NA,NA,NA,2025-06-05
KP,PRK,"Korea, Dem. People's Rep.",2011,NA,NA,NA,NA,2025-06-05
KP,PRK,"Korea, Dem. People's Rep.",2010,NA,NA,NA,NA,2025-06-05
KP,PRK,"Korea, Dem. People's Rep.",2009,NA,NA,NA,NA,2025-06-05
KP,PRK,"Korea, Dem. People's Rep.",2008,NA,NA,NA,NA,2025-06-05
KP,PRK,"Korea, Dem. People's Rep.",2007,NA,NA,NA,NA,2025-06-05
KP,PRK,"Korea, Dem. People's Rep.",2006,NA,NA,NA,NA,2025-06-05
KP,PRK,"Korea, Dem. People's Rep.",2005,NA,NA,NA,NA,2025-06-05
KP,PRK,"Korea, Dem. People's Rep.",2004,NA,NA,NA,NA,2025-06-05
KP,PRK,"Korea, Dem. People's Rep.",2003,NA,NA,NA,NA,2025-06-05
KP,PRK,"Korea, Dem. People's Rep.",2002,NA,NA,NA,NA,2025-06-05
KP,PRK,"Korea, Dem. People's Rep.",2001,NA,NA,NA,NA,2025-06-05
KP,PRK,"Korea, Dem. People's Rep.",2000,NA,NA,NA,NA,2025-06-05
KP,PRK,"Korea, Dem. People's Rep.",1999,NA,NA,NA,NA,2025-06-05
KP,PRK,"Korea, Dem. People's Rep.",1998,NA,NA,NA,NA,2025-06-05
KP,PRK,"Korea, Dem. People's Rep.",1997,NA,NA,NA,NA,2025-06-05
KP,PRK,"Korea, Dem. People's Rep.",1996,NA,NA,NA,NA,2025-06-05
KP,PRK,"Korea, Dem. People's Rep.",1995,NA,NA,NA,NA,2025-06-05
KP,PRK,"Korea, Dem. People's Rep.",1994,NA,NA,NA,NA,2025-06-05
KP,PRK,"Korea, Dem. People's Rep.",1993,NA,NA,NA,NA,2025-06-05
KP,PRK,"Korea, Dem. People's Rep.",1992,NA,NA,NA,NA,2025-06-05
KP,PRK,"Korea, Dem. People's Rep.",1991,NA,NA,NA,NA,2025-06-05
KP,PRK,"Korea, Dem. People's Rep.",1990,NA,NA,NA,NA,2025-06-05
KP,PRK,"Korea, Dem. People's Rep.",1989,NA,NA,NA,NA,2025-06-05
KP,PRK,"Korea, Dem. People's Rep.",1988,NA,NA,NA,NA,2025-06-05
KP,PRK,"Korea, Dem. People's Rep.",1987,NA,NA,NA,NA,2025-06-05
KP,PRK,"Korea, Dem. People's Rep.",1986,NA,NA,NA,NA,2025-06-05
KP,PRK,"Korea, Dem. People's Rep.",1985,NA,NA,NA,NA,2025-06-05
KP,PRK,"Korea, Dem. People's Rep.",1984,NA,NA,NA,NA,2025-06-05
KP,PRK,"Korea, Dem. People's Rep.",1983,NA,NA,NA,NA,2025-06-05
KP,PRK,"Korea, Dem. People's Rep.",1982,NA,NA,NA,NA,2025-06-05
KP,PRK,"Korea, Dem. People's Rep.",1981,NA,NA,NA,NA,2025-06-05
KP,PRK,"Korea, Dem. People's Rep.",1980,NA,NA,NA,NA,2025-06-05
KP,PRK,"Korea, Dem. People's Rep.",1979,NA,NA,NA,NA,2025-06-05
KP,PRK,"Korea, Dem. People's Rep.",1978,NA,NA,NA,NA,2025-06-05
KP,PRK,"Korea, Dem. People's Rep.",1977,NA,NA,NA,NA,2025-06-05
KP,PRK,"Korea, Dem. People's Rep.",1976,NA,NA,NA,NA,2025-06-05
KP,PRK,"Korea, Dem. People's Rep.",1975,NA,NA,NA,NA,2025-06-05
KP,PRK,"Korea, Dem. People's Rep.",1974,NA,NA,NA,NA,2025-06-05
KP,PRK,"Korea, Dem. People's Rep.",1973,NA,NA,NA,NA,2025-06-05
KP,PRK,"Korea, Dem. People's Rep.",1972,NA,NA,NA,NA,2025-06-05
KP,PRK,"Korea, Dem. People's Rep.",1971,NA,NA,NA,NA,2025-06-05
KP,PRK,"Korea, Dem. People's Rep.",1970,NA,NA,NA,NA,2025-06-05
KP,PRK,"Korea, Dem. People's Rep.",1969,NA,NA,NA,NA,2025-06-05
KP,PRK,"Korea, Dem. People's Rep.",1968,NA,NA,NA,NA,2025-06-05
KP,PRK,"Korea, Dem. People's Rep.",1967,NA,NA,NA,NA,2025-06-05
KP,PRK,"Korea, Dem. People's Rep.",1966,NA,NA,NA,NA,2025-06-05
KP,PRK,"Korea, Dem. People's Rep.",1965,NA,NA,NA,NA,2025-06-05
KP,PRK,"Korea, Dem. People's Rep.",1964,NA,NA,NA,NA,2025-06-05
KP,PRK,"Korea, Dem. People's Rep.",1963,NA,NA,NA,NA,2025-06-05
KP,PRK,"Korea, Dem. People's Rep.",1962,NA,NA,NA,NA,2025-06-05
KP,PRK,"Korea, Dem. People's Rep.",1961,NA,NA,NA,NA,2025-06-05
KP,PRK,"Korea, Dem. People's Rep.",1960,NA,NA,NA,NA,2025-06-05
KR,KOR,"Korea, Rep.",2024,NA,NA,NA,NA,2025-06-05
KR,KOR,"Korea, Rep.",2023,1712792854202.37,NA,NA,NA,2025-06-05
KR,KOR,"Korea, Rep.",2022,1673916511799.71,NA,NA,NA,2025-06-05
KR,KOR,"Korea, Rep.",2021,1818432106880.04,NA,NA,NA,2025-06-05
KR,KOR,"Korea, Rep.",2020,1644312831906.17,NA,NA,NA,2025-06-05
KR,KOR,"Korea, Rep.",2019,1651422932447.77,NA,NA,NA,2025-06-05
KR,KOR,"Korea, Rep.",2018,1725373496825.43,NA,NA,NA,2025-06-05
KR,KOR,"Korea, Rep.",2017,1623074183501.9,NA,NA,NA,2025-06-05
KR,KOR,"Korea, Rep.",2016,1499679823909.61,NA,NA,NA,2025-06-05
KR,KOR,"Korea, Rep.",2015,1466038936206.43,NA,NA,NA,2025-06-05
KR,KOR,"Korea, Rep.",2014,1484488526271.8,NA,NA,NA,2025-06-05
KR,KOR,"Korea, Rep.",2013,1370632955321.2,NA,NA,NA,2025-06-05
KR,KOR,"Korea, Rep.",2012,1278046536287.01,NA,NA,NA,2025-06-05
KR,KOR,"Korea, Rep.",2011,1253289537500.81,NA,NA,NA,2025-06-05
KR,KOR,"Korea, Rep.",2010,1143672241149.72,NA,NA,NA,2025-06-05
KR,KOR,"Korea, Rep.",2009,943941876218.743,NA,NA,NA,2025-06-05
KR,KOR,"Korea, Rep.",2008,1047339010225.25,NA,NA,NA,2025-06-05
KR,KOR,"Korea, Rep.",2007,1172614086539.86,NA,NA,NA,2025-06-05
KR,KOR,"Korea, Rep.",2006,1053216909887.56,NA,NA,NA,2025-06-05
KR,KOR,"Korea, Rep.",2005,934901071332.984,NA,NA,NA,2025-06-05
KR,KOR,"Korea, Rep.",2004,793175561887.027,NA,NA,NA,2025-06-05
KR,KOR,"Korea, Rep.",2003,702714855193.904,NA,NA,NA,2025-06-05
KR,KOR,"Korea, Rep.",2002,627246933729.618,NA,NA,NA,2025-06-05
KR,KOR,"Korea, Rep.",2001,547656279894.587,NA,NA,NA,2025-06-05
KR,KOR,"Korea, Rep.",2000,576179387819.613,NA,NA,NA,2025-06-05
KR,KOR,"Korea, Rep.",1999,497514040642.262,NA,NA,NA,2025-06-05
KR,KOR,"Korea, Rep.",1998,383331833681.821,NA,NA,NA,2025-06-05
KR,KOR,"Korea, Rep.",1997,569755022973.035,NA,NA,NA,2025-06-05
KR,KOR,"Korea, Rep.",1996,610167053824.007,NA,NA,NA,2025-06-05
KR,KOR,"Korea, Rep.",1995,566581003128.204,NA,NA,NA,2025-06-05
KR,KOR,"Korea, Rep.",1994,463619823515.164,NA,NA,NA,2025-06-05
KR,KOR,"Korea, Rep.",1993,392665710525.411,NA,NA,NA,2025-06-05
KR,KOR,"Korea, Rep.",1992,355524903068.056,NA,NA,NA,2025-06-05
KR,KOR,"Korea, Rep.",1991,330647042837.334,NA,NA,NA,2025-06-05
KR,KOR,"Korea, Rep.",1990,283365844161.092,NA,NA,NA,2025-06-05
KR,KOR,"Korea, Rep.",1989,246928837311.406,NA,NA,NA,2025-06-05
KR,KOR,"Korea, Rep.",1988,199591287824.777,NA,NA,NA,2025-06-05
KR,KOR,"Korea, Rep.",1987,147948709376.434,NA,NA,NA,2025-06-05
KR,KOR,"Korea, Rep.",1986,116836246284.832,NA,NA,NA,2025-06-05
KR,KOR,"Korea, Rep.",1985,101296177099.377,NA,NA,NA,2025-06-05
KR,KOR,"Korea, Rep.",1984,97510744119.1162,NA,NA,NA,2025-06-05
KR,KOR,"Korea, Rep.",1983,87760553261.9279,NA,NA,NA,2025-06-05
KR,KOR,"Korea, Rep.",1982,78358416171.4889,NA,NA,NA,2025-06-05
KR,KOR,"Korea, Rep.",1981,72933533011.7706,NA,NA,NA,2025-06-05
KR,KOR,"Korea, Rep.",1980,65398377597.5108,NA,NA,NA,2025-06-05
KR,KOR,"Korea, Rep.",1979,66946900826.4463,NA,NA,NA,2025-06-05
KR,KOR,"Korea, Rep.",1978,51972107438.0165,NA,NA,NA,2025-06-05
KR,KOR,"Korea, Rep.",1977,38446487603.3058,NA,NA,NA,2025-06-05
KR,KOR,"Korea, Rep.",1976,29902479338.843,NA,NA,NA,2025-06-05
KR,KOR,"Korea, Rep.",1975,21784297520.6612,NA,NA,NA,2025-06-05
KR,KOR,"Korea, Rep.",1974,19543973941.3681,NA,NA,NA,2025-06-05
KR,KOR,"Korea, Rep.",1973,13876472208.2678,NA,NA,NA,2025-06-05
KR,KOR,"Korea, Rep.",1972,10862211760.8252,NA,NA,NA,2025-06-05
KR,KOR,"Korea, Rep.",1971,9903571248.53268,NA,NA,NA,2025-06-05
KR,KOR,"Korea, Rep.",1970,9005144969.11666,NA,NA,NA,2025-06-05
KR,KOR,"Korea, Rep.",1969,7678698837.59346,NA,NA,NA,2025-06-05
KR,KOR,"Korea, Rep.",1968,6119394892.37109,NA,NA,NA,2025-06-05
KR,KOR,"Korea, Rep.",1967,4855892445.82682,NA,NA,NA,2025-06-05
KR,KOR,"Korea, Rep.",1966,3929055143.5021,NA,NA,NA,2025-06-05
KR,KOR,"Korea, Rep.",1965,3120861498.91442,NA,NA,NA,2025-06-05
KR,KOR,"Korea, Rep.",1964,3459019942.79079,NA,NA,NA,2025-06-05
KR,KOR,"Korea, Rep.",1963,3988461538.46154,NA,NA,NA,2025-06-05
KR,KOR,"Korea, Rep.",1962,2814615384.61538,NA,NA,NA,2025-06-05
KR,KOR,"Korea, Rep.",1961,2417628736.52655,NA,NA,NA,2025-06-05
KR,KOR,"Korea, Rep.",1960,3958811881.18812,NA,NA,NA,2025-06-05
XK,XKX,Kosovo,2024,NA,NA,NA,NA,2025-06-05
XK,XKX,Kosovo,2023,10468219225.4869,NA,NA,NA,2025-06-05
XK,XKX,Kosovo,2022,9354903061.8898,NA,NA,NA,2025-06-05
XK,XKX,Kosovo,2021,9413403724.01899,NA,NA,NA,2025-06-05
XK,XKX,Kosovo,2020,7717145217.81247,NA,NA,NA,2025-06-05
XK,XKX,Kosovo,2019,7899737577.47286,NA,NA,NA,2025-06-05
XK,XKX,Kosovo,2018,7878759714.82322,NA,NA,NA,2025-06-05
XK,XKX,Kosovo,2017,7180764703.35718,NA,NA,NA,2025-06-05
XK,XKX,Kosovo,2016,6682677289.98994,NA,NA,NA,2025-06-05
XK,XKX,Kosovo,2015,6295848422.71573,NA,NA,NA,2025-06-05
XK,XKX,Kosovo,2014,7074394734.88431,NA,NA,NA,2025-06-05
XK,XKX,Kosovo,2013,6735328609.6594,NA,NA,NA,2025-06-05
XK,XKX,Kosovo,2012,6163484244.63408,NA,NA,NA,2025-06-05
XK,XKX,Kosovo,2011,6341613609.97976,NA,NA,NA,2025-06-05
XK,XKX,Kosovo,2010,5343950556.07185,NA,NA,NA,2025-06-05
XK,XKX,Kosovo,2009,5015894692.97027,NA,NA,NA,2025-06-05
XK,XKX,Kosovo,2008,5181776768.71247,NA,NA,NA,2025-06-05
XK,XKX,Kosovo,2007,NA,NA,NA,NA,2025-06-05
XK,XKX,Kosovo,2006,NA,NA,NA,NA,2025-06-05
XK,XKX,Kosovo,2005,NA,NA,NA,NA,2025-06-05
XK,XKX,Kosovo,2004,NA,NA,NA,NA,2025-06-05
XK,XKX,Kosovo,2003,NA,NA,NA,NA,2025-06-05
XK,XKX,Kosovo,2002,NA,NA,NA,NA,2025-06-05
XK,XKX,Kosovo,2001,NA,NA,NA,NA,2025-06-05
XK,XKX,Kosovo,2000,NA,NA,NA,NA,2025-06-05
XK,XKX,Kosovo,1999,NA,NA,NA,NA,2025-06-05
XK,XKX,Kosovo,1998,NA,NA,NA,NA,2025-06-05
XK,XKX,Kosovo,1997,NA,NA,NA,NA,2025-06-05
XK,XKX,Kosovo,1996,NA,NA,NA,NA,2025-06-05
XK,XKX,Kosovo,1995,NA,NA,NA,NA,2025-06-05
XK,XKX,Kosovo,1994,NA,NA,NA,NA,2025-06-05
XK,XKX,Kosovo,1993,NA,NA,NA,NA,2025-06-05
XK,XKX,Kosovo,1992,NA,NA,NA,NA,2025-06-05
XK,XKX,Kosovo,1991,NA,NA,NA,NA,2025-06-05
XK,XKX,Kosovo,1990,NA,NA,NA,NA,2025-06-05
XK,XKX,Kosovo,1989,NA,NA,NA,NA,2025-06-05
XK,XKX,Kosovo,1988,NA,NA,NA,NA,2025-06-05
XK,XKX,Kosovo,1987,NA,NA,NA,NA,2025-06-05
XK,XKX,Kosovo,1986,NA,NA,NA,NA,2025-06-05
XK,XKX,Kosovo,1985,NA,NA,NA,NA,2025-06-05
XK,XKX,Kosovo,1984,NA,NA,NA,NA,2025-06-05
XK,XKX,Kosovo,1983,NA,NA,NA,NA,2025-06-05
XK,XKX,Kosovo,1982,NA,NA,NA,NA,2025-06-05
XK,XKX,Kosovo,1981,NA,NA,NA,NA,2025-06-05
XK,XKX,Kosovo,1980,NA,NA,NA,NA,2025-06-05
XK,XKX,Kosovo,1979,NA,NA,NA,NA,2025-06-05
XK,XKX,Kosovo,1978,NA,NA,NA,NA,2025-06-05
XK,XKX,Kosovo,1977,NA,NA,NA,NA,2025-06-05
XK,XKX,Kosovo,1976,NA,NA,NA,NA,2025-06-05
XK,XKX,Kosovo,1975,NA,NA,NA,NA,2025-06-05
XK,XKX,Kosovo,1974,NA,NA,NA,NA,2025-06-05
XK,XKX,Kosovo,1973,NA,NA,NA,NA,2025-06-05
XK,XKX,Kosovo,1972,NA,NA,NA,NA,2025-06-05
XK,XKX,Kosovo,1971,NA,NA,NA,NA,2025-06-05
XK,XKX,Kosovo,1970,NA,NA,NA,NA,2025-06-05
XK,XKX,Kosovo,1969,NA,NA,NA,NA,2025-06-05
XK,XKX,Kosovo,1968,NA,NA,NA,NA,2025-06-05
XK,XKX,Kosovo,1967,NA,NA,NA,NA,2025-06-05
XK,XKX,Kosovo,1966,NA,NA,NA,NA,2025-06-05
XK,XKX,Kosovo,1965,NA,NA,NA,NA,2025-06-05
XK,XKX,Kosovo,1964,NA,NA,NA,NA,2025-06-05
XK,XKX,Kosovo,1963,NA,NA,NA,NA,2025-06-05
XK,XKX,Kosovo,1962,NA,NA,NA,NA,2025-06-05
XK,XKX,Kosovo,1961,NA,NA,NA,NA,2025-06-05
XK,XKX,Kosovo,1960,NA,NA,NA,NA,2025-06-05
KW,KWT,Kuwait,2024,NA,NA,NA,NA,2025-06-05
KW,KWT,Kuwait,2023,163704878875.85,NA,NA,NA,2025-06-05
KW,KWT,Kuwait,2022,183940215065.171,NA,NA,NA,2025-06-05
KW,KWT,Kuwait,2021,148459291453.471,NA,NA,NA,2025-06-05
KW,KWT,Kuwait,2020,111045470461.207,NA,NA,NA,2025-06-05
KW,KWT,Kuwait,2019,140856394870.02,NA,NA,NA,2025-06-05
KW,KWT,Kuwait,2018,138646316321.596,NA,NA,NA,2025-06-05
KW,KWT,Kuwait,2017,120687539675.517,NA,NA,NA,2025-06-05
KW,KWT,Kuwait,2016,109406674087.947,NA,NA,NA,2025-06-05
KW,KWT,Kuwait,2015,114585555830.916,NA,NA,NA,2025-06-05
KW,KWT,Kuwait,2014,162650450784.686,NA,NA,NA,2025-06-05
KW,KWT,Kuwait,2013,174168116687.215,NA,NA,NA,2025-06-05
KW,KWT,Kuwait,2012,174047662555.419,NA,NA,NA,2025-06-05
KW,KWT,Kuwait,2011,154039231299.128,NA,NA,NA,2025-06-05
KW,KWT,Kuwait,2010,115416305425.424,NA,NA,NA,2025-06-05
KW,KWT,Kuwait,2009,105968691905.415,NA,NA,NA,2025-06-05
KW,KWT,Kuwait,2008,147379737229.753,NA,NA,NA,2025-06-05
KW,KWT,Kuwait,2007,114634043361.692,NA,NA,NA,2025-06-05
KW,KWT,Kuwait,2006,101557330723.423,NA,NA,NA,2025-06-05
KW,KWT,Kuwait,2005,80798630136.9863,NA,NA,NA,2025-06-05
KW,KWT,Kuwait,2004,59439090600.6108,NA,NA,NA,2025-06-05
KW,KWT,Kuwait,2003,47874582231.588,NA,NA,NA,2025-06-05
KW,KWT,Kuwait,2002,38135788413.8276,NA,NA,NA,2025-06-05
KW,KWT,Kuwait,2001,34889559869.8326,NA,NA,NA,2025-06-05
KW,KWT,Kuwait,2000,37718743480.0751,NA,NA,NA,2025-06-05
KW,KWT,Kuwait,1999,30122365849.2518,NA,NA,NA,2025-06-05
KW,KWT,Kuwait,1998,25943705784.2996,NA,NA,NA,2025-06-05
KW,KWT,Kuwait,1997,30350190704.4361,NA,NA,NA,2025-06-05
KW,KWT,Kuwait,1996,31492373308.7516,NA,NA,NA,2025-06-05
KW,KWT,Kuwait,1995,27186980646.5448,NA,NA,NA,2025-06-05
KW,KWT,Kuwait,1994,24848483838.3838,NA,NA,NA,2025-06-05
KW,KWT,Kuwait,1993,23941391390.7285,NA,NA,NA,2025-06-05
KW,KWT,Kuwait,1992,19858555214.7239,NA,NA,NA,2025-06-05
KW,KWT,Kuwait,1991,11009993703.1474,NA,NA,NA,2025-06-05
KW,KWT,Kuwait,1990,18427777777.7778,NA,NA,NA,2025-06-05
KW,KWT,Kuwait,1989,24313855653.3993,NA,NA,NA,2025-06-05
KW,KWT,Kuwait,1988,20690322152.8945,NA,NA,NA,2025-06-05
KW,KWT,Kuwait,1987,22368704133.6668,NA,NA,NA,2025-06-05
KW,KWT,Kuwait,1986,17903989745.178,NA,NA,NA,2025-06-05
KW,KWT,Kuwait,1985,21445970613.7595,NA,NA,NA,2025-06-05
KW,KWT,Kuwait,1984,21700082752.9369,NA,NA,NA,2025-06-05
KW,KWT,Kuwait,1983,20871081080.1538,NA,NA,NA,2025-06-05
KW,KWT,Kuwait,1982,21577153356.4192,NA,NA,NA,2025-06-05
KW,KWT,Kuwait,1981,25058020338.2535,NA,NA,NA,2025-06-05
KW,KWT,Kuwait,1980,28638868355.9196,NA,NA,NA,2025-06-05
KW,KWT,Kuwait,1979,24749063922.4796,NA,NA,NA,2025-06-05
KW,KWT,Kuwait,1978,15503557496.1916,NA,NA,NA,2025-06-05
KW,KWT,Kuwait,1977,14137406740.5065,NA,NA,NA,2025-06-05
KW,KWT,Kuwait,1976,13132252801.9372,NA,NA,NA,2025-06-05
KW,KWT,Kuwait,1975,12022811620.7867,NA,NA,NA,2025-06-05
KW,KWT,Kuwait,1974,13006948296.2705,NA,NA,NA,2025-06-05
KW,KWT,Kuwait,1973,5408804607.3129,NA,NA,NA,2025-06-05
KW,KWT,Kuwait,1972,4450537925.33189,NA,NA,NA,2025-06-05
KW,KWT,Kuwait,1971,3880392195.40688,NA,NA,NA,2025-06-05
KW,KWT,Kuwait,1970,2873638850.54446,NA,NA,NA,2025-06-05
KW,KWT,Kuwait,1969,2769198892.32044,NA,NA,NA,2025-06-05
KW,KWT,Kuwait,1968,2662798934.88043,NA,NA,NA,2025-06-05
KW,KWT,Kuwait,1967,2441599023.36039,NA,NA,NA,2025-06-05
KW,KWT,Kuwait,1966,2391199043.52038,NA,NA,NA,2025-06-05
KW,KWT,Kuwait,1965,2097199161.12034,NA,NA,NA,2025-06-05
KW,KWT,Kuwait,1964,2071668533.03471,NA,NA,NA,2025-06-05
KW,KWT,Kuwait,1963,1900895856.66293,NA,NA,NA,2025-06-05
KW,KWT,Kuwait,1962,1828107502.79955,NA,NA,NA,2025-06-05
KW,KWT,Kuwait,1961,NA,NA,NA,NA,2025-06-05
KW,KWT,Kuwait,1960,NA,NA,NA,NA,2025-06-05
KG,KGZ,Kyrgyz Republic,2024,NA,NA,NA,NA,2025-06-05
KG,KGZ,Kyrgyz Republic,2023,13987627908.8381,NA,NA,NA,2025-06-05
KG,KGZ,Kyrgyz Republic,2022,12134931017.9465,NA,NA,NA,2025-06-05
KG,KGZ,Kyrgyz Republic,2021,9249133946.26531,NA,NA,NA,2025-06-05
KG,KGZ,Kyrgyz Republic,2020,8270468614.24051,NA,NA,NA,2025-06-05
KG,KGZ,Kyrgyz Republic,2019,9371275264.36735,NA,NA,NA,2025-06-05
KG,KGZ,Kyrgyz Republic,2018,8271106235.41552,NA,NA,NA,2025-06-05
KG,KGZ,Kyrgyz Republic,2017,7702938379.42036,NA,NA,NA,2025-06-05
KG,KGZ,Kyrgyz Republic,2016,6813095379.1187,NA,NA,NA,2025-06-05
KG,KGZ,Kyrgyz Republic,2015,6678177511.66313,NA,NA,NA,2025-06-05
KG,KGZ,Kyrgyz Republic,2014,7468102412.68237,NA,NA,NA,2025-06-05
KG,KGZ,Kyrgyz Republic,2013,7335033800.59056,NA,NA,NA,2025-06-05
KG,KGZ,Kyrgyz Republic,2012,6605142884.36215,NA,NA,NA,2025-06-05
KG,KGZ,Kyrgyz Republic,2011,6197765984.28468,NA,NA,NA,2025-06-05
KG,KGZ,Kyrgyz Republic,2010,4794361863.01353,NA,NA,NA,2025-06-05
KG,KGZ,Kyrgyz Republic,2009,4690061380.60253,NA,NA,NA,2025-06-05
KG,KGZ,Kyrgyz Republic,2008,5139958909.17936,NA,NA,NA,2025-06-05
KG,KGZ,Kyrgyz Republic,2007,3802570552.56105,NA,NA,NA,2025-06-05
KG,KGZ,Kyrgyz Republic,2006,2834168889.42019,NA,NA,NA,2025-06-05
KG,KGZ,Kyrgyz Republic,2005,2460246766.41401,NA,NA,NA,2025-06-05
KG,KGZ,Kyrgyz Republic,2004,2211534585.0034,NA,NA,NA,2025-06-05
KG,KGZ,Kyrgyz Republic,2003,1919008090.49641,NA,NA,NA,2025-06-05
KG,KGZ,Kyrgyz Republic,2002,1605643104.73021,NA,NA,NA,2025-06-05
KG,KGZ,Kyrgyz Republic,2001,1525116370.27939,NA,NA,NA,2025-06-05
KG,KGZ,Kyrgyz Republic,2000,1369688498.06778,NA,NA,NA,2025-06-05
KG,KGZ,Kyrgyz Republic,1999,1249061487.01457,NA,NA,NA,2025-06-05
KG,KGZ,Kyrgyz Republic,1998,1645963749.83146,NA,NA,NA,2025-06-05
KG,KGZ,Kyrgyz Republic,1997,1767864035.71943,NA,NA,NA,2025-06-05
KG,KGZ,Kyrgyz Republic,1996,1827570586.16784,NA,NA,NA,2025-06-05
KG,KGZ,Kyrgyz Republic,1995,1661147035.24388,NA,NA,NA,2025-06-05
KG,KGZ,Kyrgyz Republic,1994,1681780847.41091,NA,NA,NA,2025-06-05
KG,KGZ,Kyrgyz Republic,1993,2026019252.61241,NA,NA,NA,2025-06-05
KG,KGZ,Kyrgyz Republic,1992,2315346942.855,NA,NA,NA,2025-06-05
KG,KGZ,Kyrgyz Republic,1991,2542256424.35069,NA,NA,NA,2025-06-05
KG,KGZ,Kyrgyz Republic,1990,2660202622.91006,NA,NA,NA,2025-06-05
KG,KGZ,Kyrgyz Republic,1989,NA,NA,NA,NA,2025-06-05
KG,KGZ,Kyrgyz Republic,1988,NA,NA,NA,NA,2025-06-05
KG,KGZ,Kyrgyz Republic,1987,NA,NA,NA,NA,2025-06-05
KG,KGZ,Kyrgyz Republic,1986,NA,NA,NA,NA,2025-06-05
KG,KGZ,Kyrgyz Republic,1985,NA,NA,NA,NA,2025-06-05
KG,KGZ,Kyrgyz Republic,1984,NA,NA,NA,NA,2025-06-05
KG,KGZ,Kyrgyz Republic,1983,NA,NA,NA,NA,2025-06-05
KG,KGZ,Kyrgyz Republic,1982,NA,NA,NA,NA,2025-06-05
KG,KGZ,Kyrgyz Republic,1981,NA,NA,NA,NA,2025-06-05
KG,KGZ,Kyrgyz Republic,1980,NA,NA,NA,NA,2025-06-05
KG,KGZ,Kyrgyz Republic,1979,NA,NA,NA,NA,2025-06-05
KG,KGZ,Kyrgyz Republic,1978,NA,NA,NA,NA,2025-06-05
KG,KGZ,Kyrgyz Republic,1977,NA,NA,NA,NA,2025-06-05
KG,KGZ,Kyrgyz Republic,1976,NA,NA,NA,NA,2025-06-05
KG,KGZ,Kyrgyz Republic,1975,NA,NA,NA,NA,2025-06-05
KG,KGZ,Kyrgyz Republic,1974,NA,NA,NA,NA,2025-06-05
KG,KGZ,Kyrgyz Republic,1973,NA,NA,NA,NA,2025-06-05
KG,KGZ,Kyrgyz Republic,1972,NA,NA,NA,NA,2025-06-05
KG,KGZ,Kyrgyz Republic,1971,NA,NA,NA,NA,2025-06-05
KG,KGZ,Kyrgyz Republic,1970,NA,NA,NA,NA,2025-06-05
KG,KGZ,Kyrgyz Republic,1969,NA,NA,NA,NA,2025-06-05
KG,KGZ,Kyrgyz Republic,1968,NA,NA,NA,NA,2025-06-05
KG,KGZ,Kyrgyz Republic,1967,NA,NA,NA,NA,2025-06-05
KG,KGZ,Kyrgyz Republic,1966,NA,NA,NA,NA,2025-06-05
KG,KGZ,Kyrgyz Republic,1965,NA,NA,NA,NA,2025-06-05
KG,KGZ,Kyrgyz Republic,1964,NA,NA,NA,NA,2025-06-05
KG,KGZ,Kyrgyz Republic,1963,NA,NA,NA,NA,2025-06-05
KG,KGZ,Kyrgyz Republic,1962,NA,NA,NA,NA,2025-06-05
KG,KGZ,Kyrgyz Republic,1961,NA,NA,NA,NA,2025-06-05
KG,KGZ,Kyrgyz Republic,1960,NA,NA,NA,NA,2025-06-05
LA,LAO,Lao PDR,2024,NA,NA,NA,NA,2025-06-05
LA,LAO,Lao PDR,2023,15843155731.2552,NA,NA,NA,2025-06-05
LA,LAO,Lao PDR,2022,15468785203.7532,NA,NA,NA,2025-06-05
LA,LAO,Lao PDR,2021,18827148530.9347,NA,NA,NA,2025-06-05
LA,LAO,Lao PDR,2020,18981805250.2424,NA,NA,NA,2025-06-05
LA,LAO,Lao PDR,2019,18740561512.5555,NA,NA,NA,2025-06-05
LA,LAO,Lao PDR,2018,18141641089.7963,NA,NA,NA,2025-06-05
LA,LAO,Lao PDR,2017,17071155481.4994,NA,NA,NA,2025-06-05
LA,LAO,Lao PDR,2016,15912501722.6143,NA,NA,NA,2025-06-05
LA,LAO,Lao PDR,2015,14426380125.6488,NA,NA,NA,2025-06-05
LA,LAO,Lao PDR,2014,13279245886.3854,NA,NA,NA,2025-06-05
LA,LAO,Lao PDR,2013,11983252626.5452,NA,NA,NA,2025-06-05
LA,LAO,Lao PDR,2012,10192846339.4029,NA,NA,NA,2025-06-05
LA,LAO,Lao PDR,2011,8750104617.17303,NA,NA,NA,2025-06-05
LA,LAO,Lao PDR,2010,7131771014.70456,NA,NA,NA,2025-06-05
LA,LAO,Lao PDR,2009,5836137329.63305,NA,NA,NA,2025-06-05
LA,LAO,Lao PDR,2008,5446433157.40114,NA,NA,NA,2025-06-05
LA,LAO,Lao PDR,2007,4223152739.04052,NA,NA,NA,2025-06-05
LA,LAO,Lao PDR,2006,3455030060.9785,NA,NA,NA,2025-06-05
LA,LAO,Lao PDR,2005,2735558734.7379,NA,NA,NA,2025-06-05
LA,LAO,Lao PDR,2004,2366398119.86321,NA,NA,NA,2025-06-05
LA,LAO,Lao PDR,2003,2023324407.28414,NA,NA,NA,2025-06-05
LA,LAO,Lao PDR,2002,1758176653.07746,NA,NA,NA,2025-06-05
LA,LAO,Lao PDR,2001,1768619058.34647,NA,NA,NA,2025-06-05
LA,LAO,Lao PDR,2000,1731198022.46763,NA,NA,NA,2025-06-05
LA,LAO,Lao PDR,1999,1454430642.44959,NA,NA,NA,2025-06-05
LA,LAO,Lao PDR,1998,1280177838.71905,NA,NA,NA,2025-06-05
LA,LAO,Lao PDR,1997,1747011857.33107,NA,NA,NA,2025-06-05
LA,LAO,Lao PDR,1996,1873671550.34636,NA,NA,NA,2025-06-05
LA,LAO,Lao PDR,1995,1763536304.53964,NA,NA,NA,2025-06-05
LA,LAO,Lao PDR,1994,1543606345.11684,NA,NA,NA,2025-06-05
LA,LAO,Lao PDR,1993,1327748689.88094,NA,NA,NA,2025-06-05
LA,LAO,Lao PDR,1992,1127806944.61513,NA,NA,NA,2025-06-05
LA,LAO,Lao PDR,1991,1028087972.31085,NA,NA,NA,2025-06-05
LA,LAO,Lao PDR,1990,865559879.400406,NA,NA,NA,2025-06-05
LA,LAO,Lao PDR,1989,714046821.093797,NA,NA,NA,2025-06-05
LA,LAO,Lao PDR,1988,598961269.297879,NA,NA,NA,2025-06-05
LA,LAO,Lao PDR,1987,1087273103.69639,NA,NA,NA,2025-06-05
LA,LAO,Lao PDR,1986,1776842097.16343,NA,NA,NA,2025-06-05
LA,LAO,Lao PDR,1985,2366666615.55556,NA,NA,NA,2025-06-05
LA,LAO,Lao PDR,1984,1757142855.91837,NA,NA,NA,2025-06-05
LA,LAO,Lao PDR,1983,NA,NA,NA,NA,2025-06-05
LA,LAO,Lao PDR,1982,NA,NA,NA,NA,2025-06-05
LA,LAO,Lao PDR,1981,NA,NA,NA,NA,2025-06-05
LA,LAO,Lao PDR,1980,NA,NA,NA,NA,2025-06-05
LA,LAO,Lao PDR,1979,NA,NA,NA,NA,2025-06-05
LA,LAO,Lao PDR,1978,NA,NA,NA,NA,2025-06-05
LA,LAO,Lao PDR,1977,NA,NA,NA,NA,2025-06-05
LA,LAO,Lao PDR,1976,NA,NA,NA,NA,2025-06-05
LA,LAO,Lao PDR,1975,NA,NA,NA,NA,2025-06-05
LA,LAO,Lao PDR,1974,NA,NA,NA,NA,2025-06-05
LA,LAO,Lao PDR,1973,NA,NA,NA,NA,2025-06-05
LA,LAO,Lao PDR,1972,NA,NA,NA,NA,2025-06-05
LA,LAO,Lao PDR,1971,NA,NA,NA,NA,2025-06-05
LA,LAO,Lao PDR,1970,NA,NA,NA,NA,2025-06-05
LA,LAO,Lao PDR,1969,NA,NA,NA,NA,2025-06-05
LA,LAO,Lao PDR,1968,NA,NA,NA,NA,2025-06-05
LA,LAO,Lao PDR,1967,NA,NA,NA,NA,2025-06-05
LA,LAO,Lao PDR,1966,NA,NA,NA,NA,2025-06-05
LA,LAO,Lao PDR,1965,NA,NA,NA,NA,2025-06-05
LA,LAO,Lao PDR,1964,NA,NA,NA,NA,2025-06-05
LA,LAO,Lao PDR,1963,NA,NA,NA,NA,2025-06-05
LA,LAO,Lao PDR,1962,NA,NA,NA,NA,2025-06-05
LA,LAO,Lao PDR,1961,NA,NA,NA,NA,2025-06-05
LA,LAO,Lao PDR,1960,NA,NA,NA,NA,2025-06-05
LV,LVA,Latvia,2024,NA,NA,NA,NA,2025-06-05
LV,LVA,Latvia,2023,42247850064.5125,NA,NA,NA,2025-06-05
LV,LVA,Latvia,2022,38018905782.397,NA,NA,NA,2025-06-05
LV,LVA,Latvia,2021,38185125732.9451,NA,NA,NA,2025-06-05
LV,LVA,Latvia,2020,33379927434.6149,NA,NA,NA,2025-06-05
LV,LVA,Latvia,2019,33099503950.847,NA,NA,NA,2025-06-05
LV,LVA,Latvia,2018,33247935477.3576,NA,NA,NA,2025-06-05
LV,LVA,Latvia,2017,29391059767.4259,NA,NA,NA,2025-06-05
LV,LVA,Latvia,2016,27117105059.5075,NA,NA,NA,2025-06-05
LV,LVA,Latvia,2015,26344565876.8902,NA,NA,NA,2025-06-05
LV,LVA,Latvia,2014,30277203767.4058,NA,NA,NA,2025-06-05
LV,LVA,Latvia,2013,29152128167.8438,NA,NA,NA,2025-06-05
LV,LVA,Latvia,2012,27116149948.6683,NA,NA,NA,2025-06-05
LV,LVA,Latvia,2011,26575547900.8247,NA,NA,NA,2025-06-05
LV,LVA,Latvia,2010,23468324572.3343,NA,NA,NA,2025-06-05
LV,LVA,Latvia,2009,25691530442.035,NA,NA,NA,2025-06-05
LV,LVA,Latvia,2008,34135200994.0067,NA,NA,NA,2025-06-05
LV,LVA,Latvia,2007,29420499247.7089,NA,NA,NA,2025-06-05
LV,LVA,Latvia,2006,20434922247.3037,NA,NA,NA,2025-06-05
LV,LVA,Latvia,2005,16306935905.4138,NA,NA,NA,2025-06-05
LV,LVA,Latvia,2004,13827070378.5612,NA,NA,NA,2025-06-05
LV,LVA,Latvia,2003,11244337719.8377,NA,NA,NA,2025-06-05
LV,LVA,Latvia,2002,9249030241.01864,NA,NA,NA,2025-06-05
LV,LVA,Latvia,2001,8190888739.6463,NA,NA,NA,2025-06-05
LV,LVA,Latvia,2000,7761252607.18424,NA,NA,NA,2025-06-05
LV,LVA,Latvia,1999,7324192889.74297,NA,NA,NA,2025-06-05
LV,LVA,Latvia,1998,6974112951.26891,NA,NA,NA,2025-06-05
LV,LVA,Latvia,1997,6349481006.53278,NA,NA,NA,2025-06-05
LV,LVA,Latvia,1996,5799465288.41246,NA,NA,NA,2025-06-05
LV,LVA,Latvia,1995,5608208784.9401,NA,NA,NA,2025-06-05
LV,LVA,Latvia,1994,NA,NA,NA,NA,2025-06-05
LV,LVA,Latvia,1993,NA,NA,NA,NA,2025-06-05
LV,LVA,Latvia,1992,NA,NA,NA,NA,2025-06-05
LV,LVA,Latvia,1991,NA,NA,NA,NA,2025-06-05
LV,LVA,Latvia,1990,NA,NA,NA,NA,2025-06-05
LV,LVA,Latvia,1989,NA,NA,NA,NA,2025-06-05
LV,LVA,Latvia,1988,NA,NA,NA,NA,2025-06-05
LV,LVA,Latvia,1987,NA,NA,NA,NA,2025-06-05
LV,LVA,Latvia,1986,NA,NA,NA,NA,2025-06-05
LV,LVA,Latvia,1985,NA,NA,NA,NA,2025-06-05
LV,LVA,Latvia,1984,NA,NA,NA,NA,2025-06-05
LV,LVA,Latvia,1983,NA,NA,NA,NA,2025-06-05
LV,LVA,Latvia,1982,NA,NA,NA,NA,2025-06-05
LV,LVA,Latvia,1981,NA,NA,NA,NA,2025-06-05
LV,LVA,Latvia,1980,NA,NA,NA,NA,2025-06-05
LV,LVA,Latvia,1979,NA,NA,NA,NA,2025-06-05
LV,LVA,Latvia,1978,NA,NA,NA,NA,2025-06-05
LV,LVA,Latvia,1977,NA,NA,NA,NA,2025-06-05
LV,LVA,Latvia,1976,NA,NA,NA,NA,2025-06-05
LV,LVA,Latvia,1975,NA,NA,NA,NA,2025-06-05
LV,LVA,Latvia,1974,NA,NA,NA,NA,2025-06-05
LV,LVA,Latvia,1973,NA,NA,NA,NA,2025-06-05
LV,LVA,Latvia,1972,NA,NA,NA,NA,2025-06-05
LV,LVA,Latvia,1971,NA,NA,NA,NA,2025-06-05
LV,LVA,Latvia,1970,NA,NA,NA,NA,2025-06-05
LV,LVA,Latvia,1969,NA,NA,NA,NA,2025-06-05
LV,LVA,Latvia,1968,NA,NA,NA,NA,2025-06-05
LV,LVA,Latvia,1967,NA,NA,NA,NA,2025-06-05
LV,LVA,Latvia,1966,NA,NA,NA,NA,2025-06-05
LV,LVA,Latvia,1965,NA,NA,NA,NA,2025-06-05
LV,LVA,Latvia,1964,NA,NA,NA,NA,2025-06-05
LV,LVA,Latvia,1963,NA,NA,NA,NA,2025-06-05
LV,LVA,Latvia,1962,NA,NA,NA,NA,2025-06-05
LV,LVA,Latvia,1961,NA,NA,NA,NA,2025-06-05
LV,LVA,Latvia,1960,NA,NA,NA,NA,2025-06-05
LB,LBN,Lebanon,2024,NA,NA,NA,NA,2025-06-05
LB,LBN,Lebanon,2023,NA,NA,NA,NA,2025-06-05
LB,LBN,Lebanon,2022,20992421948.8081,NA,NA,NA,2025-06-05
LB,LBN,Lebanon,2021,23131941556.7843,NA,NA,NA,2025-06-05
LB,LBN,Lebanon,2020,31712128253.7961,NA,NA,NA,2025-06-05
LB,LBN,Lebanon,2019,51605959131.2741,NA,NA,NA,2025-06-05
LB,LBN,Lebanon,2018,54901519155.5556,NA,NA,NA,2025-06-05
LB,LBN,Lebanon,2017,53027680685.9038,NA,NA,NA,2025-06-05
LB,LBN,Lebanon,2016,51147308774.1294,NA,NA,NA,2025-06-05
LB,LBN,Lebanon,2015,49929337836.8159,NA,NA,NA,2025-06-05
LB,LBN,Lebanon,2014,48095213746.6003,NA,NA,NA,2025-06-05
LB,LBN,Lebanon,2013,46880103080.597,NA,NA,NA,2025-06-05
LB,LBN,Lebanon,2012,44016799515.7546,NA,NA,NA,2025-06-05
LB,LBN,Lebanon,2011,39927125961.5257,NA,NA,NA,2025-06-05
LB,LBN,Lebanon,2010,38443907042.1227,NA,NA,NA,2025-06-05
LB,LBN,Lebanon,2009,35399582928.6899,NA,NA,NA,2025-06-05
LB,LBN,Lebanon,2008,29118916105.4726,NA,NA,NA,2025-06-05
LB,LBN,Lebanon,2007,24827355014.9254,NA,NA,NA,2025-06-05
LB,LBN,Lebanon,2006,22022709851.4096,NA,NA,NA,2025-06-05
LB,LBN,Lebanon,2005,21497336498.8391,NA,NA,NA,2025-06-05
LB,LBN,Lebanon,2004,21159827992.0398,NA,NA,NA,2025-06-05
LB,LBN,Lebanon,2003,20082918739.6352,NA,NA,NA,2025-06-05
LB,LBN,Lebanon,2002,19152238805.9701,NA,NA,NA,2025-06-05
LB,LBN,Lebanon,2001,17649751243.7811,NA,NA,NA,2025-06-05
LB,LBN,Lebanon,2000,17260364842.4544,NA,NA,NA,2025-06-05
LB,LBN,Lebanon,1999,17391056369.2265,NA,NA,NA,2025-06-05
LB,LBN,Lebanon,1998,17247179005.5219,NA,NA,NA,2025-06-05
LB,LBN,Lebanon,1997,15751867489.4446,NA,NA,NA,2025-06-05
LB,LBN,Lebanon,1996,13690217333.5879,NA,NA,NA,2025-06-05
LB,LBN,Lebanon,1995,11718795528.5556,NA,NA,NA,2025-06-05
LB,LBN,Lebanon,1994,9599127050.17558,NA,NA,NA,2025-06-05
LB,LBN,Lebanon,1993,7941744492.23595,NA,NA,NA,2025-06-05
LB,LBN,Lebanon,1992,5843579160.90122,NA,NA,NA,2025-06-05
LB,LBN,Lebanon,1991,4690415092.53663,NA,NA,NA,2025-06-05
LB,LBN,Lebanon,1990,2838485353.96187,NA,NA,NA,2025-06-05
LB,LBN,Lebanon,1989,2717998687.71002,NA,NA,NA,2025-06-05
LB,LBN,Lebanon,1988,3313540067.93246,NA,NA,NA,2025-06-05
LB,LBN,Lebanon,1987,NA,NA,NA,NA,2025-06-05
LB,LBN,Lebanon,1986,NA,NA,NA,NA,2025-06-05
LB,LBN,Lebanon,1985,NA,NA,NA,NA,2025-06-05
LB,LBN,Lebanon,1984,NA,NA,NA,NA,2025-06-05
LB,LBN,Lebanon,1983,NA,NA,NA,NA,2025-06-05
LB,LBN,Lebanon,1982,NA,NA,NA,NA,2025-06-05
LB,LBN,Lebanon,1981,NA,NA,NA,NA,2025-06-05
LB,LBN,Lebanon,1980,NA,NA,NA,NA,2025-06-05
LB,LBN,Lebanon,1979,NA,NA,NA,NA,2025-06-05
LB,LBN,Lebanon,1978,NA,NA,NA,NA,2025-06-05
LB,LBN,Lebanon,1977,NA,NA,NA,NA,2025-06-05
LB,LBN,Lebanon,1976,NA,NA,NA,NA,2025-06-05
LB,LBN,Lebanon,1975,NA,NA,NA,NA,2025-06-05
LB,LBN,Lebanon,1974,NA,NA,NA,NA,2025-06-05
LB,LBN,Lebanon,1973,NA,NA,NA,NA,2025-06-05
LB,LBN,Lebanon,1972,NA,NA,NA,NA,2025-06-05
LB,LBN,Lebanon,1971,NA,NA,NA,NA,2025-06-05
LB,LBN,Lebanon,1970,NA,NA,NA,NA,2025-06-05
LB,LBN,Lebanon,1969,NA,NA,NA,NA,2025-06-05
LB,LBN,Lebanon,1968,NA,NA,NA,NA,2025-06-05
LB,LBN,Lebanon,1967,NA,NA,NA,NA,2025-06-05
LB,LBN,Lebanon,1966,NA,NA,NA,NA,2025-06-05
LB,LBN,Lebanon,1965,NA,NA,NA,NA,2025-06-05
LB,LBN,Lebanon,1964,NA,NA,NA,NA,2025-06-05
LB,LBN,Lebanon,1963,NA,NA,NA,NA,2025-06-05
LB,LBN,Lebanon,1962,NA,NA,NA,NA,2025-06-05
LB,LBN,Lebanon,1961,NA,NA,NA,NA,2025-06-05
LB,LBN,Lebanon,1960,NA,NA,NA,NA,2025-06-05
LS,LSO,Lesotho,2024,NA,NA,NA,NA,2025-06-05
LS,LSO,Lesotho,2023,2117962450.79469,NA,NA,NA,2025-06-05
LS,LSO,Lesotho,2022,2354683088.71995,NA,NA,NA,2025-06-05
LS,LSO,Lesotho,2021,2412130056.55851,NA,NA,NA,2025-06-05
LS,LSO,Lesotho,2020,2053699870.07191,NA,NA,NA,2025-06-05
LS,LSO,Lesotho,2019,2390702295.82777,NA,NA,NA,2025-06-05
LS,LSO,Lesotho,2018,2556247291.99785,NA,NA,NA,2025-06-05
LS,LSO,Lesotho,2017,2306741672.29006,NA,NA,NA,2025-06-05
LS,LSO,Lesotho,2016,2114426452.2019,NA,NA,NA,2025-06-05
LS,LSO,Lesotho,2015,2359686724.53829,NA,NA,NA,2025-06-05
LS,LSO,Lesotho,2014,2441063054.05792,NA,NA,NA,2025-06-05
LS,LSO,Lesotho,2013,2367112931.642,NA,NA,NA,2025-06-05
LS,LSO,Lesotho,2012,2477702216.26888,NA,NA,NA,2025-06-05
LS,LSO,Lesotho,2011,2579409619.96722,NA,NA,NA,2025-06-05
LS,LSO,Lesotho,2010,2234754241.91918,NA,NA,NA,2025-06-05
LS,LSO,Lesotho,2009,1740894964.80511,NA,NA,NA,2025-06-05
LS,LSO,Lesotho,2008,1766902709.19935,NA,NA,NA,2025-06-05
LS,LSO,Lesotho,2007,1682131784.51365,NA,NA,NA,2025-06-05
LS,LSO,Lesotho,2006,1800092563.75462,NA,NA,NA,2025-06-05
LS,LSO,Lesotho,2005,1682343527.49221,NA,NA,NA,2025-06-05
LS,LSO,Lesotho,2004,1511236655.52047,NA,NA,NA,2025-06-05
LS,LSO,Lesotho,2003,1157825434.78971,NA,NA,NA,2025-06-05
LS,LSO,Lesotho,2002,775777238.55814,NA,NA,NA,2025-06-05
LS,LSO,Lesotho,2001,825706961.238689,NA,NA,NA,2025-06-05
LS,LSO,Lesotho,2000,887291687.920796,NA,NA,NA,2025-06-05
LS,LSO,Lesotho,1999,912773681.050642,NA,NA,NA,2025-06-05
LS,LSO,Lesotho,1998,928460893.108965,NA,NA,NA,2025-06-05
LS,LSO,Lesotho,1997,998004258.715675,NA,NA,NA,2025-06-05
LS,LSO,Lesotho,1996,946112492.844847,NA,NA,NA,2025-06-05
LS,LSO,Lesotho,1995,1001894000.27846,NA,NA,NA,2025-06-05
LS,LSO,Lesotho,1994,878250945.280469,NA,NA,NA,2025-06-05
LS,LSO,Lesotho,1993,835582062.476169,NA,NA,NA,2025-06-05
LS,LSO,Lesotho,1992,831029861.704746,NA,NA,NA,2025-06-05
LS,LSO,Lesotho,1991,704325366.718393,NA,NA,NA,2025-06-05
LS,LSO,Lesotho,1990,596410263.743849,NA,NA,NA,2025-06-05
LS,LSO,Lesotho,1989,495409232.627579,NA,NA,NA,2025-06-05
LS,LSO,Lesotho,1988,470395800.600668,NA,NA,NA,2025-06-05
LS,LSO,Lesotho,1987,402768324.481971,NA,NA,NA,2025-06-05
LS,LSO,Lesotho,1986,318858422.989262,NA,NA,NA,2025-06-05
LS,LSO,Lesotho,1985,268629925.852805,NA,NA,NA,2025-06-05
LS,LSO,Lesotho,1984,333163670.280225,NA,NA,NA,2025-06-05
LS,LSO,Lesotho,1983,386699308.859169,NA,NA,NA,2025-06-05
LS,LSO,Lesotho,1982,348741683.673845,NA,NA,NA,2025-06-05
LS,LSO,Lesotho,1981,434188034.188034,NA,NA,NA,2025-06-05
LS,LSO,Lesotho,1980,431542536.663782,NA,NA,NA,2025-06-05
LS,LSO,Lesotho,1979,290134592.523007,NA,NA,NA,2025-06-05
LS,LSO,Lesotho,1978,266570066.642517,NA,NA,NA,2025-06-05
LS,LSO,Lesotho,1977,193315048.328762,NA,NA,NA,2025-06-05
LS,LSO,Lesotho,1976,147660036.915009,NA,NA,NA,2025-06-05
LS,LSO,Lesotho,1975,149558895.914581,NA,NA,NA,2025-06-05
LS,LSO,Lesotho,1974,150851316.52727,NA,NA,NA,2025-06-05
LS,LSO,Lesotho,1973,121188715.759865,NA,NA,NA,2025-06-05
LS,LSO,Lesotho,1972,80913200.4292822,NA,NA,NA,2025-06-05
LS,LSO,Lesotho,1971,76480285.0044113,NA,NA,NA,2025-06-05
LS,LSO,Lesotho,1970,68739972.504011,NA,NA,NA,2025-06-05
LS,LSO,Lesotho,1969,65967973.6128106,NA,NA,NA,2025-06-05
LS,LSO,Lesotho,1968,61445975.4216098,NA,NA,NA,2025-06-05
LS,LSO,Lesotho,1967,59261976.2952095,NA,NA,NA,2025-06-05
LS,LSO,Lesotho,1966,56699977.3200091,NA,NA,NA,2025-06-05
LS,LSO,Lesotho,1965,54879978.0480088,NA,NA,NA,2025-06-05
LS,LSO,Lesotho,1964,51939979.2240083,NA,NA,NA,2025-06-05
LS,LSO,Lesotho,1963,47039981.1840075,NA,NA,NA,2025-06-05
LS,LSO,Lesotho,1962,41859983.2560067,NA,NA,NA,2025-06-05
LS,LSO,Lesotho,1961,35699985.7200057,NA,NA,NA,2025-06-05
LS,LSO,Lesotho,1960,34579986.168005504,NA,NA,NA,2025-06-05
LR,LBR,Liberia,2024,NA,NA,NA,NA,2025-06-05
LR,LBR,Liberia,2023,4240000000,NA,NA,NA,2025-06-05
LR,LBR,Liberia,2022,4001047000,NA,NA,NA,2025-06-05
LR,LBR,Liberia,2021,3513049500,NA,NA,NA,2025-06-05
LR,LBR,Liberia,2020,3176126300,NA,NA,NA,2025-06-05
LR,LBR,Liberia,2019,3319596500,NA,NA,NA,2025-06-05
LR,LBR,Liberia,2018,3422754800,NA,NA,NA,2025-06-05
LR,LBR,Liberia,2017,3390703400,NA,NA,NA,2025-06-05
LR,LBR,Liberia,2016,3398419600,NA,NA,NA,2025-06-05
LR,LBR,Liberia,2015,3227075700,NA,NA,NA,2025-06-05
LR,LBR,Liberia,2014,3225652000,NA,NA,NA,2025-06-05
LR,LBR,Liberia,2013,3177198100,NA,NA,NA,2025-06-05
LR,LBR,Liberia,2012,2791614000,NA,NA,NA,2025-06-05
LR,LBR,Liberia,2011,2398000000,NA,NA,NA,2025-06-05
LR,LBR,Liberia,2010,1998000000,NA,NA,NA,2025-06-05
LR,LBR,Liberia,2009,1768000000,NA,NA,NA,2025-06-05
LR,LBR,Liberia,2008,1726000000,NA,NA,NA,2025-06-05
LR,LBR,Liberia,2007,1373000000,NA,NA,NA,2025-06-05
LR,LBR,Liberia,2006,1119000000,NA,NA,NA,2025-06-05
LR,LBR,Liberia,2005,949000000,NA,NA,NA,2025-06-05
LR,LBR,Liberia,2004,897000000,NA,NA,NA,2025-06-05
LR,LBR,Liberia,2003,748000000,NA,NA,NA,2025-06-05
LR,LBR,Liberia,2002,927000000,NA,NA,NA,2025-06-05
LR,LBR,Liberia,2001,906000000,NA,NA,NA,2025-06-05
LR,LBR,Liberia,2000,874000000,NA,NA,NA,2025-06-05
LR,LBR,Liberia,1999,441800000,NA,NA,NA,2025-06-05
LR,LBR,Liberia,1998,359600000,NA,NA,NA,2025-06-05
LR,LBR,Liberia,1997,295900000,NA,NA,NA,2025-06-05
LR,LBR,Liberia,1996,159400000,NA,NA,NA,2025-06-05
LR,LBR,Liberia,1995,134800000,NA,NA,NA,2025-06-05
LR,LBR,Liberia,1994,132200000,NA,NA,NA,2025-06-05
LR,LBR,Liberia,1993,160400000,NA,NA,NA,2025-06-05
LR,LBR,Liberia,1992,223500000,NA,NA,NA,2025-06-05
LR,LBR,Liberia,1991,348000000,NA,NA,NA,2025-06-05
LR,LBR,Liberia,1990,384400000,NA,NA,NA,2025-06-05
LR,LBR,Liberia,1989,786300000,NA,NA,NA,2025-06-05
LR,LBR,Liberia,1988,1038300000,NA,NA,NA,2025-06-05
LR,LBR,Liberia,1987,972800000,NA,NA,NA,2025-06-05
LR,LBR,Liberia,1986,840964400,NA,NA,NA,2025-06-05
LR,LBR,Liberia,1985,851296100,NA,NA,NA,2025-06-05
LR,LBR,Liberia,1984,848478300,NA,NA,NA,2025-06-05
LR,LBR,Liberia,1983,823374900,NA,NA,NA,2025-06-05
LR,LBR,Liberia,1982,863933200,NA,NA,NA,2025-06-05
LR,LBR,Liberia,1981,846514500,NA,NA,NA,2025-06-05
LR,LBR,Liberia,1980,854711500,NA,NA,NA,2025-06-05
LR,LBR,Liberia,1979,814067900,NA,NA,NA,2025-06-05
LR,LBR,Liberia,1978,717240400,NA,NA,NA,2025-06-05
LR,LBR,Liberia,1977,673010600,NA,NA,NA,2025-06-05
LR,LBR,Liberia,1976,596675700,NA,NA,NA,2025-06-05
LR,LBR,Liberia,1975,577549300,NA,NA,NA,2025-06-05
LR,LBR,Liberia,1974,486955000,NA,NA,NA,2025-06-05
LR,LBR,Liberia,1973,386968300,NA,NA,NA,2025-06-05
LR,LBR,Liberia,1972,368098000,NA,NA,NA,2025-06-05
LR,LBR,Liberia,1971,341543100,NA,NA,NA,2025-06-05
LR,LBR,Liberia,1970,323099700,NA,NA,NA,2025-06-05
LR,LBR,Liberia,1969,306961800,NA,NA,NA,2025-06-05
LR,LBR,Liberia,1968,276820700,NA,NA,NA,2025-06-05
LR,LBR,Liberia,1967,261024300,NA,NA,NA,2025-06-05
LR,LBR,Liberia,1966,244459500,NA,NA,NA,2025-06-05
LR,LBR,Liberia,1965,229260800,NA,NA,NA,2025-06-05
LR,LBR,Liberia,1964,218929100,NA,NA,NA,2025-06-05
LR,LBR,Liberia,1963,200229600,NA,NA,NA,2025-06-05
LR,LBR,Liberia,1962,191861800,NA,NA,NA,2025-06-05
LR,LBR,Liberia,1961,183920900,NA,NA,NA,2025-06-05
LR,LBR,Liberia,1960,190495600,NA,NA,NA,2025-06-05
LY,LBY,Libya,2024,NA,NA,NA,NA,2025-06-05
LY,LBY,Libya,2023,45096462972.4014,NA,NA,NA,2025-06-05
LY,LBY,Libya,2022,43246297921.8499,NA,NA,NA,2025-06-05
LY,LBY,Libya,2021,35217995647.2862,NA,NA,NA,2025-06-05
LY,LBY,Libya,2020,46854285440.642,NA,NA,NA,2025-06-05
LY,LBY,Libya,2019,69254496471.6938,NA,NA,NA,2025-06-05
LY,LBY,Libya,2018,76686029772.1483,NA,NA,NA,2025-06-05
LY,LBY,Libya,2017,67157452181.7738,NA,NA,NA,2025-06-05
LY,LBY,Libya,2016,49912073701.298,NA,NA,NA,2025-06-05
LY,LBY,Libya,2015,48717501321.3052,NA,NA,NA,2025-06-05
LY,LBY,Libya,2014,57372355592.022,NA,NA,NA,2025-06-05
LY,LBY,Libya,2013,75351107029.0605,NA,NA,NA,2025-06-05
LY,LBY,Libya,2012,92540938129.1315,NA,NA,NA,2025-06-05
LY,LBY,Libya,2011,48169263294.1007,NA,NA,NA,2025-06-05
LY,LBY,Libya,2010,75380825062.4216,NA,NA,NA,2025-06-05
LY,LBY,Libya,2009,60808562033.4191,NA,NA,NA,2025-06-05
LY,LBY,Libya,2008,86710767415.1371,NA,NA,NA,2025-06-05
LY,LBY,Libya,2007,68032978390.6007,NA,NA,NA,2025-06-05
LY,LBY,Libya,2006,60094231606.642,NA,NA,NA,2025-06-05
LY,LBY,Libya,2005,47334691241.4924,NA,NA,NA,2025-06-05
LY,LBY,Libya,2004,33122307692.3077,NA,NA,NA,2025-06-05
LY,LBY,Libya,2003,26265625000,NA,NA,NA,2025-06-05
LY,LBY,Libya,2002,20481889763.7795,NA,NA,NA,2025-06-05
LY,LBY,Libya,2001,34112093927.254,NA,NA,NA,2025-06-05
LY,LBY,Libya,2000,38270954138.1128,NA,NA,NA,2025-06-05
LY,LBY,Libya,1999,35975860857.1164,NA,NA,NA,2025-06-05
LY,LBY,Libya,1998,27251301398.2813,NA,NA,NA,2025-06-05
LY,LBY,Libya,1997,30700897874.8704,NA,NA,NA,2025-06-05
LY,LBY,Libya,1996,27884615384.6154,NA,NA,NA,2025-06-05
LY,LBY,Libya,1995,25541379186.6458,NA,NA,NA,2025-06-05
LY,LBY,Libya,1994,28610549763.4685,NA,NA,NA,2025-06-05
LY,LBY,Libya,1993,30660051910.5037,NA,NA,NA,2025-06-05
LY,LBY,Libya,1992,33887047909.2746,NA,NA,NA,2025-06-05
LY,LBY,Libya,1991,31991821264.7118,NA,NA,NA,2025-06-05
LY,LBY,Libya,1990,28904183602.4818,NA,NA,NA,2025-06-05
LY,LBY,Libya,1989,25156707899.1462,NA,NA,NA,2025-06-05
LY,LBY,Libya,1988,24308959591.195,NA,NA,NA,2025-06-05
LY,LBY,Libya,1987,26697659334.6911,NA,NA,NA,2025-06-05
LY,LBY,Libya,1986,24180400959.4288,NA,NA,NA,2025-06-05
LY,LBY,Libya,1985,31530566324.273,NA,NA,NA,2025-06-05
LY,LBY,Libya,1984,29476109152.7531,NA,NA,NA,2025-06-05
LY,LBY,Libya,1983,33200520139.9749,NA,NA,NA,2025-06-05
LY,LBY,Libya,1982,33760146990.5726,NA,NA,NA,2025-06-05
LY,LBY,Libya,1981,36374353880.3994,NA,NA,NA,2025-06-05
LY,LBY,Libya,1980,40953924948.7419,NA,NA,NA,2025-06-05
LY,LBY,Libya,1979,30536429496.9448,NA,NA,NA,2025-06-05
LY,LBY,Libya,1978,22136422643.3959,NA,NA,NA,2025-06-05
LY,LBY,Libya,1977,22428297107.5929,NA,NA,NA,2025-06-05
LY,LBY,Libya,1976,19096943016.5748,NA,NA,NA,2025-06-05
LY,LBY,Libya,1975,14710912457.6509,NA,NA,NA,2025-06-05
LY,LBY,Libya,1974,15112543717.1298,NA,NA,NA,2025-06-05
LY,LBY,Libya,1973,8625889429.58277,NA,NA,NA,2025-06-05
LY,LBY,Libya,1972,6299395543.96301,NA,NA,NA,2025-06-05
LY,LBY,Libya,1971,5260185125.41886,NA,NA,NA,2025-06-05
LY,LBY,Libya,1970,4601649451.34022,NA,NA,NA,2025-06-05
LY,LBY,Libya,1969,4380987481.20501,NA,NA,NA,2025-06-05
LY,LBY,Libya,1968,3850623094.95076,NA,NA,NA,2025-06-05
LY,LBY,Libya,1967,2726986912.80523,NA,NA,NA,2025-06-05
LY,LBY,Libya,1966,2312438535.82459,NA,NA,NA,2025-06-05
LY,LBY,Libya,1965,1804979680.40813,NA,NA,NA,2025-06-05
LY,LBY,Libya,1964,1341395421.44183,NA,NA,NA,2025-06-05
LY,LBY,Libya,1963,892327910.668836,NA,NA,NA,2025-06-05
LY,LBY,Libya,1962,619725784.909686,NA,NA,NA,2025-06-05
LY,LBY,Libya,1961,443905612.037755,NA,NA,NA,2025-06-05
LY,LBY,Libya,1960,401644248.9423,NA,NA,NA,2025-06-05
LI,LIE,Liechtenstein,2024,NA,NA,NA,NA,2025-06-05
LI,LIE,Liechtenstein,2023,NA,NA,NA,NA,2025-06-05
LI,LIE,Liechtenstein,2022,7361504432.19331,NA,NA,NA,2025-06-05
LI,LIE,Liechtenstein,2021,7710380085.92257,NA,NA,NA,2025-06-05
LI,LIE,Liechtenstein,2020,6405870210.32293,NA,NA,NA,2025-06-05
LI,LIE,Liechtenstein,2019,6436467007.11932,NA,NA,NA,2025-06-05
LI,LIE,Liechtenstein,2018,6692620691.84146,NA,NA,NA,2025-06-05
LI,LIE,Liechtenstein,2017,6474308717.85289,NA,NA,NA,2025-06-05
LI,LIE,Liechtenstein,2016,6237302033.50132,NA,NA,NA,2025-06-05
LI,LIE,Liechtenstein,2015,6268515276.17441,NA,NA,NA,2025-06-05
LI,LIE,Liechtenstein,2014,6657526979.72277,NA,NA,NA,2025-06-05
LI,LIE,Liechtenstein,2013,6391708310.67727,NA,NA,NA,2025-06-05
LI,LIE,Liechtenstein,2012,5456102482.28614,NA,NA,NA,2025-06-05
LI,LIE,Liechtenstein,2011,5739706004.89616,NA,NA,NA,2025-06-05
LI,LIE,Liechtenstein,2010,5082337238.44718,NA,NA,NA,2025-06-05
LI,LIE,Liechtenstein,2009,4504375348.07038,NA,NA,NA,2025-06-05
LI,LIE,Liechtenstein,2008,5081479840.08716,NA,NA,NA,2025-06-05
LI,LIE,Liechtenstein,2007,4601429897.21468,NA,NA,NA,2025-06-05
LI,LIE,Liechtenstein,2006,4000102086.14635,NA,NA,NA,2025-06-05
LI,LIE,Liechtenstein,2005,3659319116.88057,NA,NA,NA,2025-06-05
LI,LIE,Liechtenstein,2004,3454373797.74442,NA,NA,NA,2025-06-05
LI,LIE,Liechtenstein,2003,3070803051.42164,NA,NA,NA,2025-06-05
LI,LIE,Liechtenstein,2002,2688618747.38148,NA,NA,NA,2025-06-05
LI,LIE,Liechtenstein,2001,2491800558.77674,NA,NA,NA,2025-06-05
LI,LIE,Liechtenstein,2000,2483889858.32312,NA,NA,NA,2025-06-05
LI,LIE,Liechtenstein,1999,2664105901.18863,NA,NA,NA,2025-06-05
LI,LIE,Liechtenstein,1998,2479699106.02264,NA,NA,NA,2025-06-05
LI,LIE,Liechtenstein,1997,2298389802.88883,NA,NA,NA,2025-06-05
LI,LIE,Liechtenstein,1996,2504012993.42238,NA,NA,NA,2025-06-05
LI,LIE,Liechtenstein,1995,2428525060.69927,NA,NA,NA,2025-06-05
LI,LIE,Liechtenstein,1994,1948129622.75132,NA,NA,NA,2025-06-05
LI,LIE,Liechtenstein,1993,1673085244.6879,NA,NA,NA,2025-06-05
LI,LIE,Liechtenstein,1992,1631177029.45063,NA,NA,NA,2025-06-05
LI,LIE,Liechtenstein,1991,1484160302.14952,NA,NA,NA,2025-06-05
LI,LIE,Liechtenstein,1990,1421509216.37424,NA,NA,NA,2025-06-05
LI,LIE,Liechtenstein,1989,1119983801.21338,NA,NA,NA,2025-06-05
LI,LIE,Liechtenstein,1988,1161757671.01756,NA,NA,NA,2025-06-05
LI,LIE,Liechtenstein,1987,1052848995.97101,NA,NA,NA,2025-06-05
LI,LIE,Liechtenstein,1986,779357802.50006,NA,NA,NA,2025-06-05
LI,LIE,Liechtenstein,1985,529073612.453579,NA,NA,NA,2025-06-05
LI,LIE,Liechtenstein,1984,502620991.852944,NA,NA,NA,2025-06-05
LI,LIE,Liechtenstein,1983,524023624.89055,NA,NA,NA,2025-06-05
LI,LIE,Liechtenstein,1982,522096760.291094,NA,NA,NA,2025-06-05
LI,LIE,Liechtenstein,1981,511647750.124475,NA,NA,NA,2025-06-05
LI,LIE,Liechtenstein,1980,534699362.896161,NA,NA,NA,2025-06-05
LI,LIE,Liechtenstein,1979,503173104.391887,NA,NA,NA,2025-06-05
LI,LIE,Liechtenstein,1978,436912067.784287,NA,NA,NA,2025-06-05
LI,LIE,Liechtenstein,1977,303493119.480763,NA,NA,NA,2025-06-05
LI,LIE,Liechtenstein,1976,272489300.467827,NA,NA,NA,2025-06-05
LI,LIE,Liechtenstein,1975,246389101.853613,NA,NA,NA,2025-06-05
LI,LIE,Liechtenstein,1974,193980464.882101,NA,NA,NA,2025-06-05
LI,LIE,Liechtenstein,1973,165928881.55552,NA,NA,NA,2025-06-05
LI,LIE,Liechtenstein,1972,124940289.32382,NA,NA,NA,2025-06-05
LI,LIE,Liechtenstein,1971,104889795.333846,NA,NA,NA,2025-06-05
LI,LIE,Liechtenstein,1970,90099360.8433666,NA,NA,NA,2025-06-05
LI,LIE,Liechtenstein,1969,NA,NA,NA,NA,2025-06-05
LI,LIE,Liechtenstein,1968,NA,NA,NA,NA,2025-06-05
LI,LIE,Liechtenstein,1967,NA,NA,NA,NA,2025-06-05
LI,LIE,Liechtenstein,1966,NA,NA,NA,NA,2025-06-05
LI,LIE,Liechtenstein,1965,NA,NA,NA,NA,2025-06-05
LI,LIE,Liechtenstein,1964,NA,NA,NA,NA,2025-06-05
LI,LIE,Liechtenstein,1963,NA,NA,NA,NA,2025-06-05
LI,LIE,Liechtenstein,1962,NA,NA,NA,NA,2025-06-05
LI,LIE,Liechtenstein,1961,NA,NA,NA,NA,2025-06-05
LI,LIE,Liechtenstein,1960,NA,NA,NA,NA,2025-06-05
LT,LTU,Lithuania,2024,NA,NA,NA,NA,2025-06-05
LT,LTU,Lithuania,2023,79789877416.1681,NA,NA,NA,2025-06-05
LT,LTU,Lithuania,2022,71033884499.7824,NA,NA,NA,2025-06-05
LT,LTU,Lithuania,2021,67037321008.9679,NA,NA,NA,2025-06-05
LT,LTU,Lithuania,2020,57412038533.2718,NA,NA,NA,2025-06-05
LT,LTU,Lithuania,2019,55122066225.796,NA,NA,NA,2025-06-05
LT,LTU,Lithuania,2018,54261795148.5372,NA,NA,NA,2025-06-05
LT,LTU,Lithuania,2017,47756764508.446,NA,NA,NA,2025-06-05
LT,LTU,Lithuania,2016,42970749245.0336,NA,NA,NA,2025-06-05
LT,LTU,Lithuania,2015,41540954817.2039,NA,NA,NA,2025-06-05
LT,LTU,Lithuania,2014,48306546656.9281,NA,NA,NA,2025-06-05
LT,LTU,Lithuania,2013,46303660422.0434,NA,NA,NA,2025-06-05
LT,LTU,Lithuania,2012,42709372066.8627,NA,NA,NA,2025-06-05
LT,LTU,Lithuania,2011,43186501862.7907,NA,NA,NA,2025-06-05
LT,LTU,Lithuania,2010,36638128534.0643,NA,NA,NA,2025-06-05
LT,LTU,Lithuania,2009,37494380038.9213,NA,NA,NA,2025-06-05
LT,LTU,Lithuania,2008,47831254207.5223,NA,NA,NA,2025-06-05
LT,LTU,Lithuania,2007,39729151614.6689,NA,NA,NA,2025-06-05
LT,LTU,Lithuania,2006,30116192746.8942,NA,NA,NA,2025-06-05
LT,LTU,Lithuania,2005,26105207115.3129,NA,NA,NA,2025-06-05
LT,LTU,Lithuania,2004,22743164431.1972,NA,NA,NA,2025-06-05
LT,LTU,Lithuania,2003,18809197969.5431,NA,NA,NA,2025-06-05
LT,LTU,Lithuania,2002,14282292664.6004,NA,NA,NA,2025-06-05
LT,LTU,Lithuania,2001,12260761329.3051,NA,NA,NA,2025-06-05
LT,LTU,Lithuania,2000,11550695727.2335,NA,NA,NA,2025-06-05
LT,LTU,Lithuania,1999,11022095813.552,NA,NA,NA,2025-06-05
LT,LTU,Lithuania,1998,11289161847.2162,NA,NA,NA,2025-06-05
LT,LTU,Lithuania,1997,10168271903.3233,NA,NA,NA,2025-06-05
LT,LTU,Lithuania,1996,8430207164.43677,NA,NA,NA,2025-06-05
LT,LTU,Lithuania,1995,7921210339.58439,NA,NA,NA,2025-06-05
LT,LTU,Lithuania,1994,NA,NA,NA,NA,2025-06-05
LT,LTU,Lithuania,1993,NA,NA,NA,NA,2025-06-05
LT,LTU,Lithuania,1992,NA,NA,NA,NA,2025-06-05
LT,LTU,Lithuania,1991,NA,NA,NA,NA,2025-06-05
LT,LTU,Lithuania,1990,NA,NA,NA,NA,2025-06-05
LT,LTU,Lithuania,1989,NA,NA,NA,NA,2025-06-05
LT,LTU,Lithuania,1988,NA,NA,NA,NA,2025-06-05
LT,LTU,Lithuania,1987,NA,NA,NA,NA,2025-06-05
LT,LTU,Lithuania,1986,NA,NA,NA,NA,2025-06-05
LT,LTU,Lithuania,1985,NA,NA,NA,NA,2025-06-05
LT,LTU,Lithuania,1984,NA,NA,NA,NA,2025-06-05
LT,LTU,Lithuania,1983,NA,NA,NA,NA,2025-06-05
LT,LTU,Lithuania,1982,NA,NA,NA,NA,2025-06-05
LT,LTU,Lithuania,1981,NA,NA,NA,NA,2025-06-05
LT,LTU,Lithuania,1980,NA,NA,NA,NA,2025-06-05
LT,LTU,Lithuania,1979,NA,NA,NA,NA,2025-06-05
LT,LTU,Lithuania,1978,NA,NA,NA,NA,2025-06-05
LT,LTU,Lithuania,1977,NA,NA,NA,NA,2025-06-05
LT,LTU,Lithuania,1976,NA,NA,NA,NA,2025-06-05
LT,LTU,Lithuania,1975,NA,NA,NA,NA,2025-06-05
LT,LTU,Lithuania,1974,NA,NA,NA,NA,2025-06-05
LT,LTU,Lithuania,1973,NA,NA,NA,NA,2025-06-05
LT,LTU,Lithuania,1972,NA,NA,NA,NA,2025-06-05
LT,LTU,Lithuania,1971,NA,NA,NA,NA,2025-06-05
LT,LTU,Lithuania,1970,NA,NA,NA,NA,2025-06-05
LT,LTU,Lithuania,1969,NA,NA,NA,NA,2025-06-05
LT,LTU,Lithuania,1968,NA,NA,NA,NA,2025-06-05
LT,LTU,Lithuania,1967,NA,NA,NA,NA,2025-06-05
LT,LTU,Lithuania,1966,NA,NA,NA,NA,2025-06-05
LT,LTU,Lithuania,1965,NA,NA,NA,NA,2025-06-05
LT,LTU,Lithuania,1964,NA,NA,NA,NA,2025-06-05
LT,LTU,Lithuania,1963,NA,NA,NA,NA,2025-06-05
LT,LTU,Lithuania,1962,NA,NA,NA,NA,2025-06-05
LT,LTU,Lithuania,1961,NA,NA,NA,NA,2025-06-05
LT,LTU,Lithuania,1960,NA,NA,NA,NA,2025-06-05
LU,LUX,Luxembourg,2024,NA,NA,NA,NA,2025-06-05
LU,LUX,Luxembourg,2023,85755006123.5976,NA,NA,NA,2025-06-05
LU,LUX,Luxembourg,2022,81641807865.7591,NA,NA,NA,2025-06-05
LU,LUX,Luxembourg,2021,85584105993.8746,NA,NA,NA,2025-06-05
LU,LUX,Luxembourg,2020,73699366700.2134,NA,NA,NA,2025-06-05
LU,LUX,Luxembourg,2019,69890505323.5842,NA,NA,NA,2025-06-05
LU,LUX,Luxembourg,2018,71000359760.4611,NA,NA,NA,2025-06-05
LU,LUX,Luxembourg,2017,65712180342.9836,NA,NA,NA,2025-06-05
LU,LUX,Luxembourg,2016,62216885435.9488,NA,NA,NA,2025-06-05
LU,LUX,Luxembourg,2015,60071584216.1375,NA,NA,NA,2025-06-05
LU,LUX,Luxembourg,2014,68804811897.6445,NA,NA,NA,2025-06-05
LU,LUX,Luxembourg,2013,65203276466.9763,NA,NA,NA,2025-06-05
LU,LUX,Luxembourg,2012,59776383527.3602,NA,NA,NA,2025-06-05
LU,LUX,Luxembourg,2011,61696281326.2453,NA,NA,NA,2025-06-05
LU,LUX,Luxembourg,2010,56213985987.4168,NA,NA,NA,2025-06-05
LU,LUX,Luxembourg,2009,54467289897.5582,NA,NA,NA,2025-06-05
LU,LUX,Luxembourg,2008,58844277701.5258,NA,NA,NA,2025-06-05
LU,LUX,Luxembourg,2007,51587401415.7872,NA,NA,NA,2025-06-05
LU,LUX,Luxembourg,2006,42910146296.0646,NA,NA,NA,2025-06-05
LU,LUX,Luxembourg,2005,37672280120.4794,NA,NA,NA,2025-06-05
LU,LUX,Luxembourg,2004,35064843792.8993,NA,NA,NA,2025-06-05
LU,LUX,Luxembourg,2003,29667268248.1305,NA,NA,NA,2025-06-05
LU,LUX,Luxembourg,2002,23649833332.1655,NA,NA,NA,2025-06-05
LU,LUX,Luxembourg,2001,21387533703.2327,NA,NA,NA,2025-06-05
LU,LUX,Luxembourg,2000,21230182989.3036,NA,NA,NA,2025-06-05
LU,LUX,Luxembourg,1999,21899317598.8414,NA,NA,NA,2025-06-05
LU,LUX,Luxembourg,1998,20150053345.1878,NA,NA,NA,2025-06-05
LU,LUX,Luxembourg,1997,19563836265.2233,NA,NA,NA,2025-06-05
LU,LUX,Luxembourg,1996,20895314657.9805,NA,NA,NA,2025-06-05
LU,LUX,Luxembourg,1995,20853093869.7318,NA,NA,NA,2025-06-05
LU,LUX,Luxembourg,1994,17701798890.7644,NA,NA,NA,2025-06-05
LU,LUX,Luxembourg,1993,15925521222.0149,NA,NA,NA,2025-06-05
LU,LUX,Luxembourg,1992,15518702634.8808,NA,NA,NA,2025-06-05
LU,LUX,Luxembourg,1991,13834219728.293,NA,NA,NA,2025-06-05
LU,LUX,Luxembourg,1990,12778792853.6939,NA,NA,NA,2025-06-05
LU,LUX,Luxembourg,1989,10037674037.674,NA,NA,NA,2025-06-05
LU,LUX,Luxembourg,1988,9418167855.18376,NA,NA,NA,2025-06-05
LU,LUX,Luxembourg,1987,8320902215.01891,NA,NA,NA,2025-06-05
LU,LUX,Luxembourg,1986,6685595087.59256,NA,NA,NA,2025-06-05
LU,LUX,Luxembourg,1985,4577211767.10374,NA,NA,NA,2025-06-05
LU,LUX,Luxembourg,1984,4438435492.87908,NA,NA,NA,2025-06-05
LU,LUX,Luxembourg,1983,4524217751.47929,NA,NA,NA,2025-06-05
LU,LUX,Luxembourg,1982,4602316793.21914,NA,NA,NA,2025-06-05
LU,LUX,Luxembourg,1981,5053665797.47936,NA,NA,NA,2025-06-05
LU,LUX,Luxembourg,1980,6019805490.41247,NA,NA,NA,2025-06-05
LU,LUX,Luxembourg,1979,5516982663.73143,NA,NA,NA,2025-06-05
LU,LUX,Luxembourg,1978,4718539771.99949,NA,NA,NA,2025-06-05
LU,LUX,Luxembourg,1977,3789321328.08104,NA,NA,NA,2025-06-05
LU,LUX,Luxembourg,1976,3423586206.89655,NA,NA,NA,2025-06-05
LU,LUX,Luxembourg,1975,3123333333.33333,NA,NA,NA,2025-06-05
LU,LUX,Luxembourg,1974,3183637116.81856,NA,NA,NA,2025-06-05
LU,LUX,Luxembourg,1973,2609875802.11136,NA,NA,NA,2025-06-05
LU,LUX,Luxembourg,1972,1901697369.62698,NA,NA,NA,2025-06-05
LU,LUX,Luxembourg,1971,1518773421.37846,NA,NA,NA,2025-06-05
LU,LUX,Luxembourg,1970,1457768455.02219,NA,NA,NA,2025-06-05
LU,LUX,Luxembourg,1969,1245432991.34271,NA,NA,NA,2025-06-05
LU,LUX,Luxembourg,1968,1075561622.81321,NA,NA,NA,2025-06-05
LU,LUX,Luxembourg,1967,983052314.930267,NA,NA,NA,2025-06-05
LU,LUX,Luxembourg,1966,976717015.461454,NA,NA,NA,2025-06-05
LU,LUX,Luxembourg,1965,929477284.788002,NA,NA,NA,2025-06-05
LU,LUX,Luxembourg,1964,910877686.268584,NA,NA,NA,2025-06-05
LU,LUX,Luxembourg,1963,797902154.238122,NA,NA,NA,2025-06-05
LU,LUX,Luxembourg,1962,747846862.209673,NA,NA,NA,2025-06-05
LU,LUX,Luxembourg,1961,710163719.406917,NA,NA,NA,2025-06-05
LU,LUX,Luxembourg,1960,709941874.044355,NA,NA,NA,2025-06-05
MO,MAC,"Macao SAR, China",2024,NA,NA,NA,NA,2025-06-05
MO,MAC,"Macao SAR, China",2023,45803067940.4072,NA,NA,NA,2025-06-05
MO,MAC,"Macao SAR, China",2022,24999113475.8368,NA,NA,NA,2025-06-05
MO,MAC,"Macao SAR, China",2021,30969334705.0515,NA,NA,NA,2025-06-05
MO,MAC,"Macao SAR, China",2020,25343525935.8358,NA,NA,NA,2025-06-05
MO,MAC,"Macao SAR, China",2019,55082293844.1008,NA,NA,NA,2025-06-05
MO,MAC,"Macao SAR, China",2018,55190661339.7796,NA,NA,NA,2025-06-05
MO,MAC,"Macao SAR, China",2017,50383871120.8733,NA,NA,NA,2025-06-05
MO,MAC,"Macao SAR, China",2016,45070808688.9611,NA,NA,NA,2025-06-05
MO,MAC,"Macao SAR, China",2015,45048190598.3249,NA,NA,NA,2025-06-05
MO,MAC,"Macao SAR, China",2014,54902831793.5018,NA,NA,NA,2025-06-05
MO,MAC,"Macao SAR, China",2013,51536595089.2793,NA,NA,NA,2025-06-05
MO,MAC,"Macao SAR, China",2012,43189721376.9846,NA,NA,NA,2025-06-05
MO,MAC,"Macao SAR, China",2011,36845888757.1886,NA,NA,NA,2025-06-05
MO,MAC,"Macao SAR, China",2010,28241798491.593,NA,NA,NA,2025-06-05
MO,MAC,"Macao SAR, China",2009,21587786905.8499,NA,NA,NA,2025-06-05
MO,MAC,"Macao SAR, China",2008,21027018332.6663,NA,NA,NA,2025-06-05
MO,MAC,"Macao SAR, China",2007,18439981612.4086,NA,NA,NA,2025-06-05
MO,MAC,"Macao SAR, China",2006,14874098691.9082,NA,NA,NA,2025-06-05
MO,MAC,"Macao SAR, China",2005,12160056122.3757,NA,NA,NA,2025-06-05
MO,MAC,"Macao SAR, China",2004,10643253553.184,NA,NA,NA,2025-06-05
MO,MAC,"Macao SAR, China",2003,8246479565.94248,NA,NA,NA,2025-06-05
MO,MAC,"Macao SAR, China",2002,7371692774.43404,NA,NA,NA,2025-06-05
MO,MAC,"Macao SAR, China",2001,6860272608.45211,NA,NA,NA,2025-06-05
MO,MAC,"Macao SAR, China",2000,6774193548.3871,NA,NA,NA,2025-06-05
MO,MAC,"Macao SAR, China",1999,6547670439.26,NA,NA,NA,2025-06-05
MO,MAC,"Macao SAR, China",1998,6797792190.19681,NA,NA,NA,2025-06-05
MO,MAC,"Macao SAR, China",1997,7267570892.70211,NA,NA,NA,2025-06-05
MO,MAC,"Macao SAR, China",1996,7176892950.39164,NA,NA,NA,2025-06-05
MO,MAC,"Macao SAR, China",1995,7046147736.91671,NA,NA,NA,2025-06-05
MO,MAC,"Macao SAR, China",1994,6311207779.92441,NA,NA,NA,2025-06-05
MO,MAC,"Macao SAR, China",1993,5665606114.80317,NA,NA,NA,2025-06-05
MO,MAC,"Macao SAR, China",1992,4914365189.04984,NA,NA,NA,2025-06-05
MO,MAC,"Macao SAR, China",1991,3765249711.09098,NA,NA,NA,2025-06-05
MO,MAC,"Macao SAR, China",1990,3246481233.24397,NA,NA,NA,2025-06-05
MO,MAC,"Macao SAR, China",1989,2705665492.01675,NA,NA,NA,2025-06-05
MO,MAC,"Macao SAR, China",1988,2288761822.51257,NA,NA,NA,2025-06-05
MO,MAC,"Macao SAR, China",1987,1957724829.35921,NA,NA,NA,2025-06-05
MO,MAC,"Macao SAR, China",1986,1532105070.18581,NA,NA,NA,2025-06-05
MO,MAC,"Macao SAR, China",1985,1362072159.94515,NA,NA,NA,2025-06-05
MO,MAC,"Macao SAR, China",1984,1304361353.27024,NA,NA,NA,2025-06-05
MO,MAC,"Macao SAR, China",1983,1133013235.10045,NA,NA,NA,2025-06-05
MO,MAC,"Macao SAR, China",1982,1142497718.77916,NA,NA,NA,2025-06-05
MO,MAC,"Macao SAR, China",1981,NA,NA,NA,NA,2025-06-05
MO,MAC,"Macao SAR, China",1980,NA,NA,NA,NA,2025-06-05
MO,MAC,"Macao SAR, China",1979,NA,NA,NA,NA,2025-06-05
MO,MAC,"Macao SAR, China",1978,NA,NA,NA,NA,2025-06-05
MO,MAC,"Macao SAR, China",1977,NA,NA,NA,NA,2025-06-05
MO,MAC,"Macao SAR, China",1976,NA,NA,NA,NA,2025-06-05
MO,MAC,"Macao SAR, China",1975,NA,NA,NA,NA,2025-06-05
MO,MAC,"Macao SAR, China",1974,NA,NA,NA,NA,2025-06-05
MO,MAC,"Macao SAR, China",1973,NA,NA,NA,NA,2025-06-05
MO,MAC,"Macao SAR, China",1972,NA,NA,NA,NA,2025-06-05
MO,MAC,"Macao SAR, China",1971,NA,NA,NA,NA,2025-06-05
MO,MAC,"Macao SAR, China",1970,NA,NA,NA,NA,2025-06-05
MO,MAC,"Macao SAR, China",1969,NA,NA,NA,NA,2025-06-05
MO,MAC,"Macao SAR, China",1968,NA,NA,NA,NA,2025-06-05
MO,MAC,"Macao SAR, China",1967,NA,NA,NA,NA,2025-06-05
MO,MAC,"Macao SAR, China",1966,NA,NA,NA,NA,2025-06-05
MO,MAC,"Macao SAR, China",1965,NA,NA,NA,NA,2025-06-05
MO,MAC,"Macao SAR, China",1964,NA,NA,NA,NA,2025-06-05
MO,MAC,"Macao SAR, China",1963,NA,NA,NA,NA,2025-06-05
MO,MAC,"Macao SAR, China",1962,NA,NA,NA,NA,2025-06-05
MO,MAC,"Macao SAR, China",1961,NA,NA,NA,NA,2025-06-05
MO,MAC,"Macao SAR, China",1960,NA,NA,NA,NA,2025-06-05
MG,MDG,Madagascar,2024,NA,NA,NA,NA,2025-06-05
MG,MDG,Madagascar,2023,15790113246.7478,NA,NA,NA,2025-06-05
MG,MDG,Madagascar,2022,15134700203.0497,NA,NA,NA,2025-06-05
MG,MDG,Madagascar,2021,14554754116.5427,NA,NA,NA,2025-06-05
MG,MDG,Madagascar,2020,13051441203.9474,NA,NA,NA,2025-06-05
MG,MDG,Madagascar,2019,14104664678.5063,NA,NA,NA,2025-06-05
MG,MDG,Madagascar,2018,13760033282.2925,NA,NA,NA,2025-06-05
MG,MDG,Madagascar,2017,13176313593.5509,NA,NA,NA,2025-06-05
MG,MDG,Madagascar,2016,11848613858.442,NA,NA,NA,2025-06-05
MG,MDG,Madagascar,2015,11323020701.3017,NA,NA,NA,2025-06-05
MG,MDG,Madagascar,2014,12522957399.2281,NA,NA,NA,2025-06-05
MG,MDG,Madagascar,2013,12423555455.3853,NA,NA,NA,2025-06-05
MG,MDG,Madagascar,2012,11578975061.9479,NA,NA,NA,2025-06-05
MG,MDG,Madagascar,2011,11551819617.874,NA,NA,NA,2025-06-05
MG,MDG,Madagascar,2010,9982711338.07029,NA,NA,NA,2025-06-05
MG,MDG,Madagascar,2009,9616879409.43789,NA,NA,NA,2025-06-05
MG,MDG,Madagascar,2008,10725137723.6549,NA,NA,NA,2025-06-05
MG,MDG,Madagascar,2007,8524620889.57747,NA,NA,NA,2025-06-05
MG,MDG,Madagascar,2006,6395712490.94304,NA,NA,NA,2025-06-05
MG,MDG,Madagascar,2005,5859269752.61332,NA,NA,NA,2025-06-05
MG,MDG,Madagascar,2004,5064732626.29389,NA,NA,NA,2025-06-05
MG,MDG,Madagascar,2003,6372498889.66585,NA,NA,NA,2025-06-05
MG,MDG,Madagascar,2002,5351701663.40807,NA,NA,NA,2025-06-05
MG,MDG,Madagascar,2001,5438332601.90798,NA,NA,NA,2025-06-05
MG,MDG,Madagascar,2000,4629247203.84524,NA,NA,NA,2025-06-05
MG,MDG,Madagascar,1999,4277903780.29131,NA,NA,NA,2025-06-05
MG,MDG,Madagascar,1998,4401967632.73718,NA,NA,NA,2025-06-05
MG,MDG,Madagascar,1997,4262965419.74998,NA,NA,NA,2025-06-05
MG,MDG,Madagascar,1996,4931861038.70763,NA,NA,NA,2025-06-05
MG,MDG,Madagascar,1995,3838100903.74974,NA,NA,NA,2025-06-05
MG,MDG,Madagascar,1994,3522227092.22839,NA,NA,NA,2025-06-05
MG,MDG,Madagascar,1993,4063298919.2868,NA,NA,NA,2025-06-05
MG,MDG,Madagascar,1992,3714966678.33381,NA,NA,NA,2025-06-05
MG,MDG,Madagascar,1991,3254713056.02171,NA,NA,NA,2025-06-05
MG,MDG,Madagascar,1990,3931334875.01376,NA,NA,NA,2025-06-05
MG,MDG,Madagascar,1989,3175638332.64471,NA,NA,NA,2025-06-05
MG,MDG,Madagascar,1988,3189456965.0482,NA,NA,NA,2025-06-05
MG,MDG,Madagascar,1987,3212900555.8091,NA,NA,NA,2025-06-05
MG,MDG,Madagascar,1986,4347989788.09257,NA,NA,NA,2025-06-05
MG,MDG,Madagascar,1985,3802557894.8719,NA,NA,NA,2025-06-05
MG,MDG,Madagascar,1984,3905938480.86119,NA,NA,NA,2025-06-05
MG,MDG,Madagascar,1983,4686457031.2269,NA,NA,NA,2025-06-05
MG,MDG,Madagascar,1982,4784977325.95803,NA,NA,NA,2025-06-05
MG,MDG,Madagascar,1981,4759333998.36746,NA,NA,NA,2025-06-05
MG,MDG,Madagascar,1980,5201818347.79882,NA,NA,NA,2025-06-05
MG,MDG,Madagascar,1979,3463565853.81023,NA,NA,NA,2025-06-05
MG,MDG,Madagascar,1978,2669755115.10935,NA,NA,NA,2025-06-05
MG,MDG,Madagascar,1977,2358930406.0689,NA,NA,NA,2025-06-05
MG,MDG,Madagascar,1976,2181844178.5534,NA,NA,NA,2025-06-05
MG,MDG,Madagascar,1975,2283049215.35339,NA,NA,NA,2025-06-05
MG,MDG,Madagascar,1974,1917508190.04689,NA,NA,NA,2025-06-05
MG,MDG,Madagascar,1973,1653062335.00286,NA,NA,NA,2025-06-05
MG,MDG,Madagascar,1972,1341590690.41365,NA,NA,NA,2025-06-05
MG,MDG,Madagascar,1971,1199507631.07603,NA,NA,NA,2025-06-05
MG,MDG,Madagascar,1970,1111859570.88252,NA,NA,NA,2025-06-05
MG,MDG,Madagascar,1969,1056391055.59617,NA,NA,NA,2025-06-05
MG,MDG,Madagascar,1968,1031669637.39553,NA,NA,NA,2025-06-05
MG,MDG,Madagascar,1967,956436932.101291,NA,NA,NA,2025-06-05
MG,MDG,Madagascar,1966,900264584.590829,NA,NA,NA,2025-06-05
MG,MDG,Madagascar,1965,833563472.9981,NA,NA,NA,2025-06-05
MG,MDG,Madagascar,1964,802482183.728778,NA,NA,NA,2025-06-05
MG,MDG,Madagascar,1963,759345863.732667,NA,NA,NA,2025-06-05
MG,MDG,Madagascar,1962,739286907.592778,NA,NA,NA,2025-06-05
MG,MDG,Madagascar,1961,699161944.558097,NA,NA,NA,2025-06-05
MG,MDG,Madagascar,1960,673081724.751168,NA,NA,NA,2025-06-05
MW,MWI,Malawi,2024,NA,NA,NA,NA,2025-06-05
MW,MWI,Malawi,2023,12712150082.0792,NA,NA,NA,2025-06-05
MW,MWI,Malawi,2022,12429060150.742,NA,NA,NA,2025-06-05
MW,MWI,Malawi,2021,12378129750.9872,NA,NA,NA,2025-06-05
MW,MWI,Malawi,2020,11769313597.8545,NA,NA,NA,2025-06-05
MW,MWI,Malawi,2019,11051865579.8121,NA,NA,NA,2025-06-05
MW,MWI,Malawi,2018,9879231591.52434,NA,NA,NA,2025-06-05
MW,MWI,Malawi,2017,8943543793.5839,NA,NA,NA,2025-06-05
MW,MWI,Malawi,2016,7909868618.46366,NA,NA,NA,2025-06-05
MW,MWI,Malawi,2015,9219474379.31534,NA,NA,NA,2025-06-05
MW,MWI,Malawi,2014,8801326169.14547,NA,NA,NA,2025-06-05
MW,MWI,Malawi,2013,8031571927.62055,NA,NA,NA,2025-06-05
MW,MWI,Malawi,2012,8773203178.16512,NA,NA,NA,2025-06-05
MW,MWI,Malawi,2011,11648142958.3651,NA,NA,NA,2025-06-05
MW,MWI,Malawi,2010,10128323010.6049,NA,NA,NA,2025-06-05
MW,MWI,Malawi,2009,9009887946.82039,NA,NA,NA,2025-06-05
MW,MWI,Malawi,2008,7743617352.21427,NA,NA,NA,2025-06-05
MW,MWI,Malawi,2007,6451210219.11683,NA,NA,NA,2025-06-05
MW,MWI,Malawi,2006,5818279739.14354,NA,NA,NA,2025-06-05
MW,MWI,Malawi,2005,5320409651.47544,NA,NA,NA,2025-06-05
MW,MWI,Malawi,2004,5058726350.48896,NA,NA,NA,2025-06-05
MW,MWI,Malawi,2003,4669789300.35662,NA,NA,NA,2025-06-05
MW,MWI,Malawi,2002,5087328437.8737,NA,NA,NA,2025-06-05
MW,MWI,Malawi,2001,2498008664.6691,NA,NA,NA,2025-06-05
MW,MWI,Malawi,2000,2537307580.32808,NA,NA,NA,2025-06-05
MW,MWI,Malawi,1999,2584478924.06081,NA,NA,NA,2025-06-05
MW,MWI,Malawi,1998,2547609590.06984,NA,NA,NA,2025-06-05
MW,MWI,Malawi,1997,3875785863.38323,NA,NA,NA,2025-06-05
MW,MWI,Malawi,1996,3319573749.6119,NA,NA,NA,2025-06-05
MW,MWI,Malawi,1995,2033701497.97085,NA,NA,NA,2025-06-05
MW,MWI,Malawi,1994,1719864761.30628,NA,NA,NA,2025-06-05
MW,MWI,Malawi,1993,3013392657.99911,NA,NA,NA,2025-06-05
MW,MWI,Malawi,1992,2618837835.02508,NA,NA,NA,2025-06-05
MW,MWI,Malawi,1991,3206783830.41779,NA,NA,NA,2025-06-05
MW,MWI,Malawi,1990,2737087861.62245,NA,NA,NA,2025-06-05
MW,MWI,Malawi,1989,2314205129.58032,NA,NA,NA,2025-06-05
MW,MWI,Malawi,1988,2008189508.37875,NA,NA,NA,2025-06-05
MW,MWI,Malawi,1987,1721711808.48111,NA,NA,NA,2025-06-05
MW,MWI,Malawi,1986,1722586299.409,NA,NA,NA,2025-06-05
MW,MWI,Malawi,1985,1646442272.89094,NA,NA,NA,2025-06-05
MW,MWI,Malawi,1984,1758028656.12928,NA,NA,NA,2025-06-05
MW,MWI,Malawi,1983,1780148049.43635,NA,NA,NA,2025-06-05
MW,MWI,Malawi,1982,1717379494.63245,NA,NA,NA,2025-06-05
MW,MWI,Malawi,1981,1801193909.52073,NA,NA,NA,2025-06-05
MW,MWI,Malawi,1980,1801156774.56852,NA,NA,NA,2025-06-05
MW,MWI,Malawi,1979,NA,NA,NA,NA,2025-06-05
MW,MWI,Malawi,1978,NA,NA,NA,NA,2025-06-05
MW,MWI,Malawi,1977,NA,NA,NA,NA,2025-06-05
MW,MWI,Malawi,1976,NA,NA,NA,NA,2025-06-05
MW,MWI,Malawi,1975,NA,NA,NA,NA,2025-06-05
MW,MWI,Malawi,1974,NA,NA,NA,NA,2025-06-05
MW,MWI,Malawi,1973,NA,NA,NA,NA,2025-06-05
MW,MWI,Malawi,1972,NA,NA,NA,NA,2025-06-05
MW,MWI,Malawi,1971,NA,NA,NA,NA,2025-06-05
MW,MWI,Malawi,1970,NA,NA,NA,NA,2025-06-05
MW,MWI,Malawi,1969,NA,NA,NA,NA,2025-06-05
MW,MWI,Malawi,1968,NA,NA,NA,NA,2025-06-05
MW,MWI,Malawi,1967,NA,NA,NA,NA,2025-06-05
MW,MWI,Malawi,1966,NA,NA,NA,NA,2025-06-05
MW,MWI,Malawi,1965,NA,NA,NA,NA,2025-06-05
MW,MWI,Malawi,1964,NA,NA,NA,NA,2025-06-05
MW,MWI,Malawi,1963,NA,NA,NA,NA,2025-06-05
MW,MWI,Malawi,1962,NA,NA,NA,NA,2025-06-05
MW,MWI,Malawi,1961,NA,NA,NA,NA,2025-06-05
MW,MWI,Malawi,1960,NA,NA,NA,NA,2025-06-05
MY,MYS,Malaysia,2024,NA,NA,NA,NA,2025-06-05
MY,MYS,Malaysia,2023,399705169318.477,NA,NA,NA,2025-06-05
MY,MYS,Malaysia,2022,407605841348.235,NA,NA,NA,2025-06-05
MY,MYS,Malaysia,2021,373784823672.946,NA,NA,NA,2025-06-05
MY,MYS,Malaysia,2020,337456163961.211,NA,NA,NA,2025-06-05
MY,MYS,Malaysia,2019,365177721021.516,NA,NA,NA,2025-06-05
MY,MYS,Malaysia,2018,358788845712.53,NA,NA,NA,2025-06-05
MY,MYS,Malaysia,2017,319109094160.343,NA,NA,NA,2025-06-05
MY,MYS,Malaysia,2016,301256033870.334,NA,NA,NA,2025-06-05
MY,MYS,Malaysia,2015,301355266964.947,NA,NA,NA,2025-06-05
MY,MYS,Malaysia,2014,338066095097.254,NA,NA,NA,2025-06-05
MY,MYS,Malaysia,2013,323276235524.415,NA,NA,NA,2025-06-05
MY,MYS,Malaysia,2012,314443047642.111,NA,NA,NA,2025-06-05
MY,MYS,Malaysia,2011,297951668674.835,NA,NA,NA,2025-06-05
MY,MYS,Malaysia,2010,255017638455.59,NA,NA,NA,2025-06-05
MY,MYS,Malaysia,2009,202257453036.641,NA,NA,NA,2025-06-05
MY,MYS,Malaysia,2008,230811614370.384,NA,NA,NA,2025-06-05
MY,MYS,Malaysia,2007,193549569477.733,NA,NA,NA,2025-06-05
MY,MYS,Malaysia,2006,162692258307.056,NA,NA,NA,2025-06-05
MY,MYS,Malaysia,2005,143534405818.501,NA,NA,NA,2025-06-05
MY,MYS,Malaysia,2004,124749473684.211,NA,NA,NA,2025-06-05
MY,MYS,Malaysia,2003,110202368421.053,NA,NA,NA,2025-06-05
MY,MYS,Malaysia,2002,100845526315.789,NA,NA,NA,2025-06-05
MY,MYS,Malaysia,2001,92783947368.4211,NA,NA,NA,2025-06-05
MY,MYS,Malaysia,2000,93789736842.1053,NA,NA,NA,2025-06-05
MY,MYS,Malaysia,1999,79148421052.6316,NA,NA,NA,2025-06-05
MY,MYS,Malaysia,1998,72167498980.8398,NA,NA,NA,2025-06-05
MY,MYS,Malaysia,1997,100005323301.867,NA,NA,NA,2025-06-05
MY,MYS,Malaysia,1996,100855393910.486,NA,NA,NA,2025-06-05
MY,MYS,Malaysia,1995,88705342902.7113,NA,NA,NA,2025-06-05
MY,MYS,Malaysia,1994,74478356957.7808,NA,NA,NA,2025-06-05
MY,MYS,Malaysia,1993,66894966968.9736,NA,NA,NA,2025-06-05
MY,MYS,Malaysia,1992,59167550162.956,NA,NA,NA,2025-06-05
MY,MYS,Malaysia,1991,49143148094.2683,NA,NA,NA,2025-06-05
MY,MYS,Malaysia,1990,44024585239.6137,NA,NA,NA,2025-06-05
MY,MYS,Malaysia,1989,38847965292.9185,NA,NA,NA,2025-06-05
MY,MYS,Malaysia,1988,35272109220.1988,NA,NA,NA,2025-06-05
MY,MYS,Malaysia,1987,32181210157.9671,NA,NA,NA,2025-06-05
MY,MYS,Malaysia,1986,27734111399.7525,NA,NA,NA,2025-06-05
MY,MYS,Malaysia,1985,31199633352.9598,NA,NA,NA,2025-06-05
MY,MYS,Malaysia,1984,33942897422.0465,NA,NA,NA,2025-06-05
MY,MYS,Malaysia,1983,30347442110.9316,NA,NA,NA,2025-06-05
MY,MYS,Malaysia,1982,26804493635.3297,NA,NA,NA,2025-06-05
MY,MYS,Malaysia,1981,25004285791.7865,NA,NA,NA,2025-06-05
MY,MYS,Malaysia,1980,24488224677.2105,NA,NA,NA,2025-06-05
MY,MYS,Malaysia,1979,21213264962.0141,NA,NA,NA,2025-06-05
MY,MYS,Malaysia,1978,16358079862.1096,NA,NA,NA,2025-06-05
MY,MYS,Malaysia,1977,13139488632.5546,NA,NA,NA,2025-06-05
MY,MYS,Malaysia,1976,11050234598.6249,NA,NA,NA,2025-06-05
MY,MYS,Malaysia,1975,9298800799.46702,NA,NA,NA,2025-06-05
MY,MYS,Malaysia,1974,9496204301.74981,NA,NA,NA,2025-06-05
MY,MYS,Malaysia,1973,7662902677.9027,NA,NA,NA,2025-06-05
MY,MYS,Malaysia,1972,5043347250.41815,NA,NA,NA,2025-06-05
MY,MYS,Malaysia,1971,4244395955.78358,NA,NA,NA,2025-06-05
MY,MYS,Malaysia,1970,3864145667.41365,NA,NA,NA,2025-06-05
MY,MYS,Malaysia,1969,3664552041.34299,NA,NA,NA,2025-06-05
MY,MYS,Malaysia,1968,3330371551.21161,NA,NA,NA,2025-06-05
MY,MYS,Malaysia,1967,3188924677.08953,NA,NA,NA,2025-06-05
MY,MYS,Malaysia,1966,3143517943.82632,NA,NA,NA,2025-06-05
MY,MYS,Malaysia,1965,2956337669.29525,NA,NA,NA,2025-06-05
MY,MYS,Malaysia,1964,2674423922.48842,NA,NA,NA,2025-06-05
MY,MYS,Malaysia,1963,2510110348.16184,NA,NA,NA,2025-06-05
MY,MYS,Malaysia,1962,2001489602.18475,NA,NA,NA,2025-06-05
MY,MYS,Malaysia,1961,1901856122.72231,NA,NA,NA,2025-06-05
MY,MYS,Malaysia,1960,1916229477.13657,NA,NA,NA,2025-06-05
MV,MDV,Maldives,2024,NA,NA,NA,NA,2025-06-05
MV,MDV,Maldives,2023,6590894301.9579,NA,NA,NA,2025-06-05
MV,MDV,Maldives,2022,6177118113.94637,NA,NA,NA,2025-06-05
MV,MDV,Maldives,2021,5252457369.55218,NA,NA,NA,2025-06-05
MV,MDV,Maldives,2020,3712604583.36665,NA,NA,NA,2025-06-05
MV,MDV,Maldives,2019,5726094799.37709,NA,NA,NA,2025-06-05
MV,MDV,Maldives,2018,5404344162.69888,NA,NA,NA,2025-06-05
MV,MDV,Maldives,2017,4816426256.52914,NA,NA,NA,2025-06-05
MV,MDV,Maldives,2016,4409942623.85538,NA,NA,NA,2025-06-05
MV,MDV,Maldives,2015,4129505319.12921,NA,NA,NA,2025-06-05
MV,MDV,Maldives,2014,3697353039.20043,NA,NA,NA,2025-06-05
MV,MDV,Maldives,2013,3295009237.50107,NA,NA,NA,2025-06-05
MV,MDV,Maldives,2012,2886163997.20531,NA,NA,NA,2025-06-05
MV,MDV,Maldives,2011,2774350240.04918,NA,NA,NA,2025-06-05
MV,MDV,Maldives,2010,2588176054.6875,NA,NA,NA,2025-06-05
MV,MDV,Maldives,2009,2345294875,NA,NA,NA,2025-06-05
MV,MDV,Maldives,2008,2271646187.5,NA,NA,NA,2025-06-05
MV,MDV,Maldives,2007,1868383460.9375,NA,NA,NA,2025-06-05
MV,MDV,Maldives,2006,1575200390.625,NA,NA,NA,2025-06-05
MV,MDV,Maldives,2005,1163362437.5,NA,NA,NA,2025-06-05
MV,MDV,Maldives,2004,1226829562.5,NA,NA,NA,2025-06-05
MV,MDV,Maldives,2003,1052121054.6875,NA,NA,NA,2025-06-05
MV,MDV,Maldives,2002,897031250,NA,NA,NA,2025-06-05
MV,MDV,Maldives,2001,870031676.798793,NA,NA,NA,2025-06-05
MV,MDV,Maldives,2000,624337145.284622,NA,NA,NA,2025-06-05
MV,MDV,Maldives,1999,589239753.610875,NA,NA,NA,2025-06-05
MV,MDV,Maldives,1998,540096397.621071,NA,NA,NA,2025-06-05
MV,MDV,Maldives,1997,508223602.378929,NA,NA,NA,2025-06-05
MV,MDV,Maldives,1996,450382327.952421,NA,NA,NA,2025-06-05
MV,MDV,Maldives,1995,398988954.970263,NA,NA,NA,2025-06-05
MV,MDV,Maldives,1994,356014932.136461,NA,NA,NA,2025-06-05
MV,MDV,Maldives,1993,322417837.161971,NA,NA,NA,2025-06-05
MV,MDV,Maldives,1992,284875809.039634,NA,NA,NA,2025-06-05
MV,MDV,Maldives,1991,244396761.92334,NA,NA,NA,2025-06-05
MV,MDV,Maldives,1990,215043969.849246,NA,NA,NA,2025-06-05
MV,MDV,Maldives,1989,189514434.244,NA,NA,NA,2025-06-05
MV,MDV,Maldives,1988,168514513.375071,NA,NA,NA,2025-06-05
MV,MDV,Maldives,1987,141223029.383064,NA,NA,NA,2025-06-05
MV,MDV,Maldives,1986,141882254.230178,NA,NA,NA,2025-06-05
MV,MDV,Maldives,1985,127190757.959989,NA,NA,NA,2025-06-05
MV,MDV,Maldives,1984,109503546.099291,NA,NA,NA,2025-06-05
MV,MDV,Maldives,1983,57829787.2340426,NA,NA,NA,2025-06-05
MV,MDV,Maldives,1982,47911340.1834794,NA,NA,NA,2025-06-05
MV,MDV,Maldives,1981,44781456.9536424,NA,NA,NA,2025-06-05
MV,MDV,Maldives,1980,42463576.1589404,NA,NA,NA,2025-06-05
MV,MDV,Maldives,1979,38523364.4859813,NA,NA,NA,2025-06-05
MV,MDV,Maldives,1978,24369109.1415831,NA,NA,NA,2025-06-05
MV,MDV,Maldives,1977,20853788.7115165,NA,NA,NA,2025-06-05
MV,MDV,Maldives,1976,22399467.1052632,NA,NA,NA,2025-06-05
MV,MDV,Maldives,1975,24540877.6041667,NA,NA,NA,2025-06-05
MV,MDV,Maldives,1974,39120171.2468193,NA,NA,NA,2025-06-05
MV,MDV,Maldives,1973,30862041.60401,NA,NA,NA,2025-06-05
MV,MDV,Maldives,1972,25177137.5286041,NA,NA,NA,2025-06-05
MV,MDV,Maldives,1971,21566404.0169133,NA,NA,NA,2025-06-05
MV,MDV,Maldives,1970,19328038.3157895,NA,NA,NA,2025-06-05
MV,MDV,Maldives,1969,NA,NA,NA,NA,2025-06-05
MV,MDV,Maldives,1968,NA,NA,NA,NA,2025-06-05
MV,MDV,Maldives,1967,NA,NA,NA,NA,2025-06-05
MV,MDV,Maldives,1966,NA,NA,NA,NA,2025-06-05
MV,MDV,Maldives,1965,NA,NA,NA,NA,2025-06-05
MV,MDV,Maldives,1964,NA,NA,NA,NA,2025-06-05
MV,MDV,Maldives,1963,NA,NA,NA,NA,2025-06-05
MV,MDV,Maldives,1962,NA,NA,NA,NA,2025-06-05
MV,MDV,Maldives,1961,NA,NA,NA,NA,2025-06-05
MV,MDV,Maldives,1960,NA,NA,NA,NA,2025-06-05
ML,MLI,Mali,2024,NA,NA,NA,NA,2025-06-05
ML,MLI,Mali,2023,20661794596.0873,NA,NA,NA,2025-06-05
ML,MLI,Mali,2022,18780322203.7584,NA,NA,NA,2025-06-05
ML,MLI,Mali,2021,19309463508.0377,NA,NA,NA,2025-06-05
ML,MLI,Mali,2020,17465392764.3706,NA,NA,NA,2025-06-05
ML,MLI,Mali,2019,17280250810.0321,NA,NA,NA,2025-06-05
ML,MLI,Mali,2018,17070867589.9055,NA,NA,NA,2025-06-05
ML,MLI,Mali,2017,15365713048.1993,NA,NA,NA,2025-06-05
ML,MLI,Mali,2016,14026048335.7047,NA,NA,NA,2025-06-05
ML,MLI,Mali,2015,13104764378.326,NA,NA,NA,2025-06-05
ML,MLI,Mali,2014,14364937124.0727,NA,NA,NA,2025-06-05
ML,MLI,Mali,2013,13242690786.0938,NA,NA,NA,2025-06-05
ML,MLI,Mali,2012,12442035339.1049,NA,NA,NA,2025-06-05
ML,MLI,Mali,2011,12995112690.2596,NA,NA,NA,2025-06-05
ML,MLI,Mali,2010,10689168016.2613,NA,NA,NA,2025-06-05
ML,MLI,Mali,2009,10231962390.2119,NA,NA,NA,2025-06-05
ML,MLI,Mali,2008,9838403100.50554,NA,NA,NA,2025-06-05
ML,MLI,Mali,2007,8156468826.12645,NA,NA,NA,2025-06-05
ML,MLI,Mali,2006,6905934217.90901,NA,NA,NA,2025-06-05
ML,MLI,Mali,2005,6247515888.14533,NA,NA,NA,2025-06-05
ML,MLI,Mali,2004,5454249125.72966,NA,NA,NA,2025-06-05
ML,MLI,Mali,2003,4714071979.68835,NA,NA,NA,2025-06-05
ML,MLI,Mali,2002,3908121307.01957,NA,NA,NA,2025-06-05
ML,MLI,Mali,2001,3468337942.32063,NA,NA,NA,2025-06-05
ML,MLI,Mali,2000,2961484953.86444,NA,NA,NA,2025-06-05
ML,MLI,Mali,1999,3440724709.59258,NA,NA,NA,2025-06-05
ML,MLI,Mali,1998,2920358710.50646,NA,NA,NA,2025-06-05
ML,MLI,Mali,1997,2697105823.4661,NA,NA,NA,2025-06-05
ML,MLI,Mali,1996,2780422049.21204,NA,NA,NA,2025-06-05
ML,MLI,Mali,1995,2706425157.39397,NA,NA,NA,2025-06-05
ML,MLI,Mali,1994,2081846497.74648,NA,NA,NA,2025-06-05
ML,MLI,Mali,1993,2818281085.08646,NA,NA,NA,2025-06-05
ML,MLI,Mali,1992,2830673378.13006,NA,NA,NA,2025-06-05
ML,MLI,Mali,1991,2724131458.26216,NA,NA,NA,2025-06-05
ML,MLI,Mali,1990,2681912148.69842,NA,NA,NA,2025-06-05
ML,MLI,Mali,1989,2181821909.27892,NA,NA,NA,2025-06-05
ML,MLI,Mali,1988,2169040603.19394,NA,NA,NA,2025-06-05
ML,MLI,Mali,1987,2090629986.97643,NA,NA,NA,2025-06-05
ML,MLI,Mali,1986,1852163453.15326,NA,NA,NA,2025-06-05
ML,MLI,Mali,1985,1392196047.99695,NA,NA,NA,2025-06-05
ML,MLI,Mali,1984,1232932104.07276,NA,NA,NA,2025-06-05
ML,MLI,Mali,1983,1297765325.90273,NA,NA,NA,2025-06-05
ML,MLI,Mali,1982,1333754224.99949,NA,NA,NA,2025-06-05
ML,MLI,Mali,1981,1538972424.36635,NA,NA,NA,2025-06-05
ML,MLI,Mali,1980,1759691186.39993,NA,NA,NA,2025-06-05
ML,MLI,Mali,1979,1595422955.64433,NA,NA,NA,2025-06-05
ML,MLI,Mali,1978,1222702572.84699,NA,NA,NA,2025-06-05
ML,MLI,Mali,1977,1049838548.10919,NA,NA,NA,2025-06-05
ML,MLI,Mali,1976,939228017.24779,NA,NA,NA,2025-06-05
ML,MLI,Mali,1975,830710615.179954,NA,NA,NA,2025-06-05
ML,MLI,Mali,1974,538747339.956033,NA,NA,NA,2025-06-05
ML,MLI,Mali,1973,563683703.304705,NA,NA,NA,2025-06-05
ML,MLI,Mali,1972,486617280.255549,NA,NA,NA,2025-06-05
ML,MLI,Mali,1971,395218628.920694,NA,NA,NA,2025-06-05
ML,MLI,Mali,1970,359772315.102198,NA,NA,NA,2025-06-05
ML,MLI,Mali,1969,339913867.092785,NA,NA,NA,2025-06-05
ML,MLI,Mali,1968,343771972.993855,NA,NA,NA,2025-06-05
ML,MLI,Mali,1967,275494477.586098,NA,NA,NA,2025-06-05
ML,MLI,Mali,1966,NA,NA,NA,NA,2025-06-05
ML,MLI,Mali,1965,NA,NA,NA,NA,2025-06-05
ML,MLI,Mali,1964,NA,NA,NA,NA,2025-06-05
ML,MLI,Mali,1963,NA,NA,NA,NA,2025-06-05
ML,MLI,Mali,1962,NA,NA,NA,NA,2025-06-05
ML,MLI,Mali,1961,NA,NA,NA,NA,2025-06-05
ML,MLI,Mali,1960,NA,NA,NA,NA,2025-06-05
MT,MLT,Malta,2024,NA,NA,NA,NA,2025-06-05
MT,MLT,Malta,2023,22328640241.5553,NA,NA,NA,2025-06-05
MT,MLT,Malta,2022,19209979975.2323,NA,NA,NA,2025-06-05
MT,MLT,Malta,2021,19718565605.433,NA,NA,NA,2025-06-05
MT,MLT,Malta,2020,16385919535.6742,NA,NA,NA,2025-06-05
MT,MLT,Malta,2019,16337793530.7788,NA,NA,NA,2025-06-05
MT,MLT,Malta,2018,16153779511.1559,NA,NA,NA,2025-06-05
MT,MLT,Malta,2017,14161366723.6779,NA,NA,NA,2025-06-05
MT,MLT,Malta,2016,12025782834.3596,NA,NA,NA,2025-06-05
MT,MLT,Malta,2015,11340795041.8065,NA,NA,NA,2025-06-05
MT,MLT,Malta,2014,11888032872.432,NA,NA,NA,2025-06-05
MT,MLT,Malta,2013,10796782637.51,NA,NA,NA,2025-06-05
MT,MLT,Malta,2012,9609532088.88683,NA,NA,NA,2025-06-05
MT,MLT,Malta,2011,9789361703.69731,NA,NA,NA,2025-06-05
MT,MLT,Malta,2010,9097044160.9473,NA,NA,NA,2025-06-05
MT,MLT,Malta,2009,8734741331.60386,NA,NA,NA,2025-06-05
MT,MLT,Malta,2008,9135423330.20251,NA,NA,NA,2025-06-05
MT,MLT,Malta,2007,7908417717.40432,NA,NA,NA,2025-06-05
MT,MLT,Malta,2006,6749840217.6947,NA,NA,NA,2025-06-05
MT,MLT,Malta,2005,6393234993.5333,NA,NA,NA,2025-06-05
MT,MLT,Malta,2004,6104139672.8194,NA,NA,NA,2025-06-05
MT,MLT,Malta,2003,5418313424.45366,NA,NA,NA,2025-06-05
MT,MLT,Malta,2002,4455128822.74822,NA,NA,NA,2025-06-05
MT,MLT,Malta,2001,4070867701.80867,NA,NA,NA,2025-06-05
MT,MLT,Malta,2000,4036810072.08739,NA,NA,NA,2025-06-05
MT,MLT,Malta,1999,4111890472.76062,NA,NA,NA,2025-06-05
MT,MLT,Malta,1998,4010090978.74385,NA,NA,NA,2025-06-05
MT,MLT,Malta,1997,3787069759.0365,NA,NA,NA,2025-06-05
MT,MLT,Malta,1996,3822488329.48903,NA,NA,NA,2025-06-05
MT,MLT,Malta,1995,3709361628.90737,NA,NA,NA,2025-06-05
MT,MLT,Malta,1994,2998504344.06831,NA,NA,NA,2025-06-05
MT,MLT,Malta,1993,2709194744.35593,NA,NA,NA,2025-06-05
MT,MLT,Malta,1992,3021944675.40788,NA,NA,NA,2025-06-05
MT,MLT,Malta,1991,2750214990.78865,NA,NA,NA,2025-06-05
MT,MLT,Malta,1990,2547330219.20136,NA,NA,NA,2025-06-05
MT,MLT,Malta,1989,2118655261.44752,NA,NA,NA,2025-06-05
MT,MLT,Malta,1988,2019503806.80456,NA,NA,NA,2025-06-05
MT,MLT,Malta,1987,1751293247.96064,NA,NA,NA,2025-06-05
MT,MLT,Malta,1986,1435038010.11259,NA,NA,NA,2025-06-05
MT,MLT,Malta,1985,1117797258.70192,NA,NA,NA,2025-06-05
MT,MLT,Malta,1984,1101807308.35861,NA,NA,NA,2025-06-05
MT,MLT,Malta,1983,1165730189.75039,NA,NA,NA,2025-06-05
MT,MLT,Malta,1982,1234474695.1709,NA,NA,NA,2025-06-05
MT,MLT,Malta,1981,1243509901.59105,NA,NA,NA,2025-06-05
MT,MLT,Malta,1980,1250199088.73142,NA,NA,NA,2025-06-05
MT,MLT,Malta,1979,1001288271.43496,NA,NA,NA,2025-06-05
MT,MLT,Malta,1978,793673682.273944,NA,NA,NA,2025-06-05
MT,MLT,Malta,1977,625563338.254707,NA,NA,NA,2025-06-05
MT,MLT,Malta,1976,527936936.221412,NA,NA,NA,2025-06-05
MT,MLT,Malta,1975,474618290.461173,NA,NA,NA,2025-06-05
MT,MLT,Malta,1974,376081234.160072,NA,NA,NA,2025-06-05
MT,MLT,Malta,1973,345616048.560497,NA,NA,NA,2025-06-05
MT,MLT,Malta,1972,295106782.887948,NA,NA,NA,2025-06-05
MT,MLT,Malta,1971,264578361.65285,NA,NA,NA,2025-06-05
MT,MLT,Malta,1970,250728789.959988,NA,NA,NA,2025-06-05
MT,MLT,Malta,1969,NA,NA,NA,NA,2025-06-05
MT,MLT,Malta,1968,NA,NA,NA,NA,2025-06-05
MT,MLT,Malta,1967,NA,NA,NA,NA,2025-06-05
MT,MLT,Malta,1966,NA,NA,NA,NA,2025-06-05
MT,MLT,Malta,1965,NA,NA,NA,NA,2025-06-05
MT,MLT,Malta,1964,NA,NA,NA,NA,2025-06-05
MT,MLT,Malta,1963,NA,NA,NA,NA,2025-06-05
MT,MLT,Malta,1962,NA,NA,NA,NA,2025-06-05
MT,MLT,Malta,1961,NA,NA,NA,NA,2025-06-05
MT,MLT,Malta,1960,NA,NA,NA,NA,2025-06-05
MH,MHL,Marshall Islands,2024,NA,NA,NA,NA,2025-06-05
MH,MHL,Marshall Islands,2023,259300000,NA,NA,NA,2025-06-05
MH,MHL,Marshall Islands,2022,253400000,NA,NA,NA,2025-06-05
MH,MHL,Marshall Islands,2021,258900000,NA,NA,NA,2025-06-05
MH,MHL,Marshall Islands,2020,241800000,NA,NA,NA,2025-06-05
MH,MHL,Marshall Islands,2019,232900000,NA,NA,NA,2025-06-05
MH,MHL,Marshall Islands,2018,220000000,NA,NA,NA,2025-06-05
MH,MHL,Marshall Islands,2017,213700000,NA,NA,NA,2025-06-05
MH,MHL,Marshall Islands,2016,201800000,NA,NA,NA,2025-06-05
MH,MHL,Marshall Islands,2015,183700000,NA,NA,NA,2025-06-05
MH,MHL,Marshall Islands,2014,186000000,NA,NA,NA,2025-06-05
MH,MHL,Marshall Islands,2013,186400000,NA,NA,NA,2025-06-05
MH,MHL,Marshall Islands,2012,180700000,NA,NA,NA,2025-06-05
MH,MHL,Marshall Islands,2011,172300000,NA,NA,NA,2025-06-05
MH,MHL,Marshall Islands,2010,161100000,NA,NA,NA,2025-06-05
MH,MHL,Marshall Islands,2009,151200000,NA,NA,NA,2025-06-05
MH,MHL,Marshall Islands,2008,146600000,NA,NA,NA,2025-06-05
MH,MHL,Marshall Islands,2007,150500000,NA,NA,NA,2025-06-05
MH,MHL,Marshall Islands,2006,143200000,NA,NA,NA,2025-06-05
MH,MHL,Marshall Islands,2005,138000000,NA,NA,NA,2025-06-05
MH,MHL,Marshall Islands,2004,132900000,NA,NA,NA,2025-06-05
MH,MHL,Marshall Islands,2003,131128500,NA,NA,NA,2025-06-05
MH,MHL,Marshall Islands,2002,131960000,NA,NA,NA,2025-06-05
MH,MHL,Marshall Islands,2001,122406100,NA,NA,NA,2025-06-05
MH,MHL,Marshall Islands,2000,114838500,NA,NA,NA,2025-06-05
MH,MHL,Marshall Islands,1999,113352100,NA,NA,NA,2025-06-05
MH,MHL,Marshall Islands,1998,112070100,NA,NA,NA,2025-06-05
MH,MHL,Marshall Islands,1997,109884700,NA,NA,NA,2025-06-05
MH,MHL,Marshall Islands,1996,110858000,NA,NA,NA,2025-06-05
MH,MHL,Marshall Islands,1995,120230000,NA,NA,NA,2025-06-05
MH,MHL,Marshall Islands,1994,108071000,NA,NA,NA,2025-06-05
MH,MHL,Marshall Islands,1993,99461000,NA,NA,NA,2025-06-05
MH,MHL,Marshall Islands,1992,91063000,NA,NA,NA,2025-06-05
MH,MHL,Marshall Islands,1991,82507000,NA,NA,NA,2025-06-05
MH,MHL,Marshall Islands,1990,78476000,NA,NA,NA,2025-06-05
MH,MHL,Marshall Islands,1989,72798000,NA,NA,NA,2025-06-05
MH,MHL,Marshall Islands,1988,70688000,NA,NA,NA,2025-06-05
MH,MHL,Marshall Islands,1987,62983000,NA,NA,NA,2025-06-05
MH,MHL,Marshall Islands,1986,55989000,NA,NA,NA,2025-06-05
MH,MHL,Marshall Islands,1985,43879000,NA,NA,NA,2025-06-05
MH,MHL,Marshall Islands,1984,45144000,NA,NA,NA,2025-06-05
MH,MHL,Marshall Islands,1983,41749000,NA,NA,NA,2025-06-05
MH,MHL,Marshall Islands,1982,34918000,NA,NA,NA,2025-06-05
MH,MHL,Marshall Islands,1981,31020000,NA,NA,NA,2025-06-05
MH,MHL,Marshall Islands,1980,26710653,NA,NA,NA,2025-06-05
MH,MHL,Marshall Islands,1979,25545346,NA,NA,NA,2025-06-05
MH,MHL,Marshall Islands,1978,22209370,NA,NA,NA,2025-06-05
MH,MHL,Marshall Islands,1977,20210069,NA,NA,NA,2025-06-05
MH,MHL,Marshall Islands,1976,18153647,NA,NA,NA,2025-06-05
MH,MHL,Marshall Islands,1975,16691301,NA,NA,NA,2025-06-05
MH,MHL,Marshall Islands,1974,15217532,NA,NA,NA,2025-06-05
MH,MHL,Marshall Islands,1973,11607366,NA,NA,NA,2025-06-05
MH,MHL,Marshall Islands,1972,9973652,NA,NA,NA,2025-06-05
MH,MHL,Marshall Islands,1971,9116810,NA,NA,NA,2025-06-05
MH,MHL,Marshall Islands,1970,8408486,NA,NA,NA,2025-06-05
MH,MHL,Marshall Islands,1969,NA,NA,NA,NA,2025-06-05
MH,MHL,Marshall Islands,1968,NA,NA,NA,NA,2025-06-05
MH,MHL,Marshall Islands,1967,NA,NA,NA,NA,2025-06-05
MH,MHL,Marshall Islands,1966,NA,NA,NA,NA,2025-06-05
MH,MHL,Marshall Islands,1965,NA,NA,NA,NA,2025-06-05
MH,MHL,Marshall Islands,1964,NA,NA,NA,NA,2025-06-05
MH,MHL,Marshall Islands,1963,NA,NA,NA,NA,2025-06-05
MH,MHL,Marshall Islands,1962,NA,NA,NA,NA,2025-06-05
MH,MHL,Marshall Islands,1961,NA,NA,NA,NA,2025-06-05
MH,MHL,Marshall Islands,1960,NA,NA,NA,NA,2025-06-05
MR,MRT,Mauritania,2024,NA,NA,NA,NA,2025-06-05
MR,MRT,Mauritania,2023,10651709411.4594,NA,NA,NA,2025-06-05
MR,MRT,Mauritania,2022,9557966698.25369,NA,NA,NA,2025-06-05
MR,MRT,Mauritania,2021,9222536364.01272,NA,NA,NA,2025-06-05
MR,MRT,Mauritania,2020,8260752385.23089,NA,NA,NA,2025-06-05
MR,MRT,Mauritania,2019,7894764885.82312,NA,NA,NA,2025-06-05
MR,MRT,Mauritania,2018,7473550557.07378,NA,NA,NA,2025-06-05
MR,MRT,Mauritania,2017,6800135898.28827,NA,NA,NA,2025-06-05
MR,MRT,Mauritania,2016,6398747592.13185,NA,NA,NA,2025-06-05
MR,MRT,Mauritania,2015,6166863896.68677,NA,NA,NA,2025-06-05
MR,MRT,Mauritania,2014,6592537781.81518,NA,NA,NA,2025-06-05
MR,MRT,Mauritania,2013,7223071097.08417,NA,NA,NA,2025-06-05
MR,MRT,Mauritania,2012,6728208836.22143,NA,NA,NA,2025-06-05
MR,MRT,Mauritania,2011,6764627745.9033,NA,NA,NA,2025-06-05
MR,MRT,Mauritania,2010,5628878797.98257,NA,NA,NA,2025-06-05
MR,MRT,Mauritania,2009,4714595547.75102,NA,NA,NA,2025-06-05
MR,MRT,Mauritania,2008,5206437193.80413,NA,NA,NA,2025-06-05
MR,MRT,Mauritania,2007,4346212355.02975,NA,NA,NA,2025-06-05
MR,MRT,Mauritania,2006,3919577285.92703,NA,NA,NA,2025-06-05
MR,MRT,Mauritania,2005,2936019525.60241,NA,NA,NA,2025-06-05
MR,MRT,Mauritania,2004,2362501023.24249,NA,NA,NA,2025-06-05
MR,MRT,Mauritania,2003,2051147606.73687,NA,NA,NA,2025-06-05
MR,MRT,Mauritania,2002,1777057481.26043,NA,NA,NA,2025-06-05
MR,MRT,Mauritania,2001,1746063557.61355,NA,NA,NA,2025-06-05
MR,MRT,Mauritania,2000,1779520886.47015,NA,NA,NA,2025-06-05
MR,MRT,Mauritania,1999,1985922775.53351,NA,NA,NA,2025-06-05
MR,MRT,Mauritania,1998,2032347664.94993,NA,NA,NA,2025-06-05
MR,MRT,Mauritania,1997,2071996564.05296,NA,NA,NA,2025-06-05
MR,MRT,Mauritania,1996,2132087009.28942,NA,NA,NA,2025-06-05
MR,MRT,Mauritania,1995,2091726101.43014,NA,NA,NA,2025-06-05
MR,MRT,Mauritania,1994,1944876755.00708,NA,NA,NA,2025-06-05
MR,MRT,Mauritania,1993,1847353211.3475,NA,NA,NA,2025-06-05
MR,MRT,Mauritania,1992,2164298425.48412,NA,NA,NA,2025-06-05
MR,MRT,Mauritania,1991,2133692696.74857,NA,NA,NA,2025-06-05
MR,MRT,Mauritania,1990,1506914407.82047,NA,NA,NA,2025-06-05
MR,MRT,Mauritania,1989,1450647019.18099,NA,NA,NA,2025-06-05
MR,MRT,Mauritania,1988,1414951290.06682,NA,NA,NA,2025-06-05
MR,MRT,Mauritania,1987,1344664724.68991,NA,NA,NA,2025-06-05
MR,MRT,Mauritania,1986,1186628778.4874,NA,NA,NA,2025-06-05
MR,MRT,Mauritania,1985,1009723326.32808,NA,NA,NA,2025-06-05
MR,MRT,Mauritania,1984,1074373230.36274,NA,NA,NA,2025-06-05
MR,MRT,Mauritania,1983,1165171263.34593,NA,NA,NA,2025-06-05
MR,MRT,Mauritania,1982,1108776652.78389,NA,NA,NA,2025-06-05
MR,MRT,Mauritania,1981,1105494681.63193,NA,NA,NA,2025-06-05
MR,MRT,Mauritania,1980,1047925105.54497,NA,NA,NA,2025-06-05
MR,MRT,Mauritania,1979,951900945.252492,NA,NA,NA,2025-06-05
MR,MRT,Mauritania,1978,804629876.848091,NA,NA,NA,2025-06-05
MR,MRT,Mauritania,1977,799030017.057464,NA,NA,NA,2025-06-05
MR,MRT,Mauritania,1976,775045516.827791,NA,NA,NA,2025-06-05
MR,MRT,Mauritania,1975,703377837.452223,NA,NA,NA,2025-06-05
MR,MRT,Mauritania,1974,613010552.500776,NA,NA,NA,2025-06-05
MR,MRT,Mauritania,1973,493237876.273031,NA,NA,NA,2025-06-05
MR,MRT,Mauritania,1972,391669449.290746,NA,NA,NA,2025-06-05
MR,MRT,Mauritania,1971,335568907.051937,NA,NA,NA,2025-06-05
MR,MRT,Mauritania,1970,309405315.98667,NA,NA,NA,2025-06-05
MR,MRT,Mauritania,1969,295062308.474696,NA,NA,NA,2025-06-05
MR,MRT,Mauritania,1968,311395937.322956,NA,NA,NA,2025-06-05
MR,MRT,Mauritania,1967,282615310.216284,NA,NA,NA,2025-06-05
MR,MRT,Mauritania,1966,266533605.185831,NA,NA,NA,2025-06-05
MR,MRT,Mauritania,1965,255340474.997828,NA,NA,NA,2025-06-05
MR,MRT,Mauritania,1964,224495743.865038,NA,NA,NA,2025-06-05
MR,MRT,Mauritania,1963,168186297.281077,NA,NA,NA,2025-06-05
MR,MRT,Mauritania,1962,164271557.513473,NA,NA,NA,2025-06-05
MR,MRT,Mauritania,1961,159213430.204754,NA,NA,NA,2025-06-05
MR,MRT,Mauritania,1960,NA,NA,NA,NA,2025-06-05
MU,MUS,Mauritius,2024,NA,NA,NA,NA,2025-06-05
MU,MUS,Mauritius,2023,14644524819.0054,NA,NA,NA,2025-06-05
MU,MUS,Mauritius,2022,12927979286.0453,NA,NA,NA,2025-06-05
MU,MUS,Mauritius,2021,11484348857.8529,NA,NA,NA,2025-06-05
MU,MUS,Mauritius,2020,11408106446.3144,NA,NA,NA,2025-06-05
MU,MUS,Mauritius,2019,14436346979.6355,NA,NA,NA,2025-06-05
MU,MUS,Mauritius,2018,14735695930.9727,NA,NA,NA,2025-06-05
MU,MUS,Mauritius,2017,13713506130.6081,NA,NA,NA,2025-06-05
MU,MUS,Mauritius,2016,12594155464.4136,NA,NA,NA,2025-06-05
MU,MUS,Mauritius,2015,12007291045.6489,NA,NA,NA,2025-06-05
MU,MUS,Mauritius,2014,13074129952.0532,NA,NA,NA,2025-06-05
MU,MUS,Mauritius,2013,12292974141.4044,NA,NA,NA,2025-06-05
MU,MUS,Mauritius,2012,11668696396.7887,NA,NA,NA,2025-06-05
MU,MUS,Mauritius,2011,11518413429.9684,NA,NA,NA,2025-06-05
MU,MUS,Mauritius,2010,10003670690.3497,NA,NA,NA,2025-06-05
MU,MUS,Mauritius,2009,9128843109.15588,NA,NA,NA,2025-06-05
MU,MUS,Mauritius,2008,9990356673.73497,NA,NA,NA,2025-06-05
MU,MUS,Mauritius,2007,8150150209.22501,NA,NA,NA,2025-06-05
MU,MUS,Mauritius,2006,7028810680.89077,NA,NA,NA,2025-06-05
MU,MUS,Mauritius,2005,6576108447.47531,NA,NA,NA,2025-06-05
MU,MUS,Mauritius,2004,6667418752.07307,NA,NA,NA,2025-06-05
MU,MUS,Mauritius,2003,5894873919.74797,NA,NA,NA,2025-06-05
MU,MUS,Mauritius,2002,4906494249.38255,NA,NA,NA,2025-06-05
MU,MUS,Mauritius,2001,4675755867.17657,NA,NA,NA,2025-06-05
MU,MUS,Mauritius,2000,4726108622.47661,NA,NA,NA,2025-06-05
MU,MUS,Mauritius,1999,4402193195.46945,NA,NA,NA,2025-06-05
MU,MUS,Mauritius,1998,4225813976.36359,NA,NA,NA,2025-06-05
MU,MUS,Mauritius,1997,4243755307.55239,NA,NA,NA,2025-06-05
MU,MUS,Mauritius,1996,4481489761.54368,NA,NA,NA,2025-06-05
MU,MUS,Mauritius,1995,4094741652.30048,NA,NA,NA,2025-06-05
MU,MUS,Mauritius,1994,3606050873.0139,NA,NA,NA,2025-06-05
MU,MUS,Mauritius,1993,3307302125.87528,NA,NA,NA,2025-06-05
MU,MUS,Mauritius,1992,3267677814.23984,NA,NA,NA,2025-06-05
MU,MUS,Mauritius,1991,2895354736.18332,NA,NA,NA,2025-06-05
MU,MUS,Mauritius,1990,2689212760.18576,NA,NA,NA,2025-06-05
MU,MUS,Mauritius,1989,2211312823.20576,NA,NA,NA,2025-06-05
MU,MUS,Mauritius,1988,2163252449.13108,NA,NA,NA,2025-06-05
MU,MUS,Mauritius,1987,1906174437.96762,NA,NA,NA,2025-06-05
MU,MUS,Mauritius,1986,1482601552.40192,NA,NA,NA,2025-06-05
MU,MUS,Mauritius,1985,1090611324.6814,NA,NA,NA,2025-06-05
MU,MUS,Mauritius,1984,1054564759.05328,NA,NA,NA,2025-06-05
MU,MUS,Mauritius,1983,1104956573.09802,NA,NA,NA,2025-06-05
MU,MUS,Mauritius,1982,1092923635.57767,NA,NA,NA,2025-06-05
MU,MUS,Mauritius,1981,1157769443.59463,NA,NA,NA,2025-06-05
MU,MUS,Mauritius,1980,1147027924.10804,NA,NA,NA,2025-06-05
MU,MUS,Mauritius,1979,1227446632.17561,NA,NA,NA,2025-06-05
MU,MUS,Mauritius,1978,1029040323.36704,NA,NA,NA,2025-06-05
MU,MUS,Mauritius,1977,834722972.199873,NA,NA,NA,2025-06-05
MU,MUS,Mauritius,1976,713510051.522669,NA,NA,NA,2025-06-05
MU,MUS,Mauritius,1975,673311287.073382,NA,NA,NA,2025-06-05
MU,MUS,Mauritius,1974,669894029.624369,NA,NA,NA,2025-06-05
MU,MUS,Mauritius,1973,404285775.079719,NA,NA,NA,2025-06-05
MU,MUS,Mauritius,1972,318664899.637091,NA,NA,NA,2025-06-05
MU,MUS,Mauritius,1971,251437337.841491,NA,NA,NA,2025-06-05
MU,MUS,Mauritius,1970,224125805.005805,NA,NA,NA,2025-06-05
MU,MUS,Mauritius,1969,221553612.873613,NA,NA,NA,2025-06-05
MU,MUS,Mauritius,1968,206576630.576631,NA,NA,NA,2025-06-05
MU,MUS,Mauritius,1967,238439290.867222,NA,NA,NA,2025-06-05
MU,MUS,Mauritius,1966,227534083.454083,NA,NA,NA,2025-06-05
MU,MUS,Mauritius,1965,230024160.524161,NA,NA,NA,2025-06-05
MU,MUS,Mauritius,1964,218914569.184569,NA,NA,NA,2025-06-05
MU,MUS,Mauritius,1963,253839557.949558,NA,NA,NA,2025-06-05
MU,MUS,Mauritius,1962,197738207.858208,NA,NA,NA,2025-06-05
MU,MUS,Mauritius,1961,191757729.477729,NA,NA,NA,2025-06-05
MU,MUS,Mauritius,1960,162089563.829564,NA,NA,NA,2025-06-05
MX,MEX,Mexico,2024,NA,NA,NA,NA,2025-06-05
MX,MEX,Mexico,2023,1789114434843.46,NA,NA,NA,2025-06-05
MX,MEX,Mexico,2022,1464312692331.58,NA,NA,NA,2025-06-05
MX,MEX,Mexico,2021,1316569466932.59,NA,NA,NA,2025-06-05
MX,MEX,Mexico,2020,1121064767261.88,NA,NA,NA,2025-06-05
MX,MEX,Mexico,2019,1304106203694.81,NA,NA,NA,2025-06-05
MX,MEX,Mexico,2018,1256300182879.73,NA,NA,NA,2025-06-05
MX,MEX,Mexico,2017,1190721475906,NA,NA,NA,2025-06-05
MX,MEX,Mexico,2016,1112233497452.7,NA,NA,NA,2025-06-05
MX,MEX,Mexico,2015,1213294467716.88,NA,NA,NA,2025-06-05
MX,MEX,Mexico,2014,1364507717614.13,NA,NA,NA,2025-06-05
MX,MEX,Mexico,2013,1327436290282.67,NA,NA,NA,2025-06-05
MX,MEX,Mexico,2012,1255110424817.79,NA,NA,NA,2025-06-05
MX,MEX,Mexico,2011,1229013703416.76,NA,NA,NA,2025-06-05
MX,MEX,Mexico,2010,1105424238731.09,NA,NA,NA,2025-06-05
MX,MEX,Mexico,2009,943437415024.633,NA,NA,NA,2025-06-05
MX,MEX,Mexico,2008,1161553459715.1,NA,NA,NA,2025-06-05
MX,MEX,Mexico,2007,1102355554971.95,NA,NA,NA,2025-06-05
MX,MEX,Mexico,2006,1020265057882.01,NA,NA,NA,2025-06-05
MX,MEX,Mexico,2005,917571853529.104,NA,NA,NA,2025-06-05
MX,MEX,Mexico,2004,819459227375.022,NA,NA,NA,2025-06-05
MX,MEX,Mexico,2003,765549967703.273,NA,NA,NA,2025-06-05
MX,MEX,Mexico,2002,810666116505.478,NA,NA,NA,2025-06-05
MX,MEX,Mexico,2001,796064590656.176,NA,NA,NA,2025-06-05
MX,MEX,Mexico,2000,742061329643.37,NA,NA,NA,2025-06-05
MX,MEX,Mexico,1999,631249359702.389,NA,NA,NA,2025-06-05
MX,MEX,Mexico,1998,557461102630.658,NA,NA,NA,2025-06-05
MX,MEX,Mexico,1997,523449530464.257,NA,NA,NA,2025-06-05
MX,MEX,Mexico,1996,432157945024.428,NA,NA,NA,2025-06-05
MX,MEX,Mexico,1995,380157469866.849,NA,NA,NA,2025-06-05
MX,MEX,Mexico,1994,553618247900.74,NA,NA,NA,2025-06-05
MX,MEX,Mexico,1993,530160763983.506,NA,NA,NA,2025-06-05
MX,MEX,Mexico,1992,363157832923.734,NA,NA,NA,2025-06-05
MX,MEX,Mexico,1991,313139656145.745,NA,NA,NA,2025-06-05
MX,MEX,Mexico,1990,261253675692.838,NA,NA,NA,2025-06-05
MX,MEX,Mexico,1989,221403098266.77,NA,NA,NA,2025-06-05
MX,MEX,Mexico,1988,181611150496.787,NA,NA,NA,2025-06-05
MX,MEX,Mexico,1987,147542558208.888,NA,NA,NA,2025-06-05
MX,MEX,Mexico,1986,134556034672.991,NA,NA,NA,2025-06-05
MX,MEX,Mexico,1985,195241069482.077,NA,NA,NA,2025-06-05
MX,MEX,Mexico,1984,184230754105.394,NA,NA,NA,2025-06-05
MX,MEX,Mexico,1983,156167000432.994,NA,NA,NA,2025-06-05
MX,MEX,Mexico,1982,184602611609.517,NA,NA,NA,2025-06-05
MX,MEX,Mexico,1981,263797827860.494,NA,NA,NA,2025-06-05
MX,MEX,Mexico,1980,205577055465.993,NA,NA,NA,2025-06-05
MX,MEX,Mexico,1979,134531900898.926,NA,NA,NA,2025-06-05
MX,MEX,Mexico,1978,102648570299.117,NA,NA,NA,2025-06-05
MX,MEX,Mexico,1977,81912018783.5024,NA,NA,NA,2025-06-05
MX,MEX,Mexico,1976,88875923765.072,NA,NA,NA,2025-06-05
MX,MEX,Mexico,1975,88000000000,NA,NA,NA,2025-06-05
MX,MEX,Mexico,1974,72000000000,NA,NA,NA,2025-06-05
MX,MEX,Mexico,1973,55280000000,NA,NA,NA,2025-06-05
MX,MEX,Mexico,1972,45200000000,NA,NA,NA,2025-06-05
MX,MEX,Mexico,1971,39200000000,NA,NA,NA,2025-06-05
MX,MEX,Mexico,1970,35520000000,NA,NA,NA,2025-06-05
MX,MEX,Mexico,1969,32480000000,NA,NA,NA,2025-06-05
MX,MEX,Mexico,1968,29360000000,NA,NA,NA,2025-06-05
MX,MEX,Mexico,1967,26560000000,NA,NA,NA,2025-06-05
MX,MEX,Mexico,1966,24320000000,NA,NA,NA,2025-06-05
MX,MEX,Mexico,1965,21840000000,NA,NA,NA,2025-06-05
MX,MEX,Mexico,1964,20080000000,NA,NA,NA,2025-06-05
MX,MEX,Mexico,1963,16960000000,NA,NA,NA,2025-06-05
MX,MEX,Mexico,1962,15200000000,NA,NA,NA,2025-06-05
MX,MEX,Mexico,1961,14160000000,NA,NA,NA,2025-06-05
MX,MEX,Mexico,1960,13040000000,NA,NA,NA,2025-06-05
FM,FSM,"Micronesia, Fed. Sts.",2024,NA,NA,NA,NA,2025-06-05
FM,FSM,"Micronesia, Fed. Sts.",2023,460000000,NA,NA,NA,2025-06-05
FM,FSM,"Micronesia, Fed. Sts.",2022,430000000,NA,NA,NA,2025-06-05
FM,FSM,"Micronesia, Fed. Sts.",2021,390000000,NA,NA,NA,2025-06-05
FM,FSM,"Micronesia, Fed. Sts.",2020,372000000,NA,NA,NA,2025-06-05
FM,FSM,"Micronesia, Fed. Sts.",2019,394000000,NA,NA,NA,2025-06-05
FM,FSM,"Micronesia, Fed. Sts.",2018,392000000,NA,NA,NA,2025-06-05
FM,FSM,"Micronesia, Fed. Sts.",2017,359000000,NA,NA,NA,2025-06-05
FM,FSM,"Micronesia, Fed. Sts.",2016,325000000,NA,NA,NA,2025-06-05
FM,FSM,"Micronesia, Fed. Sts.",2015,316489900,NA,NA,NA,2025-06-05
FM,FSM,"Micronesia, Fed. Sts.",2014,319271200,NA,NA,NA,2025-06-05
FM,FSM,"Micronesia, Fed. Sts.",2013,317214400,NA,NA,NA,2025-06-05
FM,FSM,"Micronesia, Fed. Sts.",2012,327248700,NA,NA,NA,2025-06-05
FM,FSM,"Micronesia, Fed. Sts.",2011,311301600,NA,NA,NA,2025-06-05
FM,FSM,"Micronesia, Fed. Sts.",2010,296944100,NA,NA,NA,2025-06-05
FM,FSM,"Micronesia, Fed. Sts.",2009,280284600,NA,NA,NA,2025-06-05
FM,FSM,"Micronesia, Fed. Sts.",2008,263145100,NA,NA,NA,2025-06-05
FM,FSM,"Micronesia, Fed. Sts.",2007,256787200,NA,NA,NA,2025-06-05
FM,FSM,"Micronesia, Fed. Sts.",2006,253541900,NA,NA,NA,2025-06-05
FM,FSM,"Micronesia, Fed. Sts.",2005,250281900,NA,NA,NA,2025-06-05
FM,FSM,"Micronesia, Fed. Sts.",2004,240236000,NA,NA,NA,2025-06-05
FM,FSM,"Micronesia, Fed. Sts.",2003,245432900,NA,NA,NA,2025-06-05
FM,FSM,"Micronesia, Fed. Sts.",2002,242517200,NA,NA,NA,2025-06-05
FM,FSM,"Micronesia, Fed. Sts.",2001,240970900,NA,NA,NA,2025-06-05
FM,FSM,"Micronesia, Fed. Sts.",2000,233271800,NA,NA,NA,2025-06-05
FM,FSM,"Micronesia, Fed. Sts.",1999,220140500,NA,NA,NA,2025-06-05
FM,FSM,"Micronesia, Fed. Sts.",1998,218873100,NA,NA,NA,2025-06-05
FM,FSM,"Micronesia, Fed. Sts.",1997,206626300,NA,NA,NA,2025-06-05
FM,FSM,"Micronesia, Fed. Sts.",1996,218534700,NA,NA,NA,2025-06-05
FM,FSM,"Micronesia, Fed. Sts.",1995,221575300,NA,NA,NA,2025-06-05
FM,FSM,"Micronesia, Fed. Sts.",1994,202500000,NA,NA,NA,2025-06-05
FM,FSM,"Micronesia, Fed. Sts.",1993,198400000,NA,NA,NA,2025-06-05
FM,FSM,"Micronesia, Fed. Sts.",1992,178100000,NA,NA,NA,2025-06-05
FM,FSM,"Micronesia, Fed. Sts.",1991,166200000,NA,NA,NA,2025-06-05
FM,FSM,"Micronesia, Fed. Sts.",1990,147200000,NA,NA,NA,2025-06-05
FM,FSM,"Micronesia, Fed. Sts.",1989,135200000,NA,NA,NA,2025-06-05
FM,FSM,"Micronesia, Fed. Sts.",1988,124700000,NA,NA,NA,2025-06-05
FM,FSM,"Micronesia, Fed. Sts.",1987,116700000,NA,NA,NA,2025-06-05
FM,FSM,"Micronesia, Fed. Sts.",1986,112210000,NA,NA,NA,2025-06-05
FM,FSM,"Micronesia, Fed. Sts.",1985,101931941,NA,NA,NA,2025-06-05
FM,FSM,"Micronesia, Fed. Sts.",1984,84676118,NA,NA,NA,2025-06-05
FM,FSM,"Micronesia, Fed. Sts.",1983,84110353,NA,NA,NA,2025-06-05
FM,FSM,"Micronesia, Fed. Sts.",1982,80055706,NA,NA,NA,2025-06-05
FM,FSM,"Micronesia, Fed. Sts.",1981,76472529,NA,NA,NA,2025-06-05
FM,FSM,"Micronesia, Fed. Sts.",1980,64186644,NA,NA,NA,2025-06-05
FM,FSM,"Micronesia, Fed. Sts.",1979,60270778,NA,NA,NA,2025-06-05
FM,FSM,"Micronesia, Fed. Sts.",1978,53656834,NA,NA,NA,2025-06-05
FM,FSM,"Micronesia, Fed. Sts.",1977,47305560,NA,NA,NA,2025-06-05
FM,FSM,"Micronesia, Fed. Sts.",1976,46813193,NA,NA,NA,2025-06-05
FM,FSM,"Micronesia, Fed. Sts.",1975,46119184,NA,NA,NA,2025-06-05
FM,FSM,"Micronesia, Fed. Sts.",1974,46095175,NA,NA,NA,2025-06-05
FM,FSM,"Micronesia, Fed. Sts.",1973,34821467,NA,NA,NA,2025-06-05
FM,FSM,"Micronesia, Fed. Sts.",1972,25100928,NA,NA,NA,2025-06-05
FM,FSM,"Micronesia, Fed. Sts.",1971,21783158,NA,NA,NA,2025-06-05
FM,FSM,"Micronesia, Fed. Sts.",1970,19885926,NA,NA,NA,2025-06-05
FM,FSM,"Micronesia, Fed. Sts.",1969,NA,NA,NA,NA,2025-06-05
FM,FSM,"Micronesia, Fed. Sts.",1968,NA,NA,NA,NA,2025-06-05
FM,FSM,"Micronesia, Fed. Sts.",1967,NA,NA,NA,NA,2025-06-05
FM,FSM,"Micronesia, Fed. Sts.",1966,NA,NA,NA,NA,2025-06-05
FM,FSM,"Micronesia, Fed. Sts.",1965,NA,NA,NA,NA,2025-06-05
FM,FSM,"Micronesia, Fed. Sts.",1964,NA,NA,NA,NA,2025-06-05
FM,FSM,"Micronesia, Fed. Sts.",1963,NA,NA,NA,NA,2025-06-05
FM,FSM,"Micronesia, Fed. Sts.",1962,NA,NA,NA,NA,2025-06-05
FM,FSM,"Micronesia, Fed. Sts.",1961,NA,NA,NA,NA,2025-06-05
FM,FSM,"Micronesia, Fed. Sts.",1960,NA,NA,NA,NA,2025-06-05
MD,MDA,Moldova,2024,NA,NA,NA,NA,2025-06-05
MD,MDA,Moldova,2023,16539436547.295,NA,NA,NA,2025-06-05
MD,MDA,Moldova,2022,14510490660.2516,NA,NA,NA,2025-06-05
MD,MDA,Moldova,2021,13691869264.0794,NA,NA,NA,2025-06-05
MD,MDA,Moldova,2020,11530746234.4492,NA,NA,NA,2025-06-05
MD,MDA,Moldova,2019,11736797054.6965,NA,NA,NA,2025-06-05
MD,MDA,Moldova,2018,11252353420.8798,NA,NA,NA,2025-06-05
MD,MDA,Moldova,2017,9514404016.20949,NA,NA,NA,2025-06-05
MD,MDA,Moldova,2016,7980917075.7748,NA,NA,NA,2025-06-05
MD,MDA,Moldova,2015,7797667196.73087,NA,NA,NA,2025-06-05
MD,MDA,Moldova,2014,9402090137.7423,NA,NA,NA,2025-06-05
MD,MDA,Moldova,2013,9496717875.51932,NA,NA,NA,2025-06-05
MD,MDA,Moldova,2012,8709138634.82921,NA,NA,NA,2025-06-05
MD,MDA,Moldova,2011,8414352020.49442,NA,NA,NA,2025-06-05
MD,MDA,Moldova,2010,6974982369.60155,NA,NA,NA,2025-06-05
MD,MDA,Moldova,2009,5439434271.78807,NA,NA,NA,2025-06-05
MD,MDA,Moldova,2008,6054824248.24221,NA,NA,NA,2025-06-05
MD,MDA,Moldova,2007,4401173151.93767,NA,NA,NA,2025-06-05
MD,MDA,Moldova,2006,3408255450.5509,NA,NA,NA,2025-06-05
MD,MDA,Moldova,2005,2988342907.03096,NA,NA,NA,2025-06-05
MD,MDA,Moldova,2004,2598249555.89984,NA,NA,NA,2025-06-05
MD,MDA,Moldova,2003,1980907434.76826,NA,NA,NA,2025-06-05
MD,MDA,Moldova,2002,1661818168.4226,NA,NA,NA,2025-06-05
MD,MDA,Moldova,2001,1480673594.05602,NA,NA,NA,2025-06-05
MD,MDA,Moldova,2000,1288429391.79951,NA,NA,NA,2025-06-05
MD,MDA,Moldova,1999,1170782957.37443,NA,NA,NA,2025-06-05
MD,MDA,Moldova,1998,1698717504.65549,NA,NA,NA,2025-06-05
MD,MDA,Moldova,1997,1930081168.83117,NA,NA,NA,2025-06-05
MD,MDA,Moldova,1996,1695122173.91304,NA,NA,NA,2025-06-05
MD,MDA,Moldova,1995,1752999370.46158,NA,NA,NA,2025-06-05
MD,MDA,Moldova,1994,1702314267.59123,NA,NA,NA,2025-06-05
MD,MDA,Moldova,1993,2371813014.64989,NA,NA,NA,2025-06-05
MD,MDA,Moldova,1992,2319243435.96096,NA,NA,NA,2025-06-05
MD,MDA,Moldova,1991,3094565870.64237,NA,NA,NA,2025-06-05
MD,MDA,Moldova,1990,3592857043.05057,NA,NA,NA,2025-06-05
MD,MDA,Moldova,1989,NA,NA,NA,NA,2025-06-05
MD,MDA,Moldova,1988,NA,NA,NA,NA,2025-06-05
MD,MDA,Moldova,1987,NA,NA,NA,NA,2025-06-05
MD,MDA,Moldova,1986,NA,NA,NA,NA,2025-06-05
MD,MDA,Moldova,1985,NA,NA,NA,NA,2025-06-05
MD,MDA,Moldova,1984,NA,NA,NA,NA,2025-06-05
MD,MDA,Moldova,1983,NA,NA,NA,NA,2025-06-05
MD,MDA,Moldova,1982,NA,NA,NA,NA,2025-06-05
MD,MDA,Moldova,1981,NA,NA,NA,NA,2025-06-05
MD,MDA,Moldova,1980,NA,NA,NA,NA,2025-06-05
MD,MDA,Moldova,1979,NA,NA,NA,NA,2025-06-05
MD,MDA,Moldova,1978,NA,NA,NA,NA,2025-06-05
MD,MDA,Moldova,1977,NA,NA,NA,NA,2025-06-05
MD,MDA,Moldova,1976,NA,NA,NA,NA,2025-06-05
MD,MDA,Moldova,1975,NA,NA,NA,NA,2025-06-05
MD,MDA,Moldova,1974,NA,NA,NA,NA,2025-06-05
MD,MDA,Moldova,1973,NA,NA,NA,NA,2025-06-05
MD,MDA,Moldova,1972,NA,NA,NA,NA,2025-06-05
MD,MDA,Moldova,1971,NA,NA,NA,NA,2025-06-05
MD,MDA,Moldova,1970,NA,NA,NA,NA,2025-06-05
MD,MDA,Moldova,1969,NA,NA,NA,NA,2025-06-05
MD,MDA,Moldova,1968,NA,NA,NA,NA,2025-06-05
MD,MDA,Moldova,1967,NA,NA,NA,NA,2025-06-05
MD,MDA,Moldova,1966,NA,NA,NA,NA,2025-06-05
MD,MDA,Moldova,1965,NA,NA,NA,NA,2025-06-05
MD,MDA,Moldova,1964,NA,NA,NA,NA,2025-06-05
MD,MDA,Moldova,1963,NA,NA,NA,NA,2025-06-05
MD,MDA,Moldova,1962,NA,NA,NA,NA,2025-06-05
MD,MDA,Moldova,1961,NA,NA,NA,NA,2025-06-05
MD,MDA,Moldova,1960,NA,NA,NA,NA,2025-06-05
MC,MCO,Monaco,2024,NA,NA,NA,NA,2025-06-05
MC,MCO,Monaco,2023,9995350547.12166,NA,NA,NA,2025-06-05
MC,MCO,Monaco,2022,8800430486.17137,NA,NA,NA,2025-06-05
MC,MCO,Monaco,2021,8623242743.29564,NA,NA,NA,2025-06-05
MC,MCO,Monaco,2020,6730736282.78961,NA,NA,NA,2025-06-05
MC,MCO,Monaco,2019,7383496254.23721,NA,NA,NA,2025-06-05
MC,MCO,Monaco,2018,7184333936.01355,NA,NA,NA,2025-06-05
MC,MCO,Monaco,2017,6430254652.58934,NA,NA,NA,2025-06-05
MC,MCO,Monaco,2016,6471290793.55029,NA,NA,NA,2025-06-05
MC,MCO,Monaco,2015,6264756528.37691,NA,NA,NA,2025-06-05
MC,MCO,Monaco,2014,7070017323.65476,NA,NA,NA,2025-06-05
MC,MCO,Monaco,2013,6555591709.88585,NA,NA,NA,2025-06-05
MC,MCO,Monaco,2012,5742749294.00852,NA,NA,NA,2025-06-05
MC,MCO,Monaco,2011,6088689808.38347,NA,NA,NA,2025-06-05
MC,MCO,Monaco,2010,5367561569.59548,NA,NA,NA,2025-06-05
MC,MCO,Monaco,2009,5474379252.34114,NA,NA,NA,2025-06-05
MC,MCO,Monaco,2008,6502942244.93068,NA,NA,NA,2025-06-05
MC,MCO,Monaco,2007,5875790766.2621,NA,NA,NA,2025-06-05
MC,MCO,Monaco,2006,4586826512.71356,NA,NA,NA,2025-06-05
MC,MCO,Monaco,2005,4204652898.73103,NA,NA,NA,2025-06-05
MC,MCO,Monaco,2004,4043551488.82603,NA,NA,NA,2025-06-05
MC,MCO,Monaco,2003,3597089750.78276,NA,NA,NA,2025-06-05
MC,MCO,Monaco,2002,2919647981.81473,NA,NA,NA,2025-06-05
MC,MCO,Monaco,2001,2673723033.71239,NA,NA,NA,2025-06-05
MC,MCO,Monaco,2000,2654462665.26893,NA,NA,NA,2025-06-05
MC,MCO,Monaco,1999,2907118641.17756,NA,NA,NA,2025-06-05
MC,MCO,Monaco,1998,2934593467.68589,NA,NA,NA,2025-06-05
MC,MCO,Monaco,1997,2840195190.36905,NA,NA,NA,2025-06-05
MC,MCO,Monaco,1996,3137886994.52207,NA,NA,NA,2025-06-05
MC,MCO,Monaco,1995,3130309995.30848,NA,NA,NA,2025-06-05
MC,MCO,Monaco,1994,2720332134.53623,NA,NA,NA,2025-06-05
MC,MCO,Monaco,1993,2574494355.73357,NA,NA,NA,2025-06-05
MC,MCO,Monaco,1992,2737049230.70442,NA,NA,NA,2025-06-05
MC,MCO,Monaco,1991,2480540845.33242,NA,NA,NA,2025-06-05
MC,MCO,Monaco,1990,2481307077.10989,NA,NA,NA,2025-06-05
MC,MCO,Monaco,1989,2010083833.1726,NA,NA,NA,2025-06-05
MC,MCO,Monaco,1988,2000704744.91538,NA,NA,NA,2025-06-05
MC,MCO,Monaco,1987,1839081463.27676,NA,NA,NA,2025-06-05
MC,MCO,Monaco,1986,1515234743.47367,NA,NA,NA,2025-06-05
MC,MCO,Monaco,1985,1082867507.33142,NA,NA,NA,2025-06-05
MC,MCO,Monaco,1984,1037329604.35108,NA,NA,NA,2025-06-05
MC,MCO,Monaco,1983,1092560364.51959,NA,NA,NA,2025-06-05
MC,MCO,Monaco,1982,1143216456.56796,NA,NA,NA,2025-06-05
MC,MCO,Monaco,1981,1205188647.93163,NA,NA,NA,2025-06-05
MC,MCO,Monaco,1980,1378175524.11186,NA,NA,NA,2025-06-05
MC,MCO,Monaco,1979,1209870147.49099,NA,NA,NA,2025-06-05
MC,MCO,Monaco,1978,1000555218.03209,NA,NA,NA,2025-06-05
MC,MCO,Monaco,1977,811191392.224277,NA,NA,NA,2025-06-05
MC,MCO,Monaco,1976,735324244.667397,NA,NA,NA,2025-06-05
MC,MCO,Monaco,1975,711978961.893674,NA,NA,NA,2025-06-05
MC,MCO,Monaco,1974,563949254.114034,NA,NA,NA,2025-06-05
MC,MCO,Monaco,1973,523554039.203208,NA,NA,NA,2025-06-05
MC,MCO,Monaco,1972,402451900.821288,NA,NA,NA,2025-06-05
MC,MCO,Monaco,1971,327706210.435217,NA,NA,NA,2025-06-05
MC,MCO,Monaco,1970,293127333.238065,NA,NA,NA,2025-06-05
MC,MCO,Monaco,1969,NA,NA,NA,NA,2025-06-05
MC,MCO,Monaco,1968,NA,NA,NA,NA,2025-06-05
MC,MCO,Monaco,1967,NA,NA,NA,NA,2025-06-05
MC,MCO,Monaco,1966,NA,NA,NA,NA,2025-06-05
MC,MCO,Monaco,1965,NA,NA,NA,NA,2025-06-05
MC,MCO,Monaco,1964,NA,NA,NA,NA,2025-06-05
MC,MCO,Monaco,1963,NA,NA,NA,NA,2025-06-05
MC,MCO,Monaco,1962,NA,NA,NA,NA,2025-06-05
MC,MCO,Monaco,1961,NA,NA,NA,NA,2025-06-05
MC,MCO,Monaco,1960,NA,NA,NA,NA,2025-06-05
MN,MNG,Mongolia,2024,NA,NA,NA,NA,2025-06-05
MN,MNG,Mongolia,2023,20325121393.9074,NA,NA,NA,2025-06-05
MN,MNG,Mongolia,2022,17146471713.748,NA,NA,NA,2025-06-05
MN,MNG,Mongolia,2021,15286441737.6686,NA,NA,NA,2025-06-05
MN,MNG,Mongolia,2020,13312981429.0891,NA,NA,NA,2025-06-05
MN,MNG,Mongolia,2019,14206359017.5143,NA,NA,NA,2025-06-05
MN,MNG,Mongolia,2018,13178094720.4986,NA,NA,NA,2025-06-05
MN,MNG,Mongolia,2017,11480847740.736,NA,NA,NA,2025-06-05
MN,MNG,Mongolia,2016,11181350649.3573,NA,NA,NA,2025-06-05
MN,MNG,Mongolia,2015,11619892590.6941,NA,NA,NA,2025-06-05
MN,MNG,Mongolia,2014,12226514668.0622,NA,NA,NA,2025-06-05
MN,MNG,Mongolia,2013,12582122604.2577,NA,NA,NA,2025-06-05
MN,MNG,Mongolia,2012,12292770631.565,NA,NA,NA,2025-06-05
MN,MNG,Mongolia,2011,10409797377.8571,NA,NA,NA,2025-06-05
MN,MNG,Mongolia,2010,7189481998.90094,NA,NA,NA,2025-06-05
MN,MNG,Mongolia,2009,4583850367.88972,NA,NA,NA,2025-06-05
MN,MNG,Mongolia,2008,5623216608.04288,NA,NA,NA,2025-06-05
MN,MNG,Mongolia,2007,4234999703.90059,NA,NA,NA,2025-06-05
MN,MNG,Mongolia,2006,3414055661.61598,NA,NA,NA,2025-06-05
MN,MNG,Mongolia,2005,2523471601.10421,NA,NA,NA,2025-06-05
MN,MNG,Mongolia,2004,1992066808.09598,NA,NA,NA,2025-06-05
MN,MNG,Mongolia,2003,1595297355.78349,NA,NA,NA,2025-06-05
MN,MNG,Mongolia,2002,1396555719.97409,NA,NA,NA,2025-06-05
MN,MNG,Mongolia,2001,1267997934.3125,NA,NA,NA,2025-06-05
MN,MNG,Mongolia,2000,1136896123.61298,NA,NA,NA,2025-06-05
MN,MNG,Mongolia,1999,1057408588.68269,NA,NA,NA,2025-06-05
MN,MNG,Mongolia,1998,1124440204.84738,NA,NA,NA,2025-06-05
MN,MNG,Mongolia,1997,1180934202.83801,NA,NA,NA,2025-06-05
MN,MNG,Mongolia,1996,1345719472.35883,NA,NA,NA,2025-06-05
MN,MNG,Mongolia,1995,1452165005.2384,NA,NA,NA,2025-06-05
MN,MNG,Mongolia,1994,925817092.217484,NA,NA,NA,2025-06-05
MN,MNG,Mongolia,1993,768401634.154573,NA,NA,NA,2025-06-05
MN,MNG,Mongolia,1992,1317611863.84977,NA,NA,NA,2025-06-05
MN,MNG,Mongolia,1991,2379018326.31579,NA,NA,NA,2025-06-05
MN,MNG,Mongolia,1990,2560785660,NA,NA,NA,2025-06-05
MN,MNG,Mongolia,1989,3576966800,NA,NA,NA,2025-06-05
MN,MNG,Mongolia,1988,3204461566.66667,NA,NA,NA,2025-06-05
MN,MNG,Mongolia,1987,3020611600,NA,NA,NA,2025-06-05
MN,MNG,Mongolia,1986,2896178866.66667,NA,NA,NA,2025-06-05
MN,MNG,Mongolia,1985,2186505475,NA,NA,NA,2025-06-05
MN,MNG,Mongolia,1984,2098734600,NA,NA,NA,2025-06-05
MN,MNG,Mongolia,1983,2725736633.33333,NA,NA,NA,2025-06-05
MN,MNG,Mongolia,1982,2552401933.33333,NA,NA,NA,2025-06-05
MN,MNG,Mongolia,1981,2310099100,NA,NA,NA,2025-06-05
MN,MNG,Mongolia,1980,2101394100,NA,NA,NA,2025-06-05
MN,MNG,Mongolia,1979,NA,NA,NA,NA,2025-06-05
MN,MNG,Mongolia,1978,NA,NA,NA,NA,2025-06-05
MN,MNG,Mongolia,1977,NA,NA,NA,NA,2025-06-05
MN,MNG,Mongolia,1976,NA,NA,NA,NA,2025-06-05
MN,MNG,Mongolia,1975,NA,NA,NA,NA,2025-06-05
MN,MNG,Mongolia,1974,NA,NA,NA,NA,2025-06-05
MN,MNG,Mongolia,1973,NA,NA,NA,NA,2025-06-05
MN,MNG,Mongolia,1972,NA,NA,NA,NA,2025-06-05
MN,MNG,Mongolia,1971,NA,NA,NA,NA,2025-06-05
MN,MNG,Mongolia,1970,NA,NA,NA,NA,2025-06-05
MN,MNG,Mongolia,1969,NA,NA,NA,NA,2025-06-05
MN,MNG,Mongolia,1968,NA,NA,NA,NA,2025-06-05
MN,MNG,Mongolia,1967,NA,NA,NA,NA,2025-06-05
MN,MNG,Mongolia,1966,NA,NA,NA,NA,2025-06-05
MN,MNG,Mongolia,1965,NA,NA,NA,NA,2025-06-05
MN,MNG,Mongolia,1964,NA,NA,NA,NA,2025-06-05
MN,MNG,Mongolia,1963,NA,NA,NA,NA,2025-06-05
MN,MNG,Mongolia,1962,NA,NA,NA,NA,2025-06-05
MN,MNG,Mongolia,1961,NA,NA,NA,NA,2025-06-05
MN,MNG,Mongolia,1960,NA,NA,NA,NA,2025-06-05
ME,MNE,Montenegro,2024,NA,NA,NA,NA,2025-06-05
ME,MNE,Montenegro,2023,7530593375.22034,NA,NA,NA,2025-06-05
ME,MNE,Montenegro,2022,6229801580.79157,NA,NA,NA,2025-06-05
ME,MNE,Montenegro,2021,5861427505.12493,NA,NA,NA,2025-06-05
ME,MNE,Montenegro,2020,4769996866.00758,NA,NA,NA,2025-06-05
ME,MNE,Montenegro,2019,5542054181.12616,NA,NA,NA,2025-06-05
ME,MNE,Montenegro,2018,5506942238.35668,NA,NA,NA,2025-06-05
ME,MNE,Montenegro,2017,4856599480.79882,NA,NA,NA,2025-06-05
ME,MNE,Montenegro,2016,4376930578.32395,NA,NA,NA,2025-06-05
ME,MNE,Montenegro,2015,4054730077.57718,NA,NA,NA,2025-06-05
ME,MNE,Montenegro,2014,4593853290.963,NA,NA,NA,2025-06-05
ME,MNE,Montenegro,2013,4465772400.37453,NA,NA,NA,2025-06-05
ME,MNE,Montenegro,2012,4087526241.81268,NA,NA,NA,2025-06-05
ME,MNE,Montenegro,2011,4544428421.49513,NA,NA,NA,2025-06-05
ME,MNE,Montenegro,2010,4142983843.4912,NA,NA,NA,2025-06-05
ME,MNE,Montenegro,2009,4159330369.5471,NA,NA,NA,2025-06-05
ME,MNE,Montenegro,2008,4545674527.61096,NA,NA,NA,2025-06-05
ME,MNE,Montenegro,2007,3680711743.77224,NA,NA,NA,2025-06-05
ME,MNE,Montenegro,2006,2721903148.91482,NA,NA,NA,2025-06-05
ME,MNE,Montenegro,2005,2257174480.78597,NA,NA,NA,2025-06-05
ME,MNE,Montenegro,2004,2073234417.68066,NA,NA,NA,2025-06-05
ME,MNE,Montenegro,2003,1707710053.14938,NA,NA,NA,2025-06-05
ME,MNE,Montenegro,2002,1284685050.52413,NA,NA,NA,2025-06-05
ME,MNE,Montenegro,2001,1159869245.92513,NA,NA,NA,2025-06-05
ME,MNE,Montenegro,2000,984293043.811565,NA,NA,NA,2025-06-05
ME,MNE,Montenegro,1999,828950327.353261,NA,NA,NA,2025-06-05
ME,MNE,Montenegro,1998,854261160.714286,NA,NA,NA,2025-06-05
ME,MNE,Montenegro,1997,838289118.844405,NA,NA,NA,2025-06-05
ME,MNE,Montenegro,1996,NA,NA,NA,NA,2025-06-05
ME,MNE,Montenegro,1995,NA,NA,NA,NA,2025-06-05
ME,MNE,Montenegro,1994,NA,NA,NA,NA,2025-06-05
ME,MNE,Montenegro,1993,NA,NA,NA,NA,2025-06-05
ME,MNE,Montenegro,1992,NA,NA,NA,NA,2025-06-05
ME,MNE,Montenegro,1991,NA,NA,NA,NA,2025-06-05
ME,MNE,Montenegro,1990,NA,NA,NA,NA,2025-06-05
ME,MNE,Montenegro,1989,NA,NA,NA,NA,2025-06-05
ME,MNE,Montenegro,1988,NA,NA,NA,NA,2025-06-05
ME,MNE,Montenegro,1987,NA,NA,NA,NA,2025-06-05
ME,MNE,Montenegro,1986,NA,NA,NA,NA,2025-06-05
ME,MNE,Montenegro,1985,NA,NA,NA,NA,2025-06-05
ME,MNE,Montenegro,1984,NA,NA,NA,NA,2025-06-05
ME,MNE,Montenegro,1983,NA,NA,NA,NA,2025-06-05
ME,MNE,Montenegro,1982,NA,NA,NA,NA,2025-06-05
ME,MNE,Montenegro,1981,NA,NA,NA,NA,2025-06-05
ME,MNE,Montenegro,1980,NA,NA,NA,NA,2025-06-05
ME,MNE,Montenegro,1979,NA,NA,NA,NA,2025-06-05
ME,MNE,Montenegro,1978,NA,NA,NA,NA,2025-06-05
ME,MNE,Montenegro,1977,NA,NA,NA,NA,2025-06-05
ME,MNE,Montenegro,1976,NA,NA,NA,NA,2025-06-05
ME,MNE,Montenegro,1975,NA,NA,NA,NA,2025-06-05
ME,MNE,Montenegro,1974,NA,NA,NA,NA,2025-06-05
ME,MNE,Montenegro,1973,NA,NA,NA,NA,2025-06-05
ME,MNE,Montenegro,1972,NA,NA,NA,NA,2025-06-05
ME,MNE,Montenegro,1971,NA,NA,NA,NA,2025-06-05
ME,MNE,Montenegro,1970,NA,NA,NA,NA,2025-06-05
ME,MNE,Montenegro,1969,NA,NA,NA,NA,2025-06-05
ME,MNE,Montenegro,1968,NA,NA,NA,NA,2025-06-05
ME,MNE,Montenegro,1967,NA,NA,NA,NA,2025-06-05
ME,MNE,Montenegro,1966,NA,NA,NA,NA,2025-06-05
ME,MNE,Montenegro,1965,NA,NA,NA,NA,2025-06-05
ME,MNE,Montenegro,1964,NA,NA,NA,NA,2025-06-05
ME,MNE,Montenegro,1963,NA,NA,NA,NA,2025-06-05
ME,MNE,Montenegro,1962,NA,NA,NA,NA,2025-06-05
ME,MNE,Montenegro,1961,NA,NA,NA,NA,2025-06-05
ME,MNE,Montenegro,1960,NA,NA,NA,NA,2025-06-05
MA,MAR,Morocco,2024,NA,NA,NA,NA,2025-06-05
MA,MAR,Morocco,2023,144417103249.646,NA,NA,NA,2025-06-05
MA,MAR,Morocco,2022,130951926351.241,NA,NA,NA,2025-06-05
MA,MAR,Morocco,2021,142022058447.231,NA,NA,NA,2025-06-05
MA,MAR,Morocco,2020,121353645057.144,NA,NA,NA,2025-06-05
MA,MAR,Morocco,2019,128920266409.458,NA,NA,NA,2025-06-05
MA,MAR,Morocco,2018,127341147581.818,NA,NA,NA,2025-06-05
MA,MAR,Morocco,2017,118540573367.844,NA,NA,NA,2025-06-05
MA,MAR,Morocco,2016,111572947004.917,NA,NA,NA,2025-06-05
MA,MAR,Morocco,2015,110413823841.592,NA,NA,NA,2025-06-05
MA,MAR,Morocco,2014,119130841411.664,NA,NA,NA,2025-06-05
MA,MAR,Morocco,2013,115739287305.08,NA,NA,NA,2025-06-05
MA,MAR,Morocco,2012,106937392311.129,NA,NA,NA,2025-06-05
MA,MAR,Morocco,2011,110080631332.375,NA,NA,NA,2025-06-05
MA,MAR,Morocco,2010,100865329473.44,NA,NA,NA,2025-06-05
MA,MAR,Morocco,2009,101154952240.881,NA,NA,NA,2025-06-05
MA,MAR,Morocco,2008,101822906949.063,NA,NA,NA,2025-06-05
MA,MAR,Morocco,2007,86947913286.728,NA,NA,NA,2025-06-05
MA,MAR,Morocco,2006,75883823300.8545,NA,NA,NA,2025-06-05
MA,MAR,Morocco,2005,68852658068.6673,NA,NA,NA,2025-06-05
MA,MAR,Morocco,2004,66114145451.0067,NA,NA,NA,2025-06-05
MA,MAR,Morocco,2003,58029363354.2757,NA,NA,NA,2025-06-05
MA,MAR,Morocco,2002,47077192187.6418,NA,NA,NA,2025-06-05
MA,MAR,Morocco,2001,43831480207.6444,NA,NA,NA,2025-06-05
MA,MAR,Morocco,2000,43017455401.8445,NA,NA,NA,2025-06-05
MA,MAR,Morocco,1999,46266428648.1433,NA,NA,NA,2025-06-05
MA,MAR,Morocco,1998,46497608724.9865,NA,NA,NA,2025-06-05
MA,MAR,Morocco,1997,39147844526.0838,NA,NA,NA,2025-06-05
MA,MAR,Morocco,1996,43161571527.6353,NA,NA,NA,2025-06-05
MA,MAR,Morocco,1995,39030285468.3841,NA,NA,NA,2025-06-05
MA,MAR,Morocco,1994,35604137422.5796,NA,NA,NA,2025-06-05
MA,MAR,Morocco,1993,31655473663.8348,NA,NA,NA,2025-06-05
MA,MAR,Morocco,1992,33711069430.78,NA,NA,NA,2025-06-05
MA,MAR,Morocco,1991,32285573573.9185,NA,NA,NA,2025-06-05
MA,MAR,Morocco,1990,30179954774.9899,NA,NA,NA,2025-06-05
MA,MAR,Morocco,1989,26314313191.1826,NA,NA,NA,2025-06-05
MA,MAR,Morocco,1988,25705296183.5037,NA,NA,NA,2025-06-05
MA,MAR,Morocco,1987,21765195948.189,NA,NA,NA,2025-06-05
MA,MAR,Morocco,1986,19462085540.2231,NA,NA,NA,2025-06-05
MA,MAR,Morocco,1985,14991283215.7408,NA,NA,NA,2025-06-05
MA,MAR,Morocco,1984,14824667954.3674,NA,NA,NA,2025-06-05
MA,MAR,Morocco,1983,16251408127.5735,NA,NA,NA,2025-06-05
MA,MAR,Morocco,1982,17692276734.171,NA,NA,NA,2025-06-05
MA,MAR,Morocco,1981,17788185478.944,NA,NA,NA,2025-06-05
MA,MAR,Morocco,1980,21728516153.0907,NA,NA,NA,2025-06-05
MA,MAR,Morocco,1979,15911994817.3107,NA,NA,NA,2025-06-05
MA,MAR,Morocco,1978,13236946233.5759,NA,NA,NA,2025-06-05
MA,MAR,Morocco,1977,11049783871.8144,NA,NA,NA,2025-06-05
MA,MAR,Morocco,1976,9584297284.28316,NA,NA,NA,2025-06-05
MA,MAR,Morocco,1975,8984853005.08058,NA,NA,NA,2025-06-05
MA,MAR,Morocco,1974,7675466449.35531,NA,NA,NA,2025-06-05
MA,MAR,Morocco,1973,6242145880.08876,NA,NA,NA,2025-06-05
MA,MAR,Morocco,1972,5074117544.77482,NA,NA,NA,2025-06-05
MA,MAR,Morocco,1971,4356669034.34266,NA,NA,NA,2025-06-05
MA,MAR,Morocco,1970,3956336244.11865,NA,NA,NA,2025-06-05
MA,MAR,Morocco,1969,3651622668.95103,NA,NA,NA,2025-06-05
MA,MAR,Morocco,1968,3271422332.61996,NA,NA,NA,2025-06-05
MA,MAR,Morocco,1967,3046345314.38655,NA,NA,NA,2025-06-05
MA,MAR,Morocco,1966,2876401297.10759,NA,NA,NA,2025-06-05
MA,MAR,Morocco,1965,2948331090.46752,NA,NA,NA,2025-06-05
MA,MAR,Morocco,1964,2798345298.57781,NA,NA,NA,2025-06-05
MA,MAR,Morocco,1963,2657252578.30763,NA,NA,NA,2025-06-05
MA,MAR,Morocco,1962,2379611124.61442,NA,NA,NA,2025-06-05
MA,MAR,Morocco,1961,2025693539.55842,NA,NA,NA,2025-06-05
MA,MAR,Morocco,1960,2037154741.93211,NA,NA,NA,2025-06-05
MZ,MOZ,Mozambique,2024,NA,NA,NA,NA,2025-06-05
MZ,MOZ,Mozambique,2023,20954220983.5473,NA,NA,NA,2025-06-05
MZ,MOZ,Mozambique,2022,18883528581.3734,NA,NA,NA,2025-06-05
MZ,MOZ,Mozambique,2021,16168055475.4449,NA,NA,NA,2025-06-05
MZ,MOZ,Mozambique,2020,14235420174.1884,NA,NA,NA,2025-06-05
MZ,MOZ,Mozambique,2019,15512759046.672,NA,NA,NA,2025-06-05
MZ,MOZ,Mozambique,2018,15017358952.8452,NA,NA,NA,2025-06-05
MZ,MOZ,Mozambique,2017,13264640645.7768,NA,NA,NA,2025-06-05
MZ,MOZ,Mozambique,2016,12069051237.1711,NA,NA,NA,2025-06-05
MZ,MOZ,Mozambique,2015,16208985769.615,NA,NA,NA,2025-06-05
MZ,MOZ,Mozambique,2014,17978246586.0662,NA,NA,NA,2025-06-05
MZ,MOZ,Mozambique,2013,17198073057.1981,NA,NA,NA,2025-06-05
MZ,MOZ,Mozambique,2012,16688114144.0745,NA,NA,NA,2025-06-05
MZ,MOZ,Mozambique,2011,14619279988.716,NA,NA,NA,2025-06-05
MZ,MOZ,Mozambique,2010,11411894723.864,NA,NA,NA,2025-06-05
MZ,MOZ,Mozambique,2009,12263894790.0125,NA,NA,NA,2025-06-05
MZ,MOZ,Mozambique,2008,12920340964.6544,NA,NA,NA,2025-06-05
MZ,MOZ,Mozambique,2007,10811456005.9405,NA,NA,NA,2025-06-05
MZ,MOZ,Mozambique,2006,9509835536.93373,NA,NA,NA,2025-06-05
MZ,MOZ,Mozambique,2005,8868504899.94673,NA,NA,NA,2025-06-05
MZ,MOZ,Mozambique,2004,7937255565.35765,NA,NA,NA,2025-06-05
MZ,MOZ,Mozambique,2003,6583526860.58062,NA,NA,NA,2025-06-05
MZ,MOZ,Mozambique,2002,5950769426.60213,NA,NA,NA,2025-06-05
MZ,MOZ,Mozambique,2001,5650154067.10346,NA,NA,NA,2025-06-05
MZ,MOZ,Mozambique,2000,5930685214.61595,NA,NA,NA,2025-06-05
MZ,MOZ,Mozambique,1999,6285219691.22462,NA,NA,NA,2025-06-05
MZ,MOZ,Mozambique,1998,5551118148.73836,NA,NA,NA,2025-06-05
MZ,MOZ,Mozambique,1997,4873663774.93019,NA,NA,NA,2025-06-05
MZ,MOZ,Mozambique,1996,4030146134.5706,NA,NA,NA,2025-06-05
MZ,MOZ,Mozambique,1995,3061646173.73938,NA,NA,NA,2025-06-05
MZ,MOZ,Mozambique,1994,2958108170.32061,NA,NA,NA,2025-06-05
MZ,MOZ,Mozambique,1993,2883161897.42651,NA,NA,NA,2025-06-05
MZ,MOZ,Mozambique,1992,2798696511.18156,NA,NA,NA,2025-06-05
MZ,MOZ,Mozambique,1991,3854856434.58062,NA,NA,NA,2025-06-05
MZ,MOZ,Mozambique,1990,NA,NA,NA,NA,2025-06-05
MZ,MOZ,Mozambique,1989,NA,NA,NA,NA,2025-06-05
MZ,MOZ,Mozambique,1988,NA,NA,NA,NA,2025-06-05
MZ,MOZ,Mozambique,1987,NA,NA,NA,NA,2025-06-05
MZ,MOZ,Mozambique,1986,NA,NA,NA,NA,2025-06-05
MZ,MOZ,Mozambique,1985,NA,NA,NA,NA,2025-06-05
MZ,MOZ,Mozambique,1984,NA,NA,NA,NA,2025-06-05
MZ,MOZ,Mozambique,1983,NA,NA,NA,NA,2025-06-05
MZ,MOZ,Mozambique,1982,NA,NA,NA,NA,2025-06-05
MZ,MOZ,Mozambique,1981,NA,NA,NA,NA,2025-06-05
MZ,MOZ,Mozambique,1980,NA,NA,NA,NA,2025-06-05
MZ,MOZ,Mozambique,1979,NA,NA,NA,NA,2025-06-05
MZ,MOZ,Mozambique,1978,NA,NA,NA,NA,2025-06-05
MZ,MOZ,Mozambique,1977,NA,NA,NA,NA,2025-06-05
MZ,MOZ,Mozambique,1976,NA,NA,NA,NA,2025-06-05
MZ,MOZ,Mozambique,1975,NA,NA,NA,NA,2025-06-05
MZ,MOZ,Mozambique,1974,NA,NA,NA,NA,2025-06-05
MZ,MOZ,Mozambique,1973,NA,NA,NA,NA,2025-06-05
MZ,MOZ,Mozambique,1972,NA,NA,NA,NA,2025-06-05
MZ,MOZ,Mozambique,1971,NA,NA,NA,NA,2025-06-05
MZ,MOZ,Mozambique,1970,NA,NA,NA,NA,2025-06-05
MZ,MOZ,Mozambique,1969,NA,NA,NA,NA,2025-06-05
MZ,MOZ,Mozambique,1968,NA,NA,NA,NA,2025-06-05
MZ,MOZ,Mozambique,1967,NA,NA,NA,NA,2025-06-05
MZ,MOZ,Mozambique,1966,NA,NA,NA,NA,2025-06-05
MZ,MOZ,Mozambique,1965,NA,NA,NA,NA,2025-06-05
MZ,MOZ,Mozambique,1964,NA,NA,NA,NA,2025-06-05
MZ,MOZ,Mozambique,1963,NA,NA,NA,NA,2025-06-05
MZ,MOZ,Mozambique,1962,NA,NA,NA,NA,2025-06-05
MZ,MOZ,Mozambique,1961,NA,NA,NA,NA,2025-06-05
MZ,MOZ,Mozambique,1960,NA,NA,NA,NA,2025-06-05
MM,MMR,Myanmar,2024,NA,NA,NA,NA,2025-06-05
MM,MMR,Myanmar,2023,66757619000,NA,NA,NA,2025-06-05
MM,MMR,Myanmar,2022,62253049891.6449,NA,NA,NA,2025-06-05
MM,MMR,Myanmar,2021,66345291160.1683,NA,NA,NA,2025-06-05
MM,MMR,Myanmar,2020,79006113643.1906,NA,NA,NA,2025-06-05
MM,MMR,Myanmar,2019,75065106227.6892,NA,NA,NA,2025-06-05
MM,MMR,Myanmar,2018,67860515989.517,NA,NA,NA,2025-06-05
MM,MMR,Myanmar,2017,66053040483.0016,NA,NA,NA,2025-06-05
MM,MMR,Myanmar,2016,63298361996.2153,NA,NA,NA,2025-06-05
MM,MMR,Myanmar,2015,59607290407.5944,NA,NA,NA,2025-06-05
MM,MMR,Myanmar,2014,65531374199.6742,NA,NA,NA,2025-06-05
MM,MMR,Myanmar,2013,60269732854.827,NA,NA,NA,2025-06-05
MM,MMR,Myanmar,2012,59937796648.2158,NA,NA,NA,2025-06-05
MM,MMR,Myanmar,2011,59977326085.9908,NA,NA,NA,2025-06-05
MM,MMR,Myanmar,2010,49540813342.4834,NA,NA,NA,2025-06-05
MM,MMR,Myanmar,2009,36906181380.8127,NA,NA,NA,2025-06-05
MM,MMR,Myanmar,2008,31862554101.9378,NA,NA,NA,2025-06-05
MM,MMR,Myanmar,2007,20182477480.5512,NA,NA,NA,2025-06-05
MM,MMR,Myanmar,2006,14502553709.8303,NA,NA,NA,2025-06-05
MM,MMR,Myanmar,2005,11986972418.5103,NA,NA,NA,2025-06-05
MM,MMR,Myanmar,2004,10567354056.4049,NA,NA,NA,2025-06-05
MM,MMR,Myanmar,2003,10467109977.6717,NA,NA,NA,2025-06-05
MM,MMR,Myanmar,2002,6777632512.0781,NA,NA,NA,2025-06-05
MM,MMR,Myanmar,2001,6477790688.22844,NA,NA,NA,2025-06-05
MM,MMR,Myanmar,2000,8905066163.58643,NA,NA,NA,2025-06-05
MM,MMR,Myanmar,1999,8486832800.88498,NA,NA,NA,2025-06-05
MM,MMR,Myanmar,1998,6459461639.30243,NA,NA,NA,2025-06-05
MM,MMR,Myanmar,1997,4722288495.66085,NA,NA,NA,2025-06-05
MM,MMR,Myanmar,1996,6123556716.81329,NA,NA,NA,2025-06-05
MM,MMR,Myanmar,1995,5289174942.53404,NA,NA,NA,2025-06-05
MM,MMR,Myanmar,1994,4432257173.6492,NA,NA,NA,2025-06-05
MM,MMR,Myanmar,1993,3163020034.63637,NA,NA,NA,2025-06-05
MM,MMR,Myanmar,1992,2411552288.76212,NA,NA,NA,2025-06-05
MM,MMR,Myanmar,1991,2069832686.98061,NA,NA,NA,2025-06-05
MM,MMR,Myanmar,1990,2115193513.29556,NA,NA,NA,2025-06-05
MM,MMR,Myanmar,1989,2013448228.72975,NA,NA,NA,2025-06-05
MM,MMR,Myanmar,1988,1541088312.25453,NA,NA,NA,2025-06-05
MM,MMR,Myanmar,1987,1562448076.65689,NA,NA,NA,2025-06-05
MM,MMR,Myanmar,1986,1582873750.32068,NA,NA,NA,2025-06-05
MM,MMR,Myanmar,1985,1478908173.26796,NA,NA,NA,2025-06-05
MM,MMR,Myanmar,1984,1304063253.04136,NA,NA,NA,2025-06-05
MM,MMR,Myanmar,1983,1381573615.2513,NA,NA,NA,2025-06-05
MM,MMR,Myanmar,1982,1481165467.83214,NA,NA,NA,2025-06-05
MM,MMR,Myanmar,1981,1111000765.28987,NA,NA,NA,2025-06-05
MM,MMR,Myanmar,1980,1038225167.05882,NA,NA,NA,2025-06-05
MM,MMR,Myanmar,1979,952265043.438383,NA,NA,NA,2025-06-05
MM,MMR,Myanmar,1978,935408774.951918,NA,NA,NA,2025-06-05
MM,MMR,Myanmar,1977,873579931.929901,NA,NA,NA,2025-06-05
MM,MMR,Myanmar,1976,1204699849.12592,NA,NA,NA,2025-06-05
MM,MMR,Myanmar,1975,1061107353.67232,NA,NA,NA,2025-06-05
MM,MMR,Myanmar,1974,1225589878.06809,NA,NA,NA,2025-06-05
MM,MMR,Myanmar,1973,719754655.358964,NA,NA,NA,2025-06-05
MM,MMR,Myanmar,1972,662213082.741535,NA,NA,NA,2025-06-05
MM,MMR,Myanmar,1971,587448405.488773,NA,NA,NA,2025-06-05
MM,MMR,Myanmar,1970,563555630.769545,NA,NA,NA,2025-06-05
MM,MMR,Myanmar,1969,571854214.589142,NA,NA,NA,2025-06-05
MM,MMR,Myanmar,1968,559956130.283622,NA,NA,NA,2025-06-05
MM,MMR,Myanmar,1967,420359035.897436,NA,NA,NA,2025-06-05
MM,MMR,Myanmar,1966,293103478.548483,NA,NA,NA,2025-06-05
MM,MMR,Myanmar,1965,367053117.224523,NA,NA,NA,2025-06-05
MM,MMR,Myanmar,1964,411419905.846621,NA,NA,NA,2025-06-05
MM,MMR,Myanmar,1963,598998418.724583,NA,NA,NA,2025-06-05
MM,MMR,Myanmar,1962,634528872.02036,NA,NA,NA,2025-06-05
MM,MMR,Myanmar,1961,605581577.287066,NA,NA,NA,2025-06-05
MM,MMR,Myanmar,1960,545098447.640862,NA,NA,NA,2025-06-05
NA,NAM,Namibia,2024,NA,NA,NA,NA,2025-06-05
NA,NAM,Namibia,2023,12351025066.9131,NA,NA,NA,2025-06-05
NA,NAM,Namibia,2022,12567271004.6761,NA,NA,NA,2025-06-05
NA,NAM,Namibia,2021,12402486183.6396,NA,NA,NA,2025-06-05
NA,NAM,Namibia,2020,10583748541.5258,NA,NA,NA,2025-06-05
NA,NAM,Namibia,2019,12541928303.48,NA,NA,NA,2025-06-05
NA,NAM,Namibia,2018,13682019076.4022,NA,NA,NA,2025-06-05
NA,NAM,Namibia,2017,12895153370.9132,NA,NA,NA,2025-06-05
NA,NAM,Namibia,2016,10722018732.0936,NA,NA,NA,2025-06-05
NA,NAM,Namibia,2015,11335161083.5061,NA,NA,NA,2025-06-05
NA,NAM,Namibia,2014,12435430969.6301,NA,NA,NA,2025-06-05
NA,NAM,Namibia,2013,12043307277.1235,NA,NA,NA,2025-06-05
NA,NAM,Namibia,2012,13042053591.6857,NA,NA,NA,2025-06-05
NA,NAM,Namibia,2011,12523359440.5499,NA,NA,NA,2025-06-05
NA,NAM,Namibia,2010,11431412421.1316,NA,NA,NA,2025-06-05
NA,NAM,Namibia,2009,8938847189.07592,NA,NA,NA,2025-06-05
NA,NAM,Namibia,2008,8607431497.49471,NA,NA,NA,2025-06-05
NA,NAM,Namibia,2007,8839536475.99963,NA,NA,NA,2025-06-05
NA,NAM,Namibia,2006,8001779551.06323,NA,NA,NA,2025-06-05
NA,NAM,Namibia,2005,7248374837.72056,NA,NA,NA,2025-06-05
NA,NAM,Namibia,2004,6609205994.77406,NA,NA,NA,2025-06-05
NA,NAM,Namibia,2003,4926439383.51425,NA,NA,NA,2025-06-05
NA,NAM,Namibia,2002,3349169826.38896,NA,NA,NA,2025-06-05
NA,NAM,Namibia,2001,3557341215.15159,NA,NA,NA,2025-06-05
NA,NAM,Namibia,2000,3922232164.83175,NA,NA,NA,2025-06-05
NA,NAM,Namibia,1999,3868551730.39163,NA,NA,NA,2025-06-05
NA,NAM,Namibia,1998,3873109865.55683,NA,NA,NA,2025-06-05
NA,NAM,Namibia,1997,4154989950.00393,NA,NA,NA,2025-06-05
NA,NAM,Namibia,1996,3989163196.56767,NA,NA,NA,2025-06-05
NA,NAM,Namibia,1995,3978514206.31168,NA,NA,NA,2025-06-05
NA,NAM,Namibia,1994,3666503529.62911,NA,NA,NA,2025-06-05
NA,NAM,Namibia,1993,3251188833.14533,NA,NA,NA,2025-06-05
NA,NAM,Namibia,1992,3429521699.4026,NA,NA,NA,2025-06-05
NA,NAM,Namibia,1991,2996869281.48364,NA,NA,NA,2025-06-05
NA,NAM,Namibia,1990,2789921853.53112,NA,NA,NA,2025-06-05
NA,NAM,Namibia,1989,2535135797.50766,NA,NA,NA,2025-06-05
NA,NAM,Namibia,1988,2495094746.44024,NA,NA,NA,2025-06-05
NA,NAM,Namibia,1987,2300068216.96898,NA,NA,NA,2025-06-05
NA,NAM,Namibia,1986,1809048527.11034,NA,NA,NA,2025-06-05
NA,NAM,Namibia,1985,1608237350.44365,NA,NA,NA,2025-06-05
NA,NAM,Namibia,1984,1951260037.94542,NA,NA,NA,2025-06-05
NA,NAM,Namibia,1983,2297400687.55049,NA,NA,NA,2025-06-05
NA,NAM,Namibia,1982,2118710248.32937,NA,NA,NA,2025-06-05
NA,NAM,Namibia,1981,2249908578.03115,NA,NA,NA,2025-06-05
NA,NAM,Namibia,1980,2421990338.12083,NA,NA,NA,2025-06-05
NA,NAM,Namibia,1979,NA,NA,NA,NA,2025-06-05
NA,NAM,Namibia,1978,NA,NA,NA,NA,2025-06-05
NA,NAM,Namibia,1977,NA,NA,NA,NA,2025-06-05
NA,NAM,Namibia,1976,NA,NA,NA,NA,2025-06-05
NA,NAM,Namibia,1975,NA,NA,NA,NA,2025-06-05
NA,NAM,Namibia,1974,NA,NA,NA,NA,2025-06-05
NA,NAM,Namibia,1973,NA,NA,NA,NA,2025-06-05
NA,NAM,Namibia,1972,NA,NA,NA,NA,2025-06-05
NA,NAM,Namibia,1971,NA,NA,NA,NA,2025-06-05
NA,NAM,Namibia,1970,NA,NA,NA,NA,2025-06-05
NA,NAM,Namibia,1969,NA,NA,NA,NA,2025-06-05
NA,NAM,Namibia,1968,NA,NA,NA,NA,2025-06-05
NA,NAM,Namibia,1967,NA,NA,NA,NA,2025-06-05
NA,NAM,Namibia,1966,NA,NA,NA,NA,2025-06-05
NA,NAM,Namibia,1965,NA,NA,NA,NA,2025-06-05
NA,NAM,Namibia,1964,NA,NA,NA,NA,2025-06-05
NA,NAM,Namibia,1963,NA,NA,NA,NA,2025-06-05
NA,NAM,Namibia,1962,NA,NA,NA,NA,2025-06-05
NA,NAM,Namibia,1961,NA,NA,NA,NA,2025-06-05
NA,NAM,Namibia,1960,NA,NA,NA,NA,2025-06-05
NR,NRU,Nauru,2024,NA,NA,NA,NA,2025-06-05
NR,NRU,Nauru,2023,154170289.321861,NA,NA,NA,2025-06-05
NR,NRU,Nauru,2022,156803087.302496,NA,NA,NA,2025-06-05
NR,NRU,Nauru,2021,175513984.500084,NA,NA,NA,2025-06-05
NR,NRU,Nauru,2020,124530027.301054,NA,NA,NA,2025-06-05
NR,NRU,Nauru,2019,124871111.377973,NA,NA,NA,2025-06-05
NR,NRU,Nauru,2018,130937589.753517,NA,NA,NA,2025-06-05
NR,NRU,Nauru,2017,108862278.516511,NA,NA,NA,2025-06-05
NR,NRU,Nauru,2016,97276023.0784346,NA,NA,NA,2025-06-05
NR,NRU,Nauru,2015,84383388.6448573,NA,NA,NA,2025-06-05
NR,NRU,Nauru,2014,98752257.0453222,NA,NA,NA,2025-06-05
NR,NRU,Nauru,2013,94385014.9425842,NA,NA,NA,2025-06-05
NR,NRU,Nauru,2012,100794924.670417,NA,NA,NA,2025-06-05
NR,NRU,Nauru,2011,65444173.7762725,NA,NA,NA,2025-06-05
NR,NRU,Nauru,2010,47562844.6104251,NA,NA,NA,2025-06-05
NR,NRU,Nauru,2009,44176245.5492433,NA,NA,NA,2025-06-05
NR,NRU,Nauru,2008,37602264.7306872,NA,NA,NA,2025-06-05
NR,NRU,Nauru,2007,22766972.1889659,NA,NA,NA,2025-06-05
NR,NRU,Nauru,2006,29200359.3890386,NA,NA,NA,2025-06-05
NR,NRU,Nauru,2005,30070666.0652533,NA,NA,NA,2025-06-05
NR,NRU,Nauru,2004,30587565.7988334,NA,NA,NA,2025-06-05
NR,NRU,Nauru,2003,24778159.5806639,NA,NA,NA,2025-06-05
NR,NRU,Nauru,2002,21017423.6082043,NA,NA,NA,2025-06-05
NR,NRU,Nauru,2001,22613287.5389074,NA,NA,NA,2025-06-05
NR,NRU,Nauru,2000,26930980.3429002,NA,NA,NA,2025-06-05
NR,NRU,Nauru,1999,27328612.6080962,NA,NA,NA,2025-06-05
NR,NRU,Nauru,1998,29664450.9258631,NA,NA,NA,2025-06-05
NR,NRU,Nauru,1997,37331507.2781343,NA,NA,NA,2025-06-05
NR,NRU,Nauru,1996,37458801.2139605,NA,NA,NA,2025-06-05
NR,NRU,Nauru,1995,39969705.969706,NA,NA,NA,2025-06-05
NR,NRU,Nauru,1994,39742511.2417848,NA,NA,NA,2025-06-05
NR,NRU,Nauru,1993,43542088.2518269,NA,NA,NA,2025-06-05
NR,NRU,Nauru,1992,51133123.1254326,NA,NA,NA,2025-06-05
NR,NRU,Nauru,1991,52533788.5566282,NA,NA,NA,2025-06-05
NR,NRU,Nauru,1990,55572375.5290496,NA,NA,NA,2025-06-05
NR,NRU,Nauru,1989,53736786.0923378,NA,NA,NA,2025-06-05
NR,NRU,Nauru,1988,45931133.5855646,NA,NA,NA,2025-06-05
NR,NRU,Nauru,1987,40118409.8729486,NA,NA,NA,2025-06-05
NR,NRU,Nauru,1986,39939390.7386682,NA,NA,NA,2025-06-05
NR,NRU,Nauru,1985,41548740.5077855,NA,NA,NA,2025-06-05
NR,NRU,Nauru,1984,47363231.2986778,NA,NA,NA,2025-06-05
NR,NRU,Nauru,1983,48439093.1211979,NA,NA,NA,2025-06-05
NR,NRU,Nauru,1982,52877742.469381,NA,NA,NA,2025-06-05
NR,NRU,Nauru,1981,51689636.5958435,NA,NA,NA,2025-06-05
NR,NRU,Nauru,1980,46947124.2339833,NA,NA,NA,2025-06-05
NR,NRU,Nauru,1979,44431330.2283313,NA,NA,NA,2025-06-05
NR,NRU,Nauru,1978,41754147.3043086,NA,NA,NA,2025-06-05
NR,NRU,Nauru,1977,40444701.7664602,NA,NA,NA,2025-06-05
NR,NRU,Nauru,1976,40287427.2028236,NA,NA,NA,2025-06-05
NR,NRU,Nauru,1975,40106775.9115117,NA,NA,NA,2025-06-05
NR,NRU,Nauru,1974,35994511.422255,NA,NA,NA,2025-06-05
NR,NRU,Nauru,1973,26529816.7841127,NA,NA,NA,2025-06-05
NR,NRU,Nauru,1972,21734268.6915888,NA,NA,NA,2025-06-05
NR,NRU,Nauru,1971,19009433.3072013,NA,NA,NA,2025-06-05
NR,NRU,Nauru,1970,17570366.2224213,NA,NA,NA,2025-06-05
NR,NRU,Nauru,1969,NA,NA,NA,NA,2025-06-05
NR,NRU,Nauru,1968,NA,NA,NA,NA,2025-06-05
NR,NRU,Nauru,1967,NA,NA,NA,NA,2025-06-05
NR,NRU,Nauru,1966,NA,NA,NA,NA,2025-06-05
NR,NRU,Nauru,1965,NA,NA,NA,NA,2025-06-05
NR,NRU,Nauru,1964,NA,NA,NA,NA,2025-06-05
NR,NRU,Nauru,1963,NA,NA,NA,NA,2025-06-05
NR,NRU,Nauru,1962,NA,NA,NA,NA,2025-06-05
NR,NRU,Nauru,1961,NA,NA,NA,NA,2025-06-05
NR,NRU,Nauru,1960,NA,NA,NA,NA,2025-06-05
NP,NPL,Nepal,2024,NA,NA,NA,NA,2025-06-05
NP,NPL,Nepal,2023,40908073366.8455,NA,NA,NA,2025-06-05
NP,NPL,Nepal,2022,41182939600.67,NA,NA,NA,2025-06-05
NP,NPL,Nepal,2021,36924841394.2605,NA,NA,NA,2025-06-05
NP,NPL,Nepal,2020,33433659301.2466,NA,NA,NA,2025-06-05
NP,NPL,Nepal,2019,34186180699.0255,NA,NA,NA,2025-06-05
NP,NPL,Nepal,2018,33111525237.149,NA,NA,NA,2025-06-05
NP,NPL,Nepal,2017,28971588940.364,NA,NA,NA,2025-06-05
NP,NPL,Nepal,2016,24524109483.5293,NA,NA,NA,2025-06-05
NP,NPL,Nepal,2015,24360801286.7638,NA,NA,NA,2025-06-05
NP,NPL,Nepal,2014,22731612922.1906,NA,NA,NA,2025-06-05
NP,NPL,Nepal,2013,22162204924.5726,NA,NA,NA,2025-06-05
NP,NPL,Nepal,2012,21703100877.1309,NA,NA,NA,2025-06-05
NP,NPL,Nepal,2011,21573872420.7008,NA,NA,NA,2025-06-05
NP,NPL,Nepal,2010,16002656434.4746,NA,NA,NA,2025-06-05
NP,NPL,Nepal,2009,12854985464.0764,NA,NA,NA,2025-06-05
NP,NPL,Nepal,2008,12545438605.3959,NA,NA,NA,2025-06-05
NP,NPL,Nepal,2007,10325618017.379,NA,NA,NA,2025-06-05
NP,NPL,Nepal,2006,9043715355.8881,NA,NA,NA,2025-06-05
NP,NPL,Nepal,2005,8130258377.90964,NA,NA,NA,2025-06-05
NP,NPL,Nepal,2004,7273938314.71988,NA,NA,NA,2025-06-05
NP,NPL,Nepal,2003,6330473096.54071,NA,NA,NA,2025-06-05
NP,NPL,Nepal,2002,6050875806.66403,NA,NA,NA,2025-06-05
NP,NPL,Nepal,2001,6007055042.17687,NA,NA,NA,2025-06-05
NP,NPL,Nepal,2000,5494252207.90502,NA,NA,NA,2025-06-05
NP,NPL,Nepal,1999,5033642384.10596,NA,NA,NA,2025-06-05
NP,NPL,Nepal,1998,4856255044.39064,NA,NA,NA,2025-06-05
NP,NPL,Nepal,1997,4918691916.53516,NA,NA,NA,2025-06-05
NP,NPL,Nepal,1996,4521580381.47139,NA,NA,NA,2025-06-05
NP,NPL,Nepal,1995,4401104417.67068,NA,NA,NA,2025-06-05
NP,NPL,Nepal,1994,4066775510.20408,NA,NA,NA,2025-06-05
NP,NPL,Nepal,1993,3660041666.66667,NA,NA,NA,2025-06-05
NP,NPL,Nepal,1992,3401211581.29176,NA,NA,NA,2025-06-05
NP,NPL,Nepal,1991,3921476084.89072,NA,NA,NA,2025-06-05
NP,NPL,Nepal,1990,3627560239.48997,NA,NA,NA,2025-06-05
NP,NPL,Nepal,1989,3525225786.58691,NA,NA,NA,2025-06-05
NP,NPL,Nepal,1988,3487009748.35638,NA,NA,NA,2025-06-05
NP,NPL,Nepal,1987,2957255379.54315,NA,NA,NA,2025-06-05
NP,NPL,Nepal,1986,2850782044.04306,NA,NA,NA,2025-06-05
NP,NPL,Nepal,1985,2619913955.51556,NA,NA,NA,2025-06-05
NP,NPL,Nepal,1984,2581207387.79709,NA,NA,NA,2025-06-05
NP,NPL,Nepal,1983,2447174803.37791,NA,NA,NA,2025-06-05
NP,NPL,Nepal,1982,2395423741.79762,NA,NA,NA,2025-06-05
NP,NPL,Nepal,1981,2275583316.66667,NA,NA,NA,2025-06-05
NP,NPL,Nepal,1980,1945916583.33333,NA,NA,NA,2025-06-05
NP,NPL,Nepal,1979,1851250008.33333,NA,NA,NA,2025-06-05
NP,NPL,Nepal,1978,1604162497.45945,NA,NA,NA,2025-06-05
NP,NPL,Nepal,1977,1382400000,NA,NA,NA,2025-06-05
NP,NPL,Nepal,1976,1452788984.86265,NA,NA,NA,2025-06-05
NP,NPL,Nepal,1975,1575789254.46938,NA,NA,NA,2025-06-05
NP,NPL,Nepal,1974,1217953546.97604,NA,NA,NA,2025-06-05
NP,NPL,Nepal,1973,972101724.995368,NA,NA,NA,2025-06-05
NP,NPL,Nepal,1972,1024098400.35619,NA,NA,NA,2025-06-05
NP,NPL,Nepal,1971,882765471.604938,NA,NA,NA,2025-06-05
NP,NPL,Nepal,1970,865975308.641975,NA,NA,NA,2025-06-05
NP,NPL,Nepal,1969,788641965.432099,NA,NA,NA,2025-06-05
NP,NPL,Nepal,1968,772231386.914829,NA,NA,NA,2025-06-05
NP,NPL,Nepal,1967,841974025.462659,NA,NA,NA,2025-06-05
NP,NPL,Nepal,1966,906811943.824649,NA,NA,NA,2025-06-05
NP,NPL,Nepal,1965,735267082.294264,NA,NA,NA,2025-06-05
NP,NPL,Nepal,1964,496098775.30864203,NA,NA,NA,2025-06-05
NP,NPL,Nepal,1963,496947904.443033,NA,NA,NA,2025-06-05
NP,NPL,Nepal,1962,574091101.194382,NA,NA,NA,2025-06-05
NP,NPL,Nepal,1961,531959561.62226,NA,NA,NA,2025-06-05
NP,NPL,Nepal,1960,508334413.965087,NA,NA,NA,2025-06-05
NL,NLD,Netherlands,2024,NA,NA,NA,NA,2025-06-05
NL,NLD,Netherlands,2023,1154361305398.06,NA,NA,NA,2025-06-05
NL,NLD,Netherlands,2022,1046540797548.64,NA,NA,NA,2025-06-05
NL,NLD,Netherlands,2021,1054472123449.6,NA,NA,NA,2025-06-05
NL,NLD,Netherlands,2020,932560861701.17,NA,NA,NA,2025-06-05
NL,NLD,Netherlands,2019,928903005576.469,NA,NA,NA,2025-06-05
NL,NLD,Netherlands,2018,929733599796.862,NA,NA,NA,2025-06-05
NL,NLD,Netherlands,2017,848233537845.884,NA,NA,NA,2025-06-05
NL,NLD,Netherlands,2016,797163949289.885,NA,NA,NA,2025-06-05
NL,NLD,Netherlands,2015,775743675302.734,NA,NA,NA,2025-06-05
NL,NLD,Netherlands,2014,901556501756.467,NA,NA,NA,2025-06-05
NL,NLD,Netherlands,2013,883951539006.669,NA,NA,NA,2025-06-05
NL,NLD,Netherlands,2012,845689017065.625,NA,NA,NA,2025-06-05
NL,NLD,Netherlands,2011,913140741332.687,NA,NA,NA,2025-06-05
NL,NLD,Netherlands,2010,852464982433.335,NA,NA,NA,2025-06-05
NL,NLD,Netherlands,2009,878954223140.234,NA,NA,NA,2025-06-05
NL,NLD,Netherlands,2008,957901566041.406,NA,NA,NA,2025-06-05
NL,NLD,Netherlands,2007,853499460872.552,NA,NA,NA,2025-06-05
NL,NLD,Netherlands,2006,737593995289.411,NA,NA,NA,2025-06-05
NL,NLD,Netherlands,2005,688133699635.797,NA,NA,NA,2025-06-05
NL,NLD,Netherlands,2004,661224886143.245,NA,NA,NA,2025-06-05
NL,NLD,Netherlands,2003,582435617081.96,NA,NA,NA,2025-06-05
NL,NLD,Netherlands,2002,475529972122.746,NA,NA,NA,2025-06-05
NL,NLD,Netherlands,2001,432536219668.898,NA,NA,NA,2025-06-05
NL,NLD,Netherlands,2000,417649282153.726,NA,NA,NA,2025-06-05
NL,NLD,Netherlands,1999,447778514140.155,NA,NA,NA,2025-06-05
NL,NLD,Netherlands,1998,438612530548.767,NA,NA,NA,2025-06-05
NL,NLD,Netherlands,1997,417506211881.635,NA,NA,NA,2025-06-05
NL,NLD,Netherlands,1996,451372549019.608,NA,NA,NA,2025-06-05
NL,NLD,Netherlands,1995,452967334614.329,NA,NA,NA,2025-06-05
NL,NLD,Netherlands,1994,379688232231.505,NA,NA,NA,2025-06-05
NL,NLD,Netherlands,1993,354070495965.828,NA,NA,NA,2025-06-05
NL,NLD,Netherlands,1992,363497050125.313,NA,NA,NA,2025-06-05
NL,NLD,Netherlands,1991,327982316124.47,NA,NA,NA,2025-06-05
NL,NLD,Netherlands,1990,318799003993.707,NA,NA,NA,2025-06-05
NL,NLD,Netherlands,1989,258716904291.801,NA,NA,NA,2025-06-05
NL,NLD,Netherlands,1988,262295966105.474,NA,NA,NA,2025-06-05
NL,NLD,Netherlands,1987,245406949521.323,NA,NA,NA,2025-06-05
NL,NLD,Netherlands,1986,201157708220.903,NA,NA,NA,2025-06-05
NL,NLD,Netherlands,1985,144057523221.868,NA,NA,NA,2025-06-05
NL,NLD,Netherlands,1984,144124462912.088,NA,NA,NA,2025-06-05
NL,NLD,Netherlands,1983,153671294108.563,NA,NA,NA,2025-06-05
NL,NLD,Netherlands,1982,158712765536.024,NA,NA,NA,2025-06-05
NL,NLD,Netherlands,1981,164375775854.456,NA,NA,NA,2025-06-05
NL,NLD,Netherlands,1980,195439301706.939,NA,NA,NA,2025-06-05
NL,NLD,Netherlands,1979,179933827309.678,NA,NA,NA,2025-06-05
NL,NLD,Netherlands,1978,156089077205.133,NA,NA,NA,2025-06-05
NL,NLD,Netherlands,1977,127203923857.412,NA,NA,NA,2025-06-05
NL,NLD,Netherlands,1976,109329386564.427,NA,NA,NA,2025-06-05
NL,NLD,Netherlands,1975,100397061693.97,NA,NA,NA,2025-06-05
NL,NLD,Netherlands,1974,87371810804.1643,NA,NA,NA,2025-06-05
NL,NLD,Netherlands,1973,71946639602.7117,NA,NA,NA,2025-06-05
NL,NLD,Netherlands,1972,54787070173.0294,NA,NA,NA,2025-06-05
NL,NLD,Netherlands,1971,44644730576.4411,NA,NA,NA,2025-06-05
NL,NLD,Netherlands,1970,38220884519.3888,NA,NA,NA,2025-06-05
NL,NLD,Netherlands,1969,34086038090.3986,NA,NA,NA,2025-06-05
NL,NLD,Netherlands,1968,30097635750.982,NA,NA,NA,2025-06-05
NL,NLD,Netherlands,1967,27143828098.7481,NA,NA,NA,2025-06-05
NL,NLD,Netherlands,1966,24741480717.0389,NA,NA,NA,2025-06-05
NL,NLD,Netherlands,1965,22721869808.1438,NA,NA,NA,2025-06-05
NL,NLD,Netherlands,1964,20232048552.8327,NA,NA,NA,2025-06-05
NL,NLD,Netherlands,1963,17193744109.0367,NA,NA,NA,2025-06-05
NL,NLD,Netherlands,1962,15847582341.1664,NA,NA,NA,2025-06-05
NL,NLD,Netherlands,1961,14599836396.388,NA,NA,NA,2025-06-05
NL,NLD,Netherlands,1960,13282979014.563,NA,NA,NA,2025-06-05
NC,NCL,New Caledonia,2024,NA,NA,NA,NA,2025-06-05
NC,NCL,New Caledonia,2023,NA,NA,NA,NA,2025-06-05
NC,NCL,New Caledonia,2022,9623318718.31459,NA,NA,NA,2025-06-05
NC,NCL,New Caledonia,2021,10071349663.8484,NA,NA,NA,2025-06-05
NC,NCL,New Caledonia,2020,9454629467.91408,NA,NA,NA,2025-06-05
NC,NCL,New Caledonia,2019,9475655324.59495,NA,NA,NA,2025-06-05
NC,NCL,New Caledonia,2018,9896402283.68587,NA,NA,NA,2025-06-05
NC,NCL,New Caledonia,2017,9174048681.98577,NA,NA,NA,2025-06-05
NC,NCL,New Caledonia,2016,8724568954.89799,NA,NA,NA,2025-06-05
NC,NCL,New Caledonia,2015,8738203074.3957,NA,NA,NA,2025-06-05
NC,NCL,New Caledonia,2014,10635035594.7528,NA,NA,NA,2025-06-05
NC,NCL,New Caledonia,2013,10151382933.1594,NA,NA,NA,2025-06-05
NC,NCL,New Caledonia,2012,9659151917.40484,NA,NA,NA,2025-06-05
NC,NCL,New Caledonia,2011,10351448004.7674,NA,NA,NA,2025-06-05
NC,NCL,New Caledonia,2010,9364350076.91225,NA,NA,NA,2025-06-05
NC,NCL,New Caledonia,2009,8704438102.20142,NA,NA,NA,2025-06-05
NC,NCL,New Caledonia,2008,9067619760.07073,NA,NA,NA,2025-06-05
NC,NCL,New Caledonia,2007,8819917180.34265,NA,NA,NA,2025-06-05
NC,NCL,New Caledonia,2006,6979155387.86792,NA,NA,NA,2025-06-05
NC,NCL,New Caledonia,2005,6238629487.01331,NA,NA,NA,2025-06-05
NC,NCL,New Caledonia,2004,5895008977.9531,NA,NA,NA,2025-06-05
NC,NCL,New Caledonia,2003,4915353827.10576,NA,NA,NA,2025-06-05
NC,NCL,New Caledonia,2002,3740056747.71979,NA,NA,NA,2025-06-05
NC,NCL,New Caledonia,2001,3297734891.14661,NA,NA,NA,2025-06-05
NC,NCL,New Caledonia,2000,3420032041.07385,NA,NA,NA,2025-06-05
NC,NCL,New Caledonia,1999,3647802049.80911,NA,NA,NA,2025-06-05
NC,NCL,New Caledonia,1998,3556304832.68104,NA,NA,NA,2025-06-05
NC,NCL,New Caledonia,1997,3291131281.04099,NA,NA,NA,2025-06-05
NC,NCL,New Caledonia,1996,3606968435.99917,NA,NA,NA,2025-06-05
NC,NCL,New Caledonia,1995,3628440505.14193,NA,NA,NA,2025-06-05
NC,NCL,New Caledonia,1994,3038728384.86634,NA,NA,NA,2025-06-05
NC,NCL,New Caledonia,1993,2822243780.97543,NA,NA,NA,2025-06-05
NC,NCL,New Caledonia,1992,2923883281.08579,NA,NA,NA,2025-06-05
NC,NCL,New Caledonia,1991,2653780672.09555,NA,NA,NA,2025-06-05
NC,NCL,New Caledonia,1990,2529440424.16648,NA,NA,NA,2025-06-05
NC,NCL,New Caledonia,1989,2185082938.93078,NA,NA,NA,2025-06-05
NC,NCL,New Caledonia,1988,2072775508.14796,NA,NA,NA,2025-06-05
NC,NCL,New Caledonia,1987,1488093101.50275,NA,NA,NA,2025-06-05
NC,NCL,New Caledonia,1986,1201321513.76667,NA,NA,NA,2025-06-05
NC,NCL,New Caledonia,1985,854820893.577136,NA,NA,NA,2025-06-05
NC,NCL,New Caledonia,1984,796066194.738573,NA,NA,NA,2025-06-05
NC,NCL,New Caledonia,1983,823857893.163123,NA,NA,NA,2025-06-05
NC,NCL,New Caledonia,1982,904599869.725833,NA,NA,NA,2025-06-05
NC,NCL,New Caledonia,1981,972564154.815131,NA,NA,NA,2025-06-05
NC,NCL,New Caledonia,1980,1182463951.21814,NA,NA,NA,2025-06-05
NC,NCL,New Caledonia,1979,1047225723.57386,NA,NA,NA,2025-06-05
NC,NCL,New Caledonia,1978,846004687.758093,NA,NA,NA,2025-06-05
NC,NCL,New Caledonia,1977,837620126.558528,NA,NA,NA,2025-06-05
NC,NCL,New Caledonia,1976,798313521.689803,NA,NA,NA,2025-06-05
NC,NCL,New Caledonia,1975,816652164.400241,NA,NA,NA,2025-06-05
NC,NCL,New Caledonia,1974,637403478.492486,NA,NA,NA,2025-06-05
NC,NCL,New Caledonia,1973,542293399.862618,NA,NA,NA,2025-06-05
NC,NCL,New Caledonia,1972,506808996.694661,NA,NA,NA,2025-06-05
NC,NCL,New Caledonia,1971,413985778.589656,NA,NA,NA,2025-06-05
NC,NCL,New Caledonia,1970,358815684.071892,NA,NA,NA,2025-06-05
NC,NCL,New Caledonia,1969,263108841.338416,NA,NA,NA,2025-06-05
NC,NCL,New Caledonia,1968,215507162.56893,NA,NA,NA,2025-06-05
NC,NCL,New Caledonia,1967,180036767.648861,NA,NA,NA,2025-06-05
NC,NCL,New Caledonia,1966,164206536.445162,NA,NA,NA,2025-06-05
NC,NCL,New Caledonia,1965,159594492.463655,NA,NA,NA,2025-06-05
NC,NCL,New Caledonia,1964,NA,NA,NA,NA,2025-06-05
NC,NCL,New Caledonia,1963,NA,NA,NA,NA,2025-06-05
NC,NCL,New Caledonia,1962,NA,NA,NA,NA,2025-06-05
NC,NCL,New Caledonia,1961,NA,NA,NA,NA,2025-06-05
NC,NCL,New Caledonia,1960,NA,NA,NA,NA,2025-06-05
NZ,NZL,New Zealand,2024,NA,NA,NA,NA,2025-06-05
NZ,NZL,New Zealand,2023,252175506110.168,NA,NA,NA,2025-06-05
NZ,NZL,New Zealand,2022,246733522841.353,NA,NA,NA,2025-06-05
NZ,NZL,New Zealand,2021,253644079784.977,NA,NA,NA,2025-06-05
NZ,NZL,New Zealand,2020,212697530897.56,NA,NA,NA,2025-06-05
NZ,NZL,New Zealand,2019,212846907683.439,NA,NA,NA,2025-06-05
NZ,NZL,New Zealand,2018,211846555690.736,NA,NA,NA,2025-06-05
NZ,NZL,New Zealand,2017,206566916732.292,NA,NA,NA,2025-06-05
NZ,NZL,New Zealand,2016,188898209220.167,NA,NA,NA,2025-06-05
NZ,NZL,New Zealand,2015,178104220784.881,NA,NA,NA,2025-06-05
NZ,NZL,New Zealand,2014,201337554959.49,NA,NA,NA,2025-06-05
NZ,NZL,New Zealand,2013,190909855416.34,NA,NA,NA,2025-06-05
NZ,NZL,New Zealand,2012,176210710655.208,NA,NA,NA,2025-06-05
NZ,NZL,New Zealand,2011,168295307149.46,NA,NA,NA,2025-06-05
NZ,NZL,New Zealand,2010,146517541181.254,NA,NA,NA,2025-06-05
NZ,NZL,New Zealand,2009,121373602348.679,NA,NA,NA,2025-06-05
NZ,NZL,New Zealand,2008,133131369930.414,NA,NA,NA,2025-06-05
NZ,NZL,New Zealand,2007,137188946865.584,NA,NA,NA,2025-06-05
NZ,NZL,New Zealand,2006,111538810712.665,NA,NA,NA,2025-06-05
NZ,NZL,New Zealand,2005,114720129550.095,NA,NA,NA,2025-06-05
NZ,NZL,New Zealand,2004,103905210084.034,NA,NA,NA,2025-06-05
NZ,NZL,New Zealand,2003,88250885550.2626,NA,NA,NA,2025-06-05
NZ,NZL,New Zealand,2002,66627729311.4495,NA,NA,NA,2025-06-05
NZ,NZL,New Zealand,2001,53872425916.6248,NA,NA,NA,2025-06-05
NZ,NZL,New Zealand,2000,52623281956.7031,NA,NA,NA,2025-06-05
NZ,NZL,New Zealand,1999,58762260625.8758,NA,NA,NA,2025-06-05
NZ,NZL,New Zealand,1998,56227169851.0448,NA,NA,NA,2025-06-05
NZ,NZL,New Zealand,1997,66075143415.4952,NA,NA,NA,2025-06-05
NZ,NZL,New Zealand,1996,70140835299.0148,NA,NA,NA,2025-06-05
NZ,NZL,New Zealand,1995,63918703506.9075,NA,NA,NA,2025-06-05
NZ,NZL,New Zealand,1994,55314732279.1379,NA,NA,NA,2025-06-05
NZ,NZL,New Zealand,1993,46775620817.4327,NA,NA,NA,2025-06-05
NZ,NZL,New Zealand,1992,41649829859.6342,NA,NA,NA,2025-06-05
NZ,NZL,New Zealand,1991,42745329732.163,NA,NA,NA,2025-06-05
NZ,NZL,New Zealand,1990,45495129385.0475,NA,NA,NA,2025-06-05
NZ,NZL,New Zealand,1989,43920222524.7085,NA,NA,NA,2025-06-05
NZ,NZL,New Zealand,1988,45176811594.2029,NA,NA,NA,2025-06-05
NZ,NZL,New Zealand,1987,40376354069.9474,NA,NA,NA,2025-06-05
NZ,NZL,New Zealand,1986,30604668356.5695,NA,NA,NA,2025-06-05
NZ,NZL,New Zealand,1985,24679795396.4194,NA,NA,NA,2025-06-05
NZ,NZL,New Zealand,1984,21665975318.8842,NA,NA,NA,2025-06-05
NZ,NZL,New Zealand,1983,24309279705.5731,NA,NA,NA,2025-06-05
NZ,NZL,New Zealand,1982,24164603058.9949,NA,NA,NA,2025-06-05
NZ,NZL,New Zealand,1981,24417617184.2478,NA,NA,NA,2025-06-05
NZ,NZL,New Zealand,1980,23244547384.6748,NA,NA,NA,2025-06-05
NZ,NZL,New Zealand,1979,20731243113.2926,NA,NA,NA,2025-06-05
NZ,NZL,New Zealand,1978,18530518394.6488,NA,NA,NA,2025-06-05
NZ,NZL,New Zealand,1977,15446825318.4556,NA,NA,NA,2025-06-05
NZ,NZL,New Zealand,1976,13604832424.0062,NA,NA,NA,2025-06-05
NZ,NZL,New Zealand,1975,12861983284.3912,NA,NA,NA,2025-06-05
NZ,NZL,New Zealand,1974,13940981798.1247,NA,NA,NA,2025-06-05
NZ,NZL,New Zealand,1973,12802281897.8712,NA,NA,NA,2025-06-05
NZ,NZL,New Zealand,1972,9567331064.65727,NA,NA,NA,2025-06-05
NZ,NZL,New Zealand,1971,7911136757.06867,NA,NA,NA,2025-06-05
NZ,NZL,New Zealand,1970,6495605619.34229,NA,NA,NA,2025-06-05
NZ,NZL,New Zealand,1969,5814357966.66154,NA,NA,NA,2025-06-05
NZ,NZL,New Zealand,1968,5228045647.393,NA,NA,NA,2025-06-05
NZ,NZL,New Zealand,1967,6016017494.19619,NA,NA,NA,2025-06-05
NZ,NZL,New Zealand,1966,5917437956.10272,NA,NA,NA,2025-06-05
NZ,NZL,New Zealand,1965,5706251653.54744,NA,NA,NA,2025-06-05
NZ,NZL,New Zealand,1964,7340766740.94114,NA,NA,NA,2025-06-05
NZ,NZL,New Zealand,1963,6699741942.5399,NA,NA,NA,2025-06-05
NZ,NZL,New Zealand,1962,6133158804.52258,NA,NA,NA,2025-06-05
NZ,NZL,New Zealand,1961,5721995118.28133,NA,NA,NA,2025-06-05
NZ,NZL,New Zealand,1960,5536098606.29231,NA,NA,NA,2025-06-05
NI,NIC,Nicaragua,2024,NA,NA,NA,NA,2025-06-05
NI,NIC,Nicaragua,2023,17829218219.3591,NA,NA,NA,2025-06-05
NI,NIC,Nicaragua,2022,15649897116.8965,NA,NA,NA,2025-06-05
NI,NIC,Nicaragua,2021,14144060853.1362,NA,NA,NA,2025-06-05
NI,NIC,Nicaragua,2020,12681569254.2815,NA,NA,NA,2025-06-05
NI,NIC,Nicaragua,2019,12699028889.666,NA,NA,NA,2025-06-05
NI,NIC,Nicaragua,2018,13025234820.8225,NA,NA,NA,2025-06-05
NI,NIC,Nicaragua,2017,13785924216.2724,NA,NA,NA,2025-06-05
NI,NIC,Nicaragua,2016,13286101094.3863,NA,NA,NA,2025-06-05
NI,NIC,Nicaragua,2015,12756685550.3389,NA,NA,NA,2025-06-05
NI,NIC,Nicaragua,2014,11880433902.9361,NA,NA,NA,2025-06-05
NI,NIC,Nicaragua,2013,10982954744.4415,NA,NA,NA,2025-06-05
NI,NIC,Nicaragua,2012,10531980451.1847,NA,NA,NA,2025-06-05
NI,NIC,Nicaragua,2011,9774320144.00049,NA,NA,NA,2025-06-05
NI,NIC,Nicaragua,2010,8758572306.31602,NA,NA,NA,2025-06-05
NI,NIC,Nicaragua,2009,8298687305.66354,NA,NA,NA,2025-06-05
NI,NIC,Nicaragua,2008,8496948184.42042,NA,NA,NA,2025-06-05
NI,NIC,Nicaragua,2007,7423419479.8255,NA,NA,NA,2025-06-05
NI,NIC,Nicaragua,2006,6763688874.63732,NA,NA,NA,2025-06-05
NI,NIC,Nicaragua,2005,6321324455.16941,NA,NA,NA,2025-06-05
NI,NIC,Nicaragua,2004,5792932838.40051,NA,NA,NA,2025-06-05
NI,NIC,Nicaragua,2003,5322228350.58068,NA,NA,NA,2025-06-05
NI,NIC,Nicaragua,2002,5223727302.54906,NA,NA,NA,2025-06-05
NI,NIC,Nicaragua,2001,5351752034.2221,NA,NA,NA,2025-06-05
NI,NIC,Nicaragua,2000,5109587049.97449,NA,NA,NA,2025-06-05
NI,NIC,Nicaragua,1999,4856026259.07657,NA,NA,NA,2025-06-05
NI,NIC,Nicaragua,1998,4635347385.5446,NA,NA,NA,2025-06-05
NI,NIC,Nicaragua,1997,4389973334.97976,NA,NA,NA,2025-06-05
NI,NIC,Nicaragua,1996,4308351902.78601,NA,NA,NA,2025-06-05
NI,NIC,Nicaragua,1995,4140470000,NA,NA,NA,2025-06-05
NI,NIC,Nicaragua,1994,3863185119.04762,NA,NA,NA,2025-06-05
NI,NIC,Nicaragua,1993,1756454248.36601,NA,NA,NA,2025-06-05
NI,NIC,Nicaragua,1992,1792800000,NA,NA,NA,2025-06-05
NI,NIC,Nicaragua,1991,1488804123.71134,NA,NA,NA,2025-06-05
NI,NIC,Nicaragua,1990,1009455476.10732,NA,NA,NA,2025-06-05
NI,NIC,Nicaragua,1989,1013184755.57026,NA,NA,NA,2025-06-05
NI,NIC,Nicaragua,1988,2630900095.60219,NA,NA,NA,2025-06-05
NI,NIC,Nicaragua,1987,3851200117.77355,NA,NA,NA,2025-06-05
NI,NIC,Nicaragua,1986,2885799993.91571,NA,NA,NA,2025-06-05
NI,NIC,Nicaragua,1985,2683699935.36479,NA,NA,NA,2025-06-05
NI,NIC,Nicaragua,1984,3117599872.08764,NA,NA,NA,2025-06-05
NI,NIC,Nicaragua,1983,2753100057.78802,NA,NA,NA,2025-06-05
NI,NIC,Nicaragua,1982,2454499872.03789,NA,NA,NA,2025-06-05
NI,NIC,Nicaragua,1981,2474700227.04662,NA,NA,NA,2025-06-05
NI,NIC,Nicaragua,1980,2144300006.18028,NA,NA,NA,2025-06-05
NI,NIC,Nicaragua,1979,1567599981.69806,NA,NA,NA,2025-06-05
NI,NIC,Nicaragua,1978,2127699978.78077,NA,NA,NA,2025-06-05
NI,NIC,Nicaragua,1977,2226999873.71856,NA,NA,NA,2025-06-05
NI,NIC,Nicaragua,1976,1836899998.94579,NA,NA,NA,2025-06-05
NI,NIC,Nicaragua,1975,1581599958.5989,NA,NA,NA,2025-06-05
NI,NIC,Nicaragua,1974,1521400011.53463,NA,NA,NA,2025-06-05
NI,NIC,Nicaragua,1973,1092900014.79168,NA,NA,NA,2025-06-05
NI,NIC,Nicaragua,1972,878570045.450998,NA,NA,NA,2025-06-05
NI,NIC,Nicaragua,1971,828569953.4744,NA,NA,NA,2025-06-05
NI,NIC,Nicaragua,1970,778569938.824225,NA,NA,NA,2025-06-05
NI,NIC,Nicaragua,1969,750000002.894903,NA,NA,NA,2025-06-05
NI,NIC,Nicaragua,1968,692859984.612158,NA,NA,NA,2025-06-05
NI,NIC,Nicaragua,1967,657140010.747554,NA,NA,NA,2025-06-05
NI,NIC,Nicaragua,1966,607140010.475682,NA,NA,NA,2025-06-05
NI,NIC,Nicaragua,1965,564290020.384288,NA,NA,NA,2025-06-05
NI,NIC,Nicaragua,1964,347119918.158577,NA,NA,NA,2025-06-05
NI,NIC,Nicaragua,1963,297324163.095513,NA,NA,NA,2025-06-05
NI,NIC,Nicaragua,1962,269283803.686825,NA,NA,NA,2025-06-05
NI,NIC,Nicaragua,1961,244144236.65331,NA,NA,NA,2025-06-05
NI,NIC,Nicaragua,1960,227223322.141537,NA,NA,NA,2025-06-05
NE,NER,Niger,2024,NA,NA,NA,NA,2025-06-05
NE,NER,Niger,2023,16819170420.5653,NA,NA,NA,2025-06-05
NE,NER,Niger,2022,15433852712.2963,NA,NA,NA,2025-06-05
NE,NER,Niger,2021,14915002436.069,NA,NA,NA,2025-06-05
NE,NER,Niger,2020,13744653103.058,NA,NA,NA,2025-06-05
NE,NER,Niger,2019,12889555561.2299,NA,NA,NA,2025-06-05
NE,NER,Niger,2018,12837307496.8821,NA,NA,NA,2025-06-05
NE,NER,Niger,2017,11185104251.6943,NA,NA,NA,2025-06-05
NE,NER,Niger,2016,10398861981.7583,NA,NA,NA,2025-06-05
NE,NER,Niger,2015,9683867926.44282,NA,NA,NA,2025-06-05
NE,NER,Niger,2014,10862943543.5419,NA,NA,NA,2025-06-05
NE,NER,Niger,2013,10224897437.8648,NA,NA,NA,2025-06-05
NE,NER,Niger,2012,9426912647.59111,NA,NA,NA,2025-06-05
NE,NER,Niger,2011,8772950777.79176,NA,NA,NA,2025-06-05
NE,NER,Niger,2010,7851192502.30917,NA,NA,NA,2025-06-05
NE,NER,Niger,2009,7352131309.73341,NA,NA,NA,2025-06-05
NE,NER,Niger,2008,7297600226.00536,NA,NA,NA,2025-06-05
NE,NER,Niger,2007,5731485051.79069,NA,NA,NA,2025-06-05
NE,NER,Niger,2006,4756361252.37923,NA,NA,NA,2025-06-05
NE,NER,Niger,2005,4383315964.58718,NA,NA,NA,2025-06-05
NE,NER,Niger,2004,3760443737.53797,NA,NA,NA,2025-06-05
NE,NER,Niger,2003,3394084732.49543,NA,NA,NA,2025-06-05
NE,NER,Niger,2002,2782192878.67204,NA,NA,NA,2025-06-05
NE,NER,Niger,2001,2448714703.96617,NA,NA,NA,2025-06-05
NE,NER,Niger,2000,2241753192.81158,NA,NA,NA,2025-06-05
NE,NER,Niger,1999,2537789820.69295,NA,NA,NA,2025-06-05
NE,NER,Niger,1998,2643363518.99272,NA,NA,NA,2025-06-05
NE,NER,Niger,1997,2290318910.20658,NA,NA,NA,2025-06-05
NE,NER,Niger,1996,2405686940.0464,NA,NA,NA,2025-06-05
NE,NER,Niger,1995,2302537562.24406,NA,NA,NA,2025-06-05
NE,NER,Niger,1994,1938058175.21399,NA,NA,NA,2025-06-05
NE,NER,Niger,1993,3052673849.25181,NA,NA,NA,2025-06-05
NE,NER,Niger,1992,3386232579.22522,NA,NA,NA,2025-06-05
NE,NER,Niger,1991,3285796874.97125,NA,NA,NA,2025-06-05
NE,NER,Niger,1990,3512356507.88599,NA,NA,NA,2025-06-05
NE,NER,Niger,1989,2179567114.33391,NA,NA,NA,2025-06-05
NE,NER,Niger,1988,2280356192.76273,NA,NA,NA,2025-06-05
NE,NER,Niger,1987,2233006104.92776,NA,NA,NA,2025-06-05
NE,NER,Niger,1986,1904096998.30009,NA,NA,NA,2025-06-05
NE,NER,Niger,1985,1440581652.39853,NA,NA,NA,2025-06-05
NE,NER,Niger,1984,1461243326.12882,NA,NA,NA,2025-06-05
NE,NER,Niger,1983,1803099561.20046,NA,NA,NA,2025-06-05
NE,NER,Niger,1982,2017612215.97935,NA,NA,NA,2025-06-05
NE,NER,Niger,1981,2170893414.3888,NA,NA,NA,2025-06-05
NE,NER,Niger,1980,2508524720.71895,NA,NA,NA,2025-06-05
NE,NER,Niger,1979,2109277665.69912,NA,NA,NA,2025-06-05
NE,NER,Niger,1978,1774365589.70815,NA,NA,NA,2025-06-05
NE,NER,Niger,1977,1291458041.46193,NA,NA,NA,2025-06-05
NE,NER,Niger,1976,1064517601.29025,NA,NA,NA,2025-06-05
NE,NER,Niger,1975,1048690933.21027,NA,NA,NA,2025-06-05
NE,NER,Niger,1974,1026137110.89309,NA,NA,NA,2025-06-05
NE,NER,Niger,1973,946385105.193732,NA,NA,NA,2025-06-05
NE,NER,Niger,1972,742779660.818693,NA,NA,NA,2025-06-05
NE,NER,Niger,1971,693573703.630273,NA,NA,NA,2025-06-05
NE,NER,Niger,1970,649916621.242978,NA,NA,NA,2025-06-05
NE,NER,Niger,1969,625867985.273798,NA,NA,NA,2025-06-05
NE,NER,Niger,1968,641214226.209493,NA,NA,NA,2025-06-05
NE,NER,Niger,1967,665586872.274446,NA,NA,NA,2025-06-05
NE,NER,Niger,1966,702296078.593173,NA,NA,NA,2025-06-05
NE,NER,Niger,1965,673383510.812866,NA,NA,NA,2025-06-05
NE,NER,Niger,1964,582816396.404409,NA,NA,NA,2025-06-05
NE,NER,Niger,1963,586294878.744643,NA,NA,NA,2025-06-05
NE,NER,Niger,1962,531736599.250464,NA,NA,NA,2025-06-05
NE,NER,Niger,1961,485785230.978987,NA,NA,NA,2025-06-05
NE,NER,Niger,1960,449526873.29589,NA,NA,NA,2025-06-05
NG,NGA,Nigeria,2024,NA,NA,NA,NA,2025-06-05
NG,NGA,Nigeria,2023,363846332834.618,NA,NA,NA,2025-06-05
NG,NGA,Nigeria,2022,477403400101.174,NA,NA,NA,2025-06-05
NG,NGA,Nigeria,2021,440833635873.827,NA,NA,NA,2025-06-05
NG,NGA,Nigeria,2020,432198898467.795,NA,NA,NA,2025-06-05
NG,NGA,Nigeria,2019,474517490844.461,NA,NA,NA,2025-06-05
NG,NGA,Nigeria,2018,421739251509.08,NA,NA,NA,2025-06-05
NG,NGA,Nigeria,2017,375745731053.427,NA,NA,NA,2025-06-05
NG,NGA,Nigeria,2016,404649125252.16,NA,NA,NA,2025-06-05
NG,NGA,Nigeria,2015,493026682800.63,NA,NA,NA,2025-06-05
NG,NGA,Nigeria,2014,574183763411.508,NA,NA,NA,2025-06-05
NG,NGA,Nigeria,2013,520117180313.906,NA,NA,NA,2025-06-05
NG,NGA,Nigeria,2012,463971018239.281,NA,NA,NA,2025-06-05
NG,NGA,Nigeria,2011,414466676831.16,NA,NA,NA,2025-06-05
NG,NGA,Nigeria,2010,366990417129.04,NA,NA,NA,2025-06-05
NG,NGA,Nigeria,2009,295008835380.997,NA,NA,NA,2025-06-05
NG,NGA,Nigeria,2008,339476276257.793,NA,NA,NA,2025-06-05
NG,NGA,Nigeria,2007,278260846800.103,NA,NA,NA,2025-06-05
NG,NGA,Nigeria,2006,238454997161.48,NA,NA,NA,2025-06-05
NG,NGA,Nigeria,2005,175670569969.346,NA,NA,NA,2025-06-05
NG,NGA,Nigeria,2004,135764731645.611,NA,NA,NA,2025-06-05
NG,NGA,Nigeria,2003,104738954264.226,NA,NA,NA,2025-06-05
NG,NGA,Nigeria,2002,95054059302.6995,NA,NA,NA,2025-06-05
NG,NGA,Nigeria,2001,73557840064.489,NA,NA,NA,2025-06-05
NG,NGA,Nigeria,2000,69171451627.2465,NA,NA,NA,2025-06-05
NG,NGA,Nigeria,1999,59145077039.1437,NA,NA,NA,2025-06-05
NG,NGA,Nigeria,1998,218416200672.727,NA,NA,NA,2025-06-05
NG,NGA,Nigeria,1997,200850397618.182,NA,NA,NA,2025-06-05
NG,NGA,Nigeria,1996,185730236700,NA,NA,NA,2025-06-05
NG,NGA,Nigeria,1995,140919776986.364,NA,NA,NA,2025-06-05
NG,NGA,Nigeria,1994,80399613063.6364,NA,NA,NA,2025-06-05
NG,NGA,Nigeria,1993,56721051402.4732,NA,NA,NA,2025-06-05
NG,NGA,Nigeria,1992,52058181853.8055,NA,NA,NA,2025-06-05
NG,NGA,Nigeria,1991,59526833412.3581,NA,NA,NA,2025-06-05
NG,NGA,Nigeria,1990,54035795387.8086,NA,NA,NA,2025-06-05
NG,NGA,Nigeria,1989,44003061108.4005,NA,NA,NA,2025-06-05
NG,NGA,Nigeria,1988,49648470440.4593,NA,NA,NA,2025-06-05
NG,NGA,Nigeria,1987,52676041931.1087,NA,NA,NA,2025-06-05
NG,NGA,Nigeria,1986,54805852580.9129,NA,NA,NA,2025-06-05
NG,NGA,Nigeria,1985,73745821158.2254,NA,NA,NA,2025-06-05
NG,NGA,Nigeria,1984,73484359521.4887,NA,NA,NA,2025-06-05
NG,NGA,Nigeria,1983,97094911792.0489,NA,NA,NA,2025-06-05
NG,NGA,Nigeria,1982,142769363314.176,NA,NA,NA,2025-06-05
NG,NGA,Nigeria,1981,164475209515.939,NA,NA,NA,2025-06-05
NG,NGA,Nigeria,1980,64201788122.6054,NA,NA,NA,2025-06-05
NG,NGA,Nigeria,1979,47259911894.2731,NA,NA,NA,2025-06-05
NG,NGA,Nigeria,1978,36527862208.7133,NA,NA,NA,2025-06-05
NG,NGA,Nigeria,1977,36035407725.3219,NA,NA,NA,2025-06-05
NG,NGA,Nigeria,1976,36308883248.731,NA,NA,NA,2025-06-05
NG,NGA,Nigeria,1975,27778934624.6973,NA,NA,NA,2025-06-05
NG,NGA,Nigeria,1974,24846641318.1242,NA,NA,NA,2025-06-05
NG,NGA,Nigeria,1973,15162871287.1287,NA,NA,NA,2025-06-05
NG,NGA,Nigeria,1972,12274416017.7976,NA,NA,NA,2025-06-05
NG,NGA,Nigeria,1971,9181769911.50443,NA,NA,NA,2025-06-05
NG,NGA,Nigeria,1970,12546094981.562,NA,NA,NA,2025-06-05
NG,NGA,Nigeria,1969,6634317346.27306,NA,NA,NA,2025-06-05
NG,NGA,Nigeria,1968,5200997919.60083,NA,NA,NA,2025-06-05
NG,NGA,Nigeria,1967,5203237918.70483,NA,NA,NA,2025-06-05
NG,NGA,Nigeria,1966,6366917453.23302,NA,NA,NA,2025-06-05
NG,NGA,Nigeria,1965,5874537650.18494,NA,NA,NA,2025-06-05
NG,NGA,Nigeria,1964,5552931318.82747,NA,NA,NA,2025-06-05
NG,NGA,Nigeria,1963,5165590253.7639,NA,NA,NA,2025-06-05
NG,NGA,Nigeria,1962,4909399176.24033,NA,NA,NA,2025-06-05
NG,NGA,Nigeria,1961,4467287893.08484,NA,NA,NA,2025-06-05
NG,NGA,Nigeria,1960,4196174501.5302,NA,NA,NA,2025-06-05
MK,MKD,North Macedonia,2024,NA,NA,NA,NA,2025-06-05
MK,MKD,North Macedonia,2023,15763621848.115,NA,NA,NA,2025-06-05
MK,MKD,North Macedonia,2022,13932436550.0883,NA,NA,NA,2025-06-05
MK,MKD,North Macedonia,2021,14000283827.0154,NA,NA,NA,2025-06-05
MK,MKD,North Macedonia,2020,12361036913.8409,NA,NA,NA,2025-06-05
MK,MKD,North Macedonia,2019,12606338448.547,NA,NA,NA,2025-06-05
MK,MKD,North Macedonia,2018,12683068114.2388,NA,NA,NA,2025-06-05
MK,MKD,North Macedonia,2017,11307067069.6658,NA,NA,NA,2025-06-05
MK,MKD,North Macedonia,2016,10672467073.2873,NA,NA,NA,2025-06-05
MK,MKD,North Macedonia,2015,10064519962.5655,NA,NA,NA,2025-06-05
MK,MKD,North Macedonia,2014,11362265252.778,NA,NA,NA,2025-06-05
MK,MKD,North Macedonia,2013,10817702346.0674,NA,NA,NA,2025-06-05
MK,MKD,North Macedonia,2012,9745261300.57788,NA,NA,NA,2025-06-05
MK,MKD,North Macedonia,2011,10494626767.6445,NA,NA,NA,2025-06-05
MK,MKD,North Macedonia,2010,9407170321.37752,NA,NA,NA,2025-06-05
MK,MKD,North Macedonia,2009,9401736825.42688,NA,NA,NA,2025-06-05
MK,MKD,North Macedonia,2008,9909552434.51136,NA,NA,NA,2025-06-05
MK,MKD,North Macedonia,2007,8336474973.72949,NA,NA,NA,2025-06-05
MK,MKD,North Macedonia,2006,6861226971.55617,NA,NA,NA,2025-06-05
MK,MKD,North Macedonia,2005,6258602872.67898,NA,NA,NA,2025-06-05
MK,MKD,North Macedonia,2004,5682784471.69722,NA,NA,NA,2025-06-05
MK,MKD,North Macedonia,2003,4946296599.08467,NA,NA,NA,2025-06-05
MK,MKD,North Macedonia,2002,4018365747.00972,NA,NA,NA,2025-06-05
MK,MKD,North Macedonia,2001,3709636030.66578,NA,NA,NA,2025-06-05
MK,MKD,North Macedonia,2000,3772859034.20508,NA,NA,NA,2025-06-05
MK,MKD,North Macedonia,1999,3863619284.77939,NA,NA,NA,2025-06-05
MK,MKD,North Macedonia,1998,3765745023.2074,NA,NA,NA,2025-06-05
MK,MKD,North Macedonia,1997,3912986090.97363,NA,NA,NA,2025-06-05
MK,MKD,North Macedonia,1996,4642021256.30689,NA,NA,NA,2025-06-05
MK,MKD,North Macedonia,1995,4707041315.24202,NA,NA,NA,2025-06-05
MK,MKD,North Macedonia,1994,3559608639.98379,NA,NA,NA,2025-06-05
MK,MKD,North Macedonia,1993,2682456896.55172,NA,NA,NA,2025-06-05
MK,MKD,North Macedonia,1992,2436849341.97604,NA,NA,NA,2025-06-05
MK,MKD,North Macedonia,1991,4938775510.20408,NA,NA,NA,2025-06-05
MK,MKD,North Macedonia,1990,4699646643.10954,NA,NA,NA,2025-06-05
MK,MKD,North Macedonia,1989,NA,NA,NA,NA,2025-06-05
MK,MKD,North Macedonia,1988,NA,NA,NA,NA,2025-06-05
MK,MKD,North Macedonia,1987,NA,NA,NA,NA,2025-06-05
MK,MKD,North Macedonia,1986,NA,NA,NA,NA,2025-06-05
MK,MKD,North Macedonia,1985,NA,NA,NA,NA,2025-06-05
MK,MKD,North Macedonia,1984,NA,NA,NA,NA,2025-06-05
MK,MKD,North Macedonia,1983,NA,NA,NA,NA,2025-06-05
MK,MKD,North Macedonia,1982,NA,NA,NA,NA,2025-06-05
MK,MKD,North Macedonia,1981,NA,NA,NA,NA,2025-06-05
MK,MKD,North Macedonia,1980,NA,NA,NA,NA,2025-06-05
MK,MKD,North Macedonia,1979,NA,NA,NA,NA,2025-06-05
MK,MKD,North Macedonia,1978,NA,NA,NA,NA,2025-06-05
MK,MKD,North Macedonia,1977,NA,NA,NA,NA,2025-06-05
MK,MKD,North Macedonia,1976,NA,NA,NA,NA,2025-06-05
MK,MKD,North Macedonia,1975,NA,NA,NA,NA,2025-06-05
MK,MKD,North Macedonia,1974,NA,NA,NA,NA,2025-06-05
MK,MKD,North Macedonia,1973,NA,NA,NA,NA,2025-06-05
MK,MKD,North Macedonia,1972,NA,NA,NA,NA,2025-06-05
MK,MKD,North Macedonia,1971,NA,NA,NA,NA,2025-06-05
MK,MKD,North Macedonia,1970,NA,NA,NA,NA,2025-06-05
MK,MKD,North Macedonia,1969,NA,NA,NA,NA,2025-06-05
MK,MKD,North Macedonia,1968,NA,NA,NA,NA,2025-06-05
MK,MKD,North Macedonia,1967,NA,NA,NA,NA,2025-06-05
MK,MKD,North Macedonia,1966,NA,NA,NA,NA,2025-06-05
MK,MKD,North Macedonia,1965,NA,NA,NA,NA,2025-06-05
MK,MKD,North Macedonia,1964,NA,NA,NA,NA,2025-06-05
MK,MKD,North Macedonia,1963,NA,NA,NA,NA,2025-06-05
MK,MKD,North Macedonia,1962,NA,NA,NA,NA,2025-06-05
MK,MKD,North Macedonia,1961,NA,NA,NA,NA,2025-06-05
MK,MKD,North Macedonia,1960,NA,NA,NA,NA,2025-06-05
MP,MNP,Northern Mariana Islands,2024,NA,NA,NA,NA,2025-06-05
MP,MNP,Northern Mariana Islands,2023,NA,NA,NA,NA,2025-06-05
MP,MNP,Northern Mariana Islands,2022,1096000000,NA,NA,NA,2025-06-05
MP,MNP,Northern Mariana Islands,2021,914000000,NA,NA,NA,2025-06-05
MP,MNP,Northern Mariana Islands,2020,866000000,NA,NA,NA,2025-06-05
MP,MNP,Northern Mariana Islands,2019,1179000000,NA,NA,NA,2025-06-05
MP,MNP,Northern Mariana Islands,2018,1301000000,NA,NA,NA,2025-06-05
MP,MNP,Northern Mariana Islands,2017,1560000000,NA,NA,NA,2025-06-05
MP,MNP,Northern Mariana Islands,2016,1230000000,NA,NA,NA,2025-06-05
MP,MNP,Northern Mariana Islands,2015,910000000,NA,NA,NA,2025-06-05
MP,MNP,Northern Mariana Islands,2014,832000000,NA,NA,NA,2025-06-05
MP,MNP,Northern Mariana Islands,2013,772000000,NA,NA,NA,2025-06-05
MP,MNP,Northern Mariana Islands,2012,746000000,NA,NA,NA,2025-06-05
MP,MNP,Northern Mariana Islands,2011,729000000,NA,NA,NA,2025-06-05
MP,MNP,Northern Mariana Islands,2010,799000000,NA,NA,NA,2025-06-05
MP,MNP,Northern Mariana Islands,2009,795000000,NA,NA,NA,2025-06-05
MP,MNP,Northern Mariana Islands,2008,939000000,NA,NA,NA,2025-06-05
MP,MNP,Northern Mariana Islands,2007,938000000,NA,NA,NA,2025-06-05
MP,MNP,Northern Mariana Islands,2006,990000000,NA,NA,NA,2025-06-05
MP,MNP,Northern Mariana Islands,2005,1061000000,NA,NA,NA,2025-06-05
MP,MNP,Northern Mariana Islands,2004,1210000000,NA,NA,NA,2025-06-05
MP,MNP,Northern Mariana Islands,2003,1239000000,NA,NA,NA,2025-06-05
MP,MNP,Northern Mariana Islands,2002,1284000000,NA,NA,NA,2025-06-05
MP,MNP,Northern Mariana Islands,2001,NA,NA,NA,NA,2025-06-05
MP,MNP,Northern Mariana Islands,2000,NA,NA,NA,NA,2025-06-05
MP,MNP,Northern Mariana Islands,1999,NA,NA,NA,NA,2025-06-05
MP,MNP,Northern Mariana Islands,1998,NA,NA,NA,NA,2025-06-05
MP,MNP,Northern Mariana Islands,1997,NA,NA,NA,NA,2025-06-05
MP,MNP,Northern Mariana Islands,1996,NA,NA,NA,NA,2025-06-05
MP,MNP,Northern Mariana Islands,1995,NA,NA,NA,NA,2025-06-05
MP,MNP,Northern Mariana Islands,1994,NA,NA,NA,NA,2025-06-05
MP,MNP,Northern Mariana Islands,1993,NA,NA,NA,NA,2025-06-05
MP,MNP,Northern Mariana Islands,1992,NA,NA,NA,NA,2025-06-05
MP,MNP,Northern Mariana Islands,1991,NA,NA,NA,NA,2025-06-05
MP,MNP,Northern Mariana Islands,1990,NA,NA,NA,NA,2025-06-05
MP,MNP,Northern Mariana Islands,1989,NA,NA,NA,NA,2025-06-05
MP,MNP,Northern Mariana Islands,1988,NA,NA,NA,NA,2025-06-05
MP,MNP,Northern Mariana Islands,1987,NA,NA,NA,NA,2025-06-05
MP,MNP,Northern Mariana Islands,1986,NA,NA,NA,NA,2025-06-05
MP,MNP,Northern Mariana Islands,1985,NA,NA,NA,NA,2025-06-05
MP,MNP,Northern Mariana Islands,1984,NA,NA,NA,NA,2025-06-05
MP,MNP,Northern Mariana Islands,1983,NA,NA,NA,NA,2025-06-05
MP,MNP,Northern Mariana Islands,1982,NA,NA,NA,NA,2025-06-05
MP,MNP,Northern Mariana Islands,1981,NA,NA,NA,NA,2025-06-05
MP,MNP,Northern Mariana Islands,1980,NA,NA,NA,NA,2025-06-05
MP,MNP,Northern Mariana Islands,1979,NA,NA,NA,NA,2025-06-05
MP,MNP,Northern Mariana Islands,1978,NA,NA,NA,NA,2025-06-05
MP,MNP,Northern Mariana Islands,1977,NA,NA,NA,NA,2025-06-05
MP,MNP,Northern Mariana Islands,1976,NA,NA,NA,NA,2025-06-05
MP,MNP,Northern Mariana Islands,1975,NA,NA,NA,NA,2025-06-05
MP,MNP,Northern Mariana Islands,1974,NA,NA,NA,NA,2025-06-05
MP,MNP,Northern Mariana Islands,1973,NA,NA,NA,NA,2025-06-05
MP,MNP,Northern Mariana Islands,1972,NA,NA,NA,NA,2025-06-05
MP,MNP,Northern Mariana Islands,1971,NA,NA,NA,NA,2025-06-05
MP,MNP,Northern Mariana Islands,1970,NA,NA,NA,NA,2025-06-05
MP,MNP,Northern Mariana Islands,1969,NA,NA,NA,NA,2025-06-05
MP,MNP,Northern Mariana Islands,1968,NA,NA,NA,NA,2025-06-05
MP,MNP,Northern Mariana Islands,1967,NA,NA,NA,NA,2025-06-05
MP,MNP,Northern Mariana Islands,1966,NA,NA,NA,NA,2025-06-05
MP,MNP,Northern Mariana Islands,1965,NA,NA,NA,NA,2025-06-05
MP,MNP,Northern Mariana Islands,1964,NA,NA,NA,NA,2025-06-05
MP,MNP,Northern Mariana Islands,1963,NA,NA,NA,NA,2025-06-05
MP,MNP,Northern Mariana Islands,1962,NA,NA,NA,NA,2025-06-05
MP,MNP,Northern Mariana Islands,1961,NA,NA,NA,NA,2025-06-05
MP,MNP,Northern Mariana Islands,1960,NA,NA,NA,NA,2025-06-05
NO,NOR,Norway,2024,NA,NA,NA,NA,2025-06-05
NO,NOR,Norway,2023,485310823603.662,NA,NA,NA,2025-06-05
NO,NOR,Norway,2022,593726965415.619,NA,NA,NA,2025-06-05
NO,NOR,Norway,2021,503367986030.268,NA,NA,NA,2025-06-05
NO,NOR,Norway,2020,367633418886.627,NA,NA,NA,2025-06-05
NO,NOR,Norway,2019,408742840909.091,NA,NA,NA,2025-06-05
NO,NOR,Norway,2018,439788625883.8,NA,NA,NA,2025-06-05
NO,NOR,Norway,2017,401745275035.261,NA,NA,NA,2025-06-05
NO,NOR,Norway,2016,370956547619.048,NA,NA,NA,2025-06-05
NO,NOR,Norway,2015,388159512245.53,NA,NA,NA,2025-06-05
NO,NOR,Norway,2014,501736471832.848,NA,NA,NA,2025-06-05
NO,NOR,Norway,2013,526014468085.106,NA,NA,NA,2025-06-05
NO,NOR,Norway,2012,512777309840.997,NA,NA,NA,2025-06-05
NO,NOR,Norway,2011,501360549669.404,NA,NA,NA,2025-06-05
NO,NOR,Norway,2010,431052143940.438,NA,NA,NA,2025-06-05
NO,NOR,Norway,2009,387976400617.019,NA,NA,NA,2025-06-05
NO,NOR,Norway,2008,464917553191.489,NA,NA,NA,2025-06-05
NO,NOR,Norway,2007,402643260487.572,NA,NA,NA,2025-06-05
NO,NOR,Norway,2006,346915160681.708,NA,NA,NA,2025-06-05
NO,NOR,Norway,2005,309978579743.888,NA,NA,NA,2025-06-05
NO,NOR,Norway,2004,265268662473.297,NA,NA,NA,2025-06-05
NO,NOR,Norway,2003,229385469337.024,NA,NA,NA,2025-06-05
NO,NOR,Norway,2002,195914852576.467,NA,NA,NA,2025-06-05
NO,NOR,Norway,2001,174239354070.977,NA,NA,NA,2025-06-05
NO,NOR,Norway,2000,171457201935.968,NA,NA,NA,2025-06-05
NO,NOR,Norway,1999,162383706021.13,NA,NA,NA,2025-06-05
NO,NOR,Norway,1998,154230295158.447,NA,NA,NA,2025-06-05
NO,NOR,Norway,1997,161356631888.484,NA,NA,NA,2025-06-05
NO,NOR,Norway,1996,163520109150.671,NA,NA,NA,2025-06-05
NO,NOR,Norway,1995,152029612324.788,NA,NA,NA,2025-06-05
NO,NOR,Norway,1994,127131319428.701,NA,NA,NA,2025-06-05
NO,NOR,Norway,1993,120579213712.804,NA,NA,NA,2025-06-05
NO,NOR,Norway,1992,130838040067.584,NA,NA,NA,2025-06-05
NO,NOR,Norway,1991,121872464483.487,NA,NA,NA,2025-06-05
NO,NOR,Norway,1990,119791843059.572,NA,NA,NA,2025-06-05
NO,NOR,Norway,1989,102633934390.615,NA,NA,NA,2025-06-05
NO,NOR,Norway,1988,101900260856.222,NA,NA,NA,2025-06-05
NO,NOR,Norway,1987,94229907235.6215,NA,NA,NA,2025-06-05
NO,NOR,Norway,1986,78693118044.0045,NA,NA,NA,2025-06-05
NO,NOR,Norway,1985,65416879914.3907,NA,NA,NA,2025-06-05
NO,NOR,Norway,1984,62057955032.7758,NA,NA,NA,2025-06-05
NO,NOR,Norway,1983,61627240831.0948,NA,NA,NA,2025-06-05
NO,NOR,Norway,1982,62647195537.6511,NA,NA,NA,2025-06-05
NO,NOR,Norway,1981,63596654760.8677,NA,NA,NA,2025-06-05
NO,NOR,Norway,1980,64439382896.0156,NA,NA,NA,2025-06-05
NO,NOR,Norway,1979,53132244623.9213,NA,NA,NA,2025-06-05
NO,NOR,Norway,1978,46522900253.7054,NA,NA,NA,2025-06-05
NO,NOR,Norway,1977,41508030431.1074,NA,NA,NA,2025-06-05
NO,NOR,Norway,1976,35942270686.3374,NA,NA,NA,2025-06-05
NO,NOR,Norway,1975,32877805200.023,NA,NA,NA,2025-06-05
NO,NOR,Norway,1974,27145693810.1341,NA,NA,NA,2025-06-05
NO,NOR,Norway,1973,22534253702.8686,NA,NA,NA,2025-06-05
NO,NOR,Norway,1972,17358610849.701,NA,NA,NA,2025-06-05
NO,NOR,Norway,1971,14583114840.0629,NA,NA,NA,2025-06-05
NO,NOR,Norway,1970,12814123115.2613,NA,NA,NA,2025-06-05
NO,NOR,Norway,1969,11136187439.8326,NA,NA,NA,2025-06-05
NO,NOR,Norway,1968,10227087165.2414,NA,NA,NA,2025-06-05
NO,NOR,Norway,1967,9577383653.18303,NA,NA,NA,2025-06-05
NO,NOR,Norway,1966,8753940266.90184,NA,NA,NA,2025-06-05
NO,NOR,Norway,1965,8111945661.21624,NA,NA,NA,2025-06-05
NO,NOR,Norway,1964,7206522121.80418,NA,NA,NA,2025-06-05
NO,NOR,Norway,1963,6553269535.51009,NA,NA,NA,2025-06-05
NO,NOR,Norway,1962,6107076928.63372,NA,NA,NA,2025-06-05
NO,NOR,Norway,1961,5669689210.3186,NA,NA,NA,2025-06-05
NO,NOR,Norway,1960,5197398721.41367,NA,NA,NA,2025-06-05
OM,OMN,Oman,2024,NA,NA,NA,NA,2025-06-05
OM,OMN,Oman,2023,108810923276.983,NA,NA,NA,2025-06-05
OM,OMN,Oman,2022,111943823146.944,NA,NA,NA,2025-06-05
OM,OMN,Oman,2021,87323797139.1417,NA,NA,NA,2025-06-05
OM,OMN,Oman,2020,75909492847.8544,NA,NA,NA,2025-06-05
OM,OMN,Oman,2019,88060858257.4772,NA,NA,NA,2025-06-05
OM,OMN,Oman,2018,91505851755.5267,NA,NA,NA,2025-06-05
OM,OMN,Oman,2017,80856697009.1027,NA,NA,NA,2025-06-05
OM,OMN,Oman,2016,75128738621.5865,NA,NA,NA,2025-06-05
OM,OMN,Oman,2015,78710793237.9714,NA,NA,NA,2025-06-05
OM,OMN,Oman,2014,92699089726.9181,NA,NA,NA,2025-06-05
OM,OMN,Oman,2013,89936020806.2419,NA,NA,NA,2025-06-05
OM,OMN,Oman,2012,87408842652.7958,NA,NA,NA,2025-06-05
OM,OMN,Oman,2011,77497529258.7776,NA,NA,NA,2025-06-05
OM,OMN,Oman,2010,64993498049.4148,NA,NA,NA,2025-06-05
OM,OMN,Oman,2009,55454096228.8687,NA,NA,NA,2025-06-05
OM,OMN,Oman,2008,69804681404.4213,NA,NA,NA,2025-06-05
OM,OMN,Oman,2007,48300390117.0351,NA,NA,NA,2025-06-05
OM,OMN,Oman,2006,42577633289.987,NA,NA,NA,2025-06-05
OM,OMN,Oman,2005,35506892067.6203,NA,NA,NA,2025-06-05
OM,OMN,Oman,2004,28378933680.104,NA,NA,NA,2025-06-05
OM,OMN,Oman,2003,24733680104.0312,NA,NA,NA,2025-06-05
OM,OMN,Oman,2002,23065539661.8986,NA,NA,NA,2025-06-05
OM,OMN,Oman,2001,22205721716.515,NA,NA,NA,2025-06-05
OM,OMN,Oman,2000,22259557867.3602,NA,NA,NA,2025-06-05
OM,OMN,Oman,1999,17832769830.9493,NA,NA,NA,2025-06-05
OM,OMN,Oman,1998,16044213263.9792,NA,NA,NA,2025-06-05
OM,OMN,Oman,1997,18039791937.5813,NA,NA,NA,2025-06-05
OM,OMN,Oman,1996,17402080624.1873,NA,NA,NA,2025-06-05
OM,OMN,Oman,1995,15722236671.0013,NA,NA,NA,2025-06-05
OM,OMN,Oman,1994,14715214564.3693,NA,NA,NA,2025-06-05
OM,OMN,Oman,1993,14230429128.7386,NA,NA,NA,2025-06-05
OM,OMN,Oman,1992,14183615084.5254,NA,NA,NA,2025-06-05
OM,OMN,Oman,1991,12918335500.6502,NA,NA,NA,2025-06-05
OM,OMN,Oman,1990,13310273081.9246,NA,NA,NA,2025-06-05
OM,OMN,Oman,1989,9372171651.49545,NA,NA,NA,2025-06-05
OM,OMN,Oman,1988,8386215864.75943,NA,NA,NA,2025-06-05
OM,OMN,Oman,1987,7811183094.92848,NA,NA,NA,2025-06-05
OM,OMN,Oman,1986,7324167369.14305,NA,NA,NA,2025-06-05
OM,OMN,Oman,1985,10005645420.4606,NA,NA,NA,2025-06-05
OM,OMN,Oman,1984,8821443150.92488,NA,NA,NA,2025-06-05
OM,OMN,Oman,1983,7932541690.79328,NA,NA,NA,2025-06-05
OM,OMN,Oman,1982,7554719455.70353,NA,NA,NA,2025-06-05
OM,OMN,Oman,1981,7259120150.55009,NA,NA,NA,2025-06-05
OM,OMN,Oman,1980,5981760277.93862,NA,NA,NA,2025-06-05
OM,OMN,Oman,1979,3733352634.62652,NA,NA,NA,2025-06-05
OM,OMN,Oman,1978,2740301389.69311,NA,NA,NA,2025-06-05
OM,OMN,Oman,1977,2741169947.88651,NA,NA,NA,2025-06-05
OM,OMN,Oman,1976,2560220034.74233,NA,NA,NA,2025-06-05
OM,OMN,Oman,1975,2096699189.34569,NA,NA,NA,2025-06-05
OM,OMN,Oman,1974,1645917776.49102,NA,NA,NA,2025-06-05
OM,OMN,Oman,1973,483066990.612417,NA,NA,NA,2025-06-05
OM,OMN,Oman,1972,366883548.347591,NA,NA,NA,2025-06-05
OM,OMN,Oman,1971,301010587.102984,NA,NA,NA,2025-06-05
OM,OMN,Oman,1970,256319794.944164,NA,NA,NA,2025-06-05
OM,OMN,Oman,1969,239999808.000154,NA,NA,NA,2025-06-05
OM,OMN,Oman,1968,188879848.896121,NA,NA,NA,2025-06-05
OM,OMN,Oman,1967,107151832.489651,NA,NA,NA,2025-06-05
OM,OMN,Oman,1966,67759972.8960108,NA,NA,NA,2025-06-05
OM,OMN,Oman,1965,63279974.6880101,NA,NA,NA,2025-06-05
OM,OMN,Oman,1964,61872522.3344408,NA,NA,NA,2025-06-05
OM,OMN,Oman,1963,59912759.1835761,NA,NA,NA,2025-06-05
OM,OMN,Oman,1962,56273199.0462561,NA,NA,NA,2025-06-05
OM,OMN,Oman,1961,45634484.7987052,NA,NA,NA,2025-06-05
OM,OMN,Oman,1960,44234653.976659,NA,NA,NA,2025-06-05
PK,PAK,Pakistan,2024,NA,NA,NA,NA,2025-06-05
PK,PAK,Pakistan,2023,337912301397.727,NA,NA,NA,2025-06-05
PK,PAK,Pakistan,2022,374890295666.694,NA,NA,NA,2025-06-05
PK,PAK,Pakistan,2021,348516647445.148,NA,NA,NA,2025-06-05
PK,PAK,Pakistan,2020,300425609817.981,NA,NA,NA,2025-06-05
PK,PAK,Pakistan,2019,320909472770.669,NA,NA,NA,2025-06-05
PK,PAK,Pakistan,2018,356128166704.921,NA,NA,NA,2025-06-05
PK,PAK,Pakistan,2017,339205534861.1,NA,NA,NA,2025-06-05
PK,PAK,Pakistan,2016,313630000130.435,NA,NA,NA,2025-06-05
PK,PAK,Pakistan,2015,299963590534.773,NA,NA,NA,2025-06-05
PK,PAK,Pakistan,2014,271390474857.632,NA,NA,NA,2025-06-05
PK,PAK,Pakistan,2013,258657231672.412,NA,NA,NA,2025-06-05
PK,PAK,Pakistan,2012,250106966104.704,NA,NA,NA,2025-06-05
PK,PAK,Pakistan,2011,230586581059.665,NA,NA,NA,2025-06-05
PK,PAK,Pakistan,2010,196709621849.586,NA,NA,NA,2025-06-05
PK,PAK,Pakistan,2009,187337783856.466,NA,NA,NA,2025-06-05
PK,PAK,Pakistan,2008,202203748583.854,NA,NA,NA,2025-06-05
PK,PAK,Pakistan,2007,184140869997.46,NA,NA,NA,2025-06-05
PK,PAK,Pakistan,2006,161871385506.36,NA,NA,NA,2025-06-05
PK,PAK,Pakistan,2005,145208562960.767,NA,NA,NA,2025-06-05
PK,PAK,Pakistan,2004,132216048339.413,NA,NA,NA,2025-06-05
PK,PAK,Pakistan,2003,112371913740.823,NA,NA,NA,2025-06-05
PK,PAK,Pakistan,2002,97923302809.3537,NA,NA,NA,2025-06-05
PK,PAK,Pakistan,2001,97145618479.9038,NA,NA,NA,2025-06-05
PK,PAK,Pakistan,2000,99484802344.5277,NA,NA,NA,2025-06-05
PK,PAK,Pakistan,1999,62973857068.5113,NA,NA,NA,2025-06-05
PK,PAK,Pakistan,1998,62191955814.3478,NA,NA,NA,2025-06-05
PK,PAK,Pakistan,1997,62433340468.0228,NA,NA,NA,2025-06-05
PK,PAK,Pakistan,1996,63320170084.4076,NA,NA,NA,2025-06-05
PK,PAK,Pakistan,1995,60636071684.1918,NA,NA,NA,2025-06-05
PK,PAK,Pakistan,1994,52293470813.1336,NA,NA,NA,2025-06-05
PK,PAK,Pakistan,1993,51809999353.1614,NA,NA,NA,2025-06-05
PK,PAK,Pakistan,1992,48884671947.4657,NA,NA,NA,2025-06-05
PK,PAK,Pakistan,1991,45625336680.2047,NA,NA,NA,2025-06-05
PK,PAK,Pakistan,1990,40010423970.4576,NA,NA,NA,2025-06-05
PK,PAK,Pakistan,1989,40171106279.0078,NA,NA,NA,2025-06-05
PK,PAK,Pakistan,1988,38472742808.3167,NA,NA,NA,2025-06-05
PK,PAK,Pakistan,1987,33351529274.6869,NA,NA,NA,2025-06-05
PK,PAK,Pakistan,1986,31899070055.7967,NA,NA,NA,2025-06-05
PK,PAK,Pakistan,1985,31144920844.3272,NA,NA,NA,2025-06-05
PK,PAK,Pakistan,1984,31151825467.4978,NA,NA,NA,2025-06-05
PK,PAK,Pakistan,1983,28691889763.7795,NA,NA,NA,2025-06-05
PK,PAK,Pakistan,1982,30725971563.981,NA,NA,NA,2025-06-05
PK,PAK,Pakistan,1981,28100606060.6061,NA,NA,NA,2025-06-05
PK,PAK,Pakistan,1980,23654444444.4444,NA,NA,NA,2025-06-05
PK,PAK,Pakistan,1979,19688383838.3838,NA,NA,NA,2025-06-05
PK,PAK,Pakistan,1978,17811515151.5152,NA,NA,NA,2025-06-05
PK,PAK,Pakistan,1977,15126060606.0606,NA,NA,NA,2025-06-05
PK,PAK,Pakistan,1976,13168080808.0808,NA,NA,NA,2025-06-05
PK,PAK,Pakistan,1975,11230606060.6061,NA,NA,NA,2025-06-05
PK,PAK,Pakistan,1974,8899191919.19192,NA,NA,NA,2025-06-05
PK,PAK,Pakistan,1973,6383429490.21091,NA,NA,NA,2025-06-05
PK,PAK,Pakistan,1972,9415016359.56604,NA,NA,NA,2025-06-05
PK,PAK,Pakistan,1971,10665896682.0664,NA,NA,NA,2025-06-05
PK,PAK,Pakistan,1970,10027509449.811,NA,NA,NA,2025-06-05
PK,PAK,Pakistan,1969,8683116337.67325,NA,NA,NA,2025-06-05
PK,PAK,Pakistan,1968,8041999160.0168,NA,NA,NA,2025-06-05
PK,PAK,Pakistan,1967,7464510709.7858,NA,NA,NA,2025-06-05
PK,PAK,Pakistan,1966,6561108777.82444,NA,NA,NA,2025-06-05
PK,PAK,Pakistan,1965,5929231415.37169,NA,NA,NA,2025-06-05
PK,PAK,Pakistan,1964,5204955900.88198,NA,NA,NA,2025-06-05
PK,PAK,Pakistan,1963,4630827383.45233,NA,NA,NA,2025-06-05
PK,PAK,Pakistan,1962,4310163796.72407,NA,NA,NA,2025-06-05
PK,PAK,Pakistan,1961,4118647627.04746,NA,NA,NA,2025-06-05
PK,PAK,Pakistan,1960,3749265014.69971,NA,NA,NA,2025-06-05
PW,PLW,Palau,2024,NA,NA,NA,NA,2025-06-05
PW,PLW,Palau,2023,281849062.5,NA,NA,NA,2025-06-05
PW,PLW,Palau,2022,255591062.5,NA,NA,NA,2025-06-05
PW,PLW,Palau,2021,235752906.25,NA,NA,NA,2025-06-05
PW,PLW,Palau,2020,258990843.75,NA,NA,NA,2025-06-05
PW,PLW,Palau,2019,281941562.5,NA,NA,NA,2025-06-05
PW,PLW,Palau,2018,288546281.25,NA,NA,NA,2025-06-05
PW,PLW,Palau,2017,285600000,NA,NA,NA,2025-06-05
PW,PLW,Palau,2016,298323500,NA,NA,NA,2025-06-05
PW,PLW,Palau,2015,278824781.25,NA,NA,NA,2025-06-05
PW,PLW,Palau,2014,243156484.375,NA,NA,NA,2025-06-05
PW,PLW,Palau,2013,225345718.75,NA,NA,NA,2025-06-05
PW,PLW,Palau,2012,215762400,NA,NA,NA,2025-06-05
PW,PLW,Palau,2011,198873900,NA,NA,NA,2025-06-05
PW,PLW,Palau,2010,188174300,NA,NA,NA,2025-06-05
PW,PLW,Palau,2009,189998000,NA,NA,NA,2025-06-05
PW,PLW,Palau,2008,201167300,NA,NA,NA,2025-06-05
PW,PLW,Palau,2007,200903600,NA,NA,NA,2025-06-05
PW,PLW,Palau,2006,193679700,NA,NA,NA,2025-06-05
PW,PLW,Palau,2005,191048400,NA,NA,NA,2025-06-05
PW,PLW,Palau,2004,166391600,NA,NA,NA,2025-06-05
PW,PLW,Palau,2003,154559900,NA,NA,NA,2025-06-05
PW,PLW,Palau,2002,162665500,NA,NA,NA,2025-06-05
PW,PLW,Palau,2001,159453500,NA,NA,NA,2025-06-05
PW,PLW,Palau,2000,149535800,NA,NA,NA,2025-06-05
PW,PLW,Palau,1999,144206500,NA,NA,NA,2025-06-05
PW,PLW,Palau,1998,149079600,NA,NA,NA,2025-06-05
PW,PLW,Palau,1997,143860800,NA,NA,NA,2025-06-05
PW,PLW,Palau,1996,137494600,NA,NA,NA,2025-06-05
PW,PLW,Palau,1995,121018500,NA,NA,NA,2025-06-05
PW,PLW,Palau,1994,106138500,NA,NA,NA,2025-06-05
PW,PLW,Palau,1993,96455700,NA,NA,NA,2025-06-05
PW,PLW,Palau,1992,104771300,NA,NA,NA,2025-06-05
PW,PLW,Palau,1991,106555300,NA,NA,NA,2025-06-05
PW,PLW,Palau,1990,97702303,NA,NA,NA,2025-06-05
PW,PLW,Palau,1989,85800543,NA,NA,NA,2025-06-05
PW,PLW,Palau,1988,75348615,NA,NA,NA,2025-06-05
PW,PLW,Palau,1987,66169905,NA,NA,NA,2025-06-05
PW,PLW,Palau,1986,58109314,NA,NA,NA,2025-06-05
PW,PLW,Palau,1985,51030637,NA,NA,NA,2025-06-05
PW,PLW,Palau,1984,44814259,NA,NA,NA,2025-06-05
PW,PLW,Palau,1983,39661530,NA,NA,NA,2025-06-05
PW,PLW,Palau,1982,36027583,NA,NA,NA,2025-06-05
PW,PLW,Palau,1981,32726594,NA,NA,NA,2025-06-05
PW,PLW,Palau,1980,29728054,NA,NA,NA,2025-06-05
PW,PLW,Palau,1979,27004251,NA,NA,NA,2025-06-05
PW,PLW,Palau,1978,24530015,NA,NA,NA,2025-06-05
PW,PLW,Palau,1977,22308104,NA,NA,NA,2025-06-05
PW,PLW,Palau,1976,20364420,NA,NA,NA,2025-06-05
PW,PLW,Palau,1975,18521112,NA,NA,NA,2025-06-05
PW,PLW,Palau,1974,16848759,NA,NA,NA,2025-06-05
PW,PLW,Palau,1973,15331889,NA,NA,NA,2025-06-05
PW,PLW,Palau,1972,13956474,NA,NA,NA,2025-06-05
PW,PLW,Palau,1971,12706874,NA,NA,NA,2025-06-05
PW,PLW,Palau,1970,11563041,NA,NA,NA,2025-06-05
PW,PLW,Palau,1969,NA,NA,NA,NA,2025-06-05
PW,PLW,Palau,1968,NA,NA,NA,NA,2025-06-05
PW,PLW,Palau,1967,NA,NA,NA,NA,2025-06-05
PW,PLW,Palau,1966,NA,NA,NA,NA,2025-06-05
PW,PLW,Palau,1965,NA,NA,NA,NA,2025-06-05
PW,PLW,Palau,1964,NA,NA,NA,NA,2025-06-05
PW,PLW,Palau,1963,NA,NA,NA,NA,2025-06-05
PW,PLW,Palau,1962,NA,NA,NA,NA,2025-06-05
PW,PLW,Palau,1961,NA,NA,NA,NA,2025-06-05
PW,PLW,Palau,1960,NA,NA,NA,NA,2025-06-05
PA,PAN,Panama,2024,NA,NA,NA,NA,2025-06-05
PA,PAN,Panama,2023,83318176900,NA,NA,NA,2025-06-05
PA,PAN,Panama,2022,76276116700,NA,NA,NA,2025-06-05
PA,PAN,Panama,2021,67396392500,NA,NA,NA,2025-06-05
PA,PAN,Panama,2020,57059846500,NA,NA,NA,2025-06-05
PA,PAN,Panama,2019,69778991200,NA,NA,NA,2025-06-05
PA,PAN,Panama,2018,67316471200,NA,NA,NA,2025-06-05
PA,PAN,Panama,2017,64327688800,NA,NA,NA,2025-06-05
PA,PAN,Panama,2016,59760858700,NA,NA,NA,2025-06-05
PA,PAN,Panama,2015,55767806100,NA,NA,NA,2025-06-05
PA,PAN,Panama,2014,51427104900,NA,NA,NA,2025-06-05
PA,PAN,Panama,2013,46949496500,NA,NA,NA,2025-06-05
PA,PAN,Panama,2012,41595439700,NA,NA,NA,2025-06-05
PA,PAN,Panama,2011,35687738300,NA,NA,NA,2025-06-05
PA,PAN,Panama,2010,30231009500,NA,NA,NA,2025-06-05
PA,PAN,Panama,2009,27791215500,NA,NA,NA,2025-06-05
PA,PAN,Panama,2008,25721328000,NA,NA,NA,2025-06-05
PA,PAN,Panama,2007,21717433800,NA,NA,NA,2025-06-05
PA,PAN,Panama,2006,18659721500,NA,NA,NA,2025-06-05
PA,PAN,Panama,2005,16623906700,NA,NA,NA,2025-06-05
PA,PAN,Panama,2004,15100203400,NA,NA,NA,2025-06-05
PA,PAN,Panama,2003,13603456000,NA,NA,NA,2025-06-05
PA,PAN,Panama,2002,12800851300,NA,NA,NA,2025-06-05
PA,PAN,Panama,2001,12252906300,NA,NA,NA,2025-06-05
PA,PAN,Panama,2000,11966497000,NA,NA,NA,2025-06-05
PA,PAN,Panama,1999,11660704800,NA,NA,NA,2025-06-05
PA,PAN,Panama,1998,11019557700,NA,NA,NA,2025-06-05
PA,PAN,Panama,1997,10058854400,NA,NA,NA,2025-06-05
PA,PAN,Panama,1996,9197503300,NA,NA,NA,2025-06-05
PA,PAN,Panama,1995,9573813700,NA,NA,NA,2025-06-05
PA,PAN,Panama,1994,9365289800,NA,NA,NA,2025-06-05
PA,PAN,Panama,1993,8782585400,NA,NA,NA,2025-06-05
PA,PAN,Panama,1992,8042337700,NA,NA,NA,2025-06-05
PA,PAN,Panama,1991,7074675500,NA,NA,NA,2025-06-05
PA,PAN,Panama,1990,6433967000,NA,NA,NA,2025-06-05
PA,PAN,Panama,1989,5918469800,NA,NA,NA,2025-06-05
PA,PAN,Panama,1988,5902783400,NA,NA,NA,2025-06-05
PA,PAN,Panama,1987,6827665300,NA,NA,NA,2025-06-05
PA,PAN,Panama,1986,6797834200,NA,NA,NA,2025-06-05
PA,PAN,Panama,1985,6541517100,NA,NA,NA,2025-06-05
PA,PAN,Panama,1984,6183387100,NA,NA,NA,2025-06-05
PA,PAN,Panama,1983,5923755900,NA,NA,NA,2025-06-05
PA,PAN,Panama,1982,5769767900,NA,NA,NA,2025-06-05
PA,PAN,Panama,1981,5222421500,NA,NA,NA,2025-06-05
PA,PAN,Panama,1980,4614086400,NA,NA,NA,2025-06-05
PA,PAN,Panama,1979,3704551600,NA,NA,NA,2025-06-05
PA,PAN,Panama,1978,3244558600,NA,NA,NA,2025-06-05
PA,PAN,Panama,1977,2738261900,NA,NA,NA,2025-06-05
PA,PAN,Panama,1976,2588106000,NA,NA,NA,2025-06-05
PA,PAN,Panama,1975,2435304100,NA,NA,NA,2025-06-05
PA,PAN,Panama,1974,2188307600,NA,NA,NA,2025-06-05
PA,PAN,Panama,1973,1913793400,NA,NA,NA,2025-06-05
PA,PAN,Panama,1972,1673411700,NA,NA,NA,2025-06-05
PA,PAN,Panama,1971,1523917200,NA,NA,NA,2025-06-05
PA,PAN,Panama,1970,1351006400,NA,NA,NA,2025-06-05
PA,PAN,Panama,1969,1221305700,NA,NA,NA,2025-06-05
PA,PAN,Panama,1968,1112791100,NA,NA,NA,2025-06-05
PA,PAN,Panama,1967,1034376400,NA,NA,NA,2025-06-05
PA,PAN,Panama,1966,928833000,NA,NA,NA,2025-06-05
PA,PAN,Panama,1965,852485300,NA,NA,NA,2025-06-05
PA,PAN,Panama,1964,776137500,NA,NA,NA,2025-06-05
PA,PAN,Panama,1963,722784500,NA,NA,NA,2025-06-05
PA,PAN,Panama,1962,652120900,NA,NA,NA,2025-06-05
PA,PAN,Panama,1961,599026300,NA,NA,NA,2025-06-05
PA,PAN,Panama,1960,537147100,NA,NA,NA,2025-06-05
PG,PNG,Papua New Guinea,2024,NA,NA,NA,NA,2025-06-05
PG,PNG,Papua New Guinea,2023,30729242919.4411,NA,NA,NA,2025-06-05
PG,PNG,Papua New Guinea,2022,31647277767.3976,NA,NA,NA,2025-06-05
PG,PNG,Papua New Guinea,2021,26109413522.3081,NA,NA,NA,2025-06-05
PG,PNG,Papua New Guinea,2020,23848447849.7467,NA,NA,NA,2025-06-05
PG,PNG,Papua New Guinea,2019,24750626040.5917,NA,NA,NA,2025-06-05
PG,PNG,Papua New Guinea,2018,24109780708.0268,NA,NA,NA,2025-06-05
PG,PNG,Papua New Guinea,2017,22742699138.356,NA,NA,NA,2025-06-05
PG,PNG,Papua New Guinea,2016,20758876952.6232,NA,NA,NA,2025-06-05
PG,PNG,Papua New Guinea,2015,21723437010.0982,NA,NA,NA,2025-06-05
PG,PNG,Papua New Guinea,2014,23210823987.308,NA,NA,NA,2025-06-05
PG,PNG,Papua New Guinea,2013,21261338064.8783,NA,NA,NA,2025-06-05
PG,PNG,Papua New Guinea,2012,21295168665.7247,NA,NA,NA,2025-06-05
PG,PNG,Papua New Guinea,2011,17985138065.8549,NA,NA,NA,2025-06-05
PG,PNG,Papua New Guinea,2010,14250786674.7766,NA,NA,NA,2025-06-05
PG,PNG,Papua New Guinea,2009,11619456449.266,NA,NA,NA,2025-06-05
PG,PNG,Papua New Guinea,2008,11670892800.5309,NA,NA,NA,2025-06-05
PG,PNG,Papua New Guinea,2007,9545028944.34579,NA,NA,NA,2025-06-05
PG,PNG,Papua New Guinea,2006,8354911040.70193,NA,NA,NA,2025-06-05
PG,PNG,Papua New Guinea,2005,4865892972.27595,NA,NA,NA,2025-06-05
PG,PNG,Papua New Guinea,2004,3927157866.96465,NA,NA,NA,2025-06-05
PG,PNG,Papua New Guinea,2003,3536411824.2958,NA,NA,NA,2025-06-05
PG,PNG,Papua New Guinea,2002,2999511040.19764,NA,NA,NA,2025-06-05
PG,PNG,Papua New Guinea,2001,3081024212.42924,NA,NA,NA,2025-06-05
PG,PNG,Papua New Guinea,2000,3521339699.07407,NA,NA,NA,2025-06-05
PG,PNG,Papua New Guinea,1999,3477038204.01733,NA,NA,NA,2025-06-05
PG,PNG,Papua New Guinea,1998,3789443014.61662,NA,NA,NA,2025-06-05
PG,PNG,Papua New Guinea,1997,4936615298.79367,NA,NA,NA,2025-06-05
PG,PNG,Papua New Guinea,1996,5155311077.38998,NA,NA,NA,2025-06-05
PG,PNG,Papua New Guinea,1995,4636057476.42568,NA,NA,NA,2025-06-05
PG,PNG,Papua New Guinea,1994,5502786069.65174,NA,NA,NA,2025-06-05
PG,PNG,Papua New Guinea,1993,4974550286.18152,NA,NA,NA,2025-06-05
PG,PNG,Papua New Guinea,1992,4377980510.05598,NA,NA,NA,2025-06-05
PG,PNG,Papua New Guinea,1991,3787394957.98319,NA,NA,NA,2025-06-05
PG,PNG,Papua New Guinea,1990,3219729083.06487,NA,NA,NA,2025-06-05
PG,PNG,Papua New Guinea,1989,3546472565.69364,NA,NA,NA,2025-06-05
PG,PNG,Papua New Guinea,1988,3656177880.70625,NA,NA,NA,2025-06-05
PG,PNG,Papua New Guinea,1987,3143851794.08723,NA,NA,NA,2025-06-05
PG,PNG,Papua New Guinea,1986,2647995602.28698,NA,NA,NA,2025-06-05
PG,PNG,Papua New Guinea,1985,2423339171.50015,NA,NA,NA,2025-06-05
PG,PNG,Papua New Guinea,1984,2552662617.18854,NA,NA,NA,2025-06-05
PG,PNG,Papua New Guinea,1983,2562351551.04491,NA,NA,NA,2025-06-05
PG,PNG,Papua New Guinea,1982,2368719683.44848,NA,NA,NA,2025-06-05
PG,PNG,Papua New Guinea,1981,2498190847.39668,NA,NA,NA,2025-06-05
PG,PNG,Papua New Guinea,1980,2545808455.52399,NA,NA,NA,2025-06-05
PG,PNG,Papua New Guinea,1979,2293760510.9609,NA,NA,NA,2025-06-05
PG,PNG,Papua New Guinea,1978,1947878830.62383,NA,NA,NA,2025-06-05
PG,PNG,Papua New Guinea,1977,1640746618.68467,NA,NA,NA,2025-06-05
PG,PNG,Papua New Guinea,1976,1511843235.49111,NA,NA,NA,2025-06-05
PG,PNG,Papua New Guinea,1975,1356603608.09695,NA,NA,NA,2025-06-05
PG,PNG,Papua New Guinea,1974,1467417672.17002,NA,NA,NA,2025-06-05
PG,PNG,Papua New Guinea,1973,1299079410.43638,NA,NA,NA,2025-06-05
PG,PNG,Papua New Guinea,1972,858761926.08968,NA,NA,NA,2025-06-05
PG,PNG,Papua New Guinea,1971,717750278.105664,NA,NA,NA,2025-06-05
PG,PNG,Papua New Guinea,1970,645568215.290914,NA,NA,NA,2025-06-05
PG,PNG,Papua New Guinea,1969,551263864.202218,NA,NA,NA,2025-06-05
PG,PNG,Papua New Guinea,1968,485184189.62947,NA,NA,NA,2025-06-05
PG,PNG,Papua New Guinea,1967,441728182.676509,NA,NA,NA,2025-06-05
PG,PNG,Papua New Guinea,1966,390992062.55873,NA,NA,NA,2025-06-05
PG,PNG,Papua New Guinea,1965,344176055.068169,NA,NA,NA,2025-06-05
PG,PNG,Papua New Guinea,1964,305312048.849928,NA,NA,NA,2025-06-05
PG,PNG,Papua New Guinea,1963,275968044.154887,NA,NA,NA,2025-06-05
PG,PNG,Papua New Guinea,1962,261184041.789447,NA,NA,NA,2025-06-05
PG,PNG,Papua New Guinea,1961,244832039.173126,NA,NA,NA,2025-06-05
PG,PNG,Papua New Guinea,1960,230496036.879366,NA,NA,NA,2025-06-05
PY,PRY,Paraguay,2024,NA,NA,NA,NA,2025-06-05
PY,PRY,Paraguay,2023,42956263543.9482,NA,NA,NA,2025-06-05
PY,PRY,Paraguay,2022,41952910858.0846,NA,NA,NA,2025-06-05
PY,PRY,Paraguay,2021,39950899938.7482,NA,NA,NA,2025-06-05
PY,PRY,Paraguay,2020,35432178068.1814,NA,NA,NA,2025-06-05
PY,PRY,Paraguay,2019,37925338329.1494,NA,NA,NA,2025-06-05
PY,PRY,Paraguay,2018,40225448340.6322,NA,NA,NA,2025-06-05
PY,PRY,Paraguay,2017,38997129473.5558,NA,NA,NA,2025-06-05
PY,PRY,Paraguay,2016,36089700222.9461,NA,NA,NA,2025-06-05
PY,PRY,Paraguay,2015,36211447840.0971,NA,NA,NA,2025-06-05
PY,PRY,Paraguay,2014,40377929295.6419,NA,NA,NA,2025-06-05
PY,PRY,Paraguay,2013,38501122141.4241,NA,NA,NA,2025-06-05
PY,PRY,Paraguay,2012,33271921136.315,NA,NA,NA,2025-06-05
PY,PRY,Paraguay,2011,33756238766.5,NA,NA,NA,2025-06-05
PY,PRY,Paraguay,2010,27260886405.2263,NA,NA,NA,2025-06-05
PY,PRY,Paraguay,2009,22355151161.994,NA,NA,NA,2025-06-05
PY,PRY,Paraguay,2008,24615267663.5456,NA,NA,NA,2025-06-05
PY,PRY,Paraguay,2007,17856393235.4338,NA,NA,NA,2025-06-05
PY,PRY,Paraguay,2006,13429430050.261,NA,NA,NA,2025-06-05
PY,PRY,Paraguay,2005,10737500188.1123,NA,NA,NA,2025-06-05
PY,PRY,Paraguay,2004,9624440836.29309,NA,NA,NA,2025-06-05
PY,PRY,Paraguay,2003,7691367471.17992,NA,NA,NA,2025-06-05
PY,PRY,Paraguay,2002,7196260656.84556,NA,NA,NA,2025-06-05
PY,PRY,Paraguay,2001,8495806432.18467,NA,NA,NA,2025-06-05
PY,PRY,Paraguay,2000,8855705139.55857,NA,NA,NA,2025-06-05
PY,PRY,Paraguay,1999,8837070235.51892,NA,NA,NA,2025-06-05
PY,PRY,Paraguay,1998,9260481572.42462,NA,NA,NA,2025-06-05
PY,PRY,Paraguay,1997,9965225678.05093,NA,NA,NA,2025-06-05
PY,PRY,Paraguay,1996,9788391780.52421,NA,NA,NA,2025-06-05
PY,PRY,Paraguay,1995,9062131475.02318,NA,NA,NA,2025-06-05
PY,PRY,Paraguay,1994,7870982004.8195,NA,NA,NA,2025-06-05
PY,PRY,Paraguay,1993,7249533620.30614,NA,NA,NA,2025-06-05
PY,PRY,Paraguay,1992,7157424031.06045,NA,NA,NA,2025-06-05
PY,PRY,Paraguay,1991,6984367762.90371,NA,NA,NA,2025-06-05
PY,PRY,Paraguay,1990,5812114523.01187,NA,NA,NA,2025-06-05
PY,PRY,Paraguay,1989,4757732199.96213,NA,NA,NA,2025-06-05
PY,PRY,Paraguay,1988,4255683528.33333,NA,NA,NA,2025-06-05
PY,PRY,Paraguay,1987,3971044723.8024,NA,NA,NA,2025-06-05
PY,PRY,Paraguay,1986,3723993942.79088,NA,NA,NA,2025-06-05
PY,PRY,Paraguay,1985,3282449235.76129,NA,NA,NA,2025-06-05
PY,PRY,Paraguay,1984,4502462807.13993,NA,NA,NA,2025-06-05
PY,PRY,Paraguay,1983,5673248726.16438,NA,NA,NA,2025-06-05
PY,PRY,Paraguay,1982,5419411764.70588,NA,NA,NA,2025-06-05
PY,PRY,Paraguay,1981,5624515873.01587,NA,NA,NA,2025-06-05
PY,PRY,Paraguay,1980,4448087301.5873,NA,NA,NA,2025-06-05
PY,PRY,Paraguay,1979,3416777777.77778,NA,NA,NA,2025-06-05
PY,PRY,Paraguay,1978,2559857142.85714,NA,NA,NA,2025-06-05
PY,PRY,Paraguay,1977,2092158730.15873,NA,NA,NA,2025-06-05
PY,PRY,Paraguay,1976,1698960317.46032,NA,NA,NA,2025-06-05
PY,PRY,Paraguay,1975,1511420634.92063,NA,NA,NA,2025-06-05
PY,PRY,Paraguay,1974,1333475396.8254,NA,NA,NA,2025-06-05
PY,PRY,Paraguay,1973,995531746.031746,NA,NA,NA,2025-06-05
PY,PRY,Paraguay,1972,769039682.539683,NA,NA,NA,2025-06-05
PY,PRY,Paraguay,1971,664571428.571429,NA,NA,NA,2025-06-05
PY,PRY,Paraguay,1970,594611111.111111,NA,NA,NA,2025-06-05
PY,PRY,Paraguay,1969,556293650.793651,NA,NA,NA,2025-06-05
PY,PRY,Paraguay,1968,517650793.650794,NA,NA,NA,2025-06-05
PY,PRY,Paraguay,1967,492674603.174603,NA,NA,NA,2025-06-05
PY,PRY,Paraguay,1966,465888888.888889,NA,NA,NA,2025-06-05
PY,PRY,Paraguay,1965,443587301.587302,NA,NA,NA,2025-06-05
PY,PRY,Paraguay,1964,408349206.349206,NA,NA,NA,2025-06-05
PY,PRY,Paraguay,1963,383904761.904762,NA,NA,NA,2025-06-05
PY,PRY,Paraguay,1962,360698412.698413,NA,NA,NA,2025-06-05
PY,PRY,Paraguay,1961,322053713.15873,NA,NA,NA,2025-06-05
PY,PRY,Paraguay,1960,288884368.016934,NA,NA,NA,2025-06-05
PE,PER,Peru,2024,NA,NA,NA,NA,2025-06-05
PE,PER,Peru,2023,267603248655.253,NA,NA,NA,2025-06-05
PE,PER,Peru,2022,246488757636.211,NA,NA,NA,2025-06-05
PE,PER,Peru,2021,226354278280.885,NA,NA,NA,2025-06-05
PE,PER,Peru,2020,201409694755.934,NA,NA,NA,2025-06-05
PE,PER,Peru,2019,228346006003.648,NA,NA,NA,2025-06-05
PE,PER,Peru,2018,222597009739.235,NA,NA,NA,2025-06-05
PE,PER,Peru,2017,211007984080.911,NA,NA,NA,2025-06-05
PE,PER,Peru,2016,191898104390.379,NA,NA,NA,2025-06-05
PE,PER,Peru,2015,189802976285.619,NA,NA,NA,2025-06-05
PE,PER,Peru,2014,200786250582.943,NA,NA,NA,2025-06-05
PE,PER,Peru,2013,201175543571.392,NA,NA,NA,2025-06-05
PE,PER,Peru,2012,192650021648.583,NA,NA,NA,2025-06-05
PE,PER,Peru,2011,171761737046.585,NA,NA,NA,2025-06-05
PE,PER,Peru,2010,147527631520.729,NA,NA,NA,2025-06-05
PE,PER,Peru,2009,120822986521.479,NA,NA,NA,2025-06-05
PE,PER,Peru,2008,120550599815.441,NA,NA,NA,2025-06-05
PE,PER,Peru,2007,102170981144.136,NA,NA,NA,2025-06-05
PE,PER,Peru,2006,88643193061.748,NA,NA,NA,2025-06-05
PE,PER,Peru,2005,76060606060.6061,NA,NA,NA,2025-06-05
PE,PER,Peru,2004,66768703497.5687,NA,NA,NA,2025-06-05
PE,PER,Peru,2003,58731030121.8671,NA,NA,NA,2025-06-05
PE,PER,Peru,2002,54777553515.0809,NA,NA,NA,2025-06-05
PE,PER,Peru,2001,52030158775.4055,NA,NA,NA,2025-06-05
PE,PER,Peru,2000,51744749133.213,NA,NA,NA,2025-06-05
PE,PER,Peru,1999,50187324567.883,NA,NA,NA,2025-06-05
PE,PER,Peru,1998,55501467877.381,NA,NA,NA,2025-06-05
PE,PER,Peru,1997,58147522522.5225,NA,NA,NA,2025-06-05
PE,PER,Peru,1996,55252414130.3019,NA,NA,NA,2025-06-05
PE,PER,Peru,1995,53312793687.3836,NA,NA,NA,2025-06-05
PE,PER,Peru,1994,44882079766.8913,NA,NA,NA,2025-06-05
PE,PER,Peru,1993,34832077220.8537,NA,NA,NA,2025-06-05
PE,PER,Peru,1992,35966302303.263,NA,NA,NA,2025-06-05
PE,PER,Peru,1991,34341465998.2003,NA,NA,NA,2025-06-05
PE,PER,Peru,1990,26410386962.8019,NA,NA,NA,2025-06-05
PE,PER,Peru,1989,22499558526.3682,NA,NA,NA,2025-06-05
PE,PER,Peru,1988,15439408447.2,NA,NA,NA,2025-06-05
PE,PER,Peru,1987,36889706592.6843,NA,NA,NA,2025-06-05
PE,PER,Peru,1986,21859448586.485,NA,NA,NA,2025-06-05
PE,PER,Peru,1985,15078736875.387,NA,NA,NA,2025-06-05
PE,PER,Peru,1984,17600400384.5073,NA,NA,NA,2025-06-05
PE,PER,Peru,1983,17345260564.4824,NA,NA,NA,2025-06-05
PE,PER,Peru,1982,21794535621.216,NA,NA,NA,2025-06-05
PE,PER,Peru,1981,21648214892.8828,NA,NA,NA,2025-06-05
PE,PER,Peru,1980,18136838537.725,NA,NA,NA,2025-06-05
PE,PER,Peru,1979,15954012439.1662,NA,NA,NA,2025-06-05
PE,PER,Peru,1978,12491876742.9708,NA,NA,NA,2025-06-05
PE,PER,Peru,1977,14544913960.5062,NA,NA,NA,2025-06-05
PE,PER,Peru,1976,16131958850.6444,NA,NA,NA,2025-06-05
PE,PER,Peru,1975,16931162355.4802,NA,NA,NA,2025-06-05
PE,PER,Peru,1974,13858441211.4692,NA,NA,NA,2025-06-05
PE,PER,Peru,1973,10994381895.1161,NA,NA,NA,2025-06-05
PE,PER,Peru,1972,9189413409.28138,NA,NA,NA,2025-06-05
PE,PER,Peru,1971,8289582883.67673,NA,NA,NA,2025-06-05
PE,PER,Peru,1970,7432223176.93623,NA,NA,NA,2025-06-05
PE,PER,Peru,1969,6420909789.83,NA,NA,NA,2025-06-05
PE,PER,Peru,1968,5736083835.29034,NA,NA,NA,2025-06-05
PE,PER,Peru,1967,6194340079.8786,NA,NA,NA,2025-06-05
PE,PER,Peru,1966,6109048736.61853,NA,NA,NA,2025-06-05
PE,PER,Peru,1965,5163008077.37371,NA,NA,NA,2025-06-05
PE,PER,Peru,1964,4353664866.67985,NA,NA,NA,2025-06-05
PE,PER,Peru,1963,3598272493.3109,NA,NA,NA,2025-06-05
PE,PER,Peru,1962,3284322201.27831,NA,NA,NA,2025-06-05
PE,PER,Peru,1961,2897852693.27494,NA,NA,NA,2025-06-05
PE,PER,Peru,1960,2571986572.12719,NA,NA,NA,2025-06-05
PH,PHL,Philippines,2024,NA,NA,NA,NA,2025-06-05
PH,PHL,Philippines,2023,437146372729.942,NA,NA,NA,2025-06-05
PH,PHL,Philippines,2022,404353369604.631,NA,NA,NA,2025-06-05
PH,PHL,Philippines,2021,394087359848.11,NA,NA,NA,2025-06-05
PH,PHL,Philippines,2020,361751145451.597,NA,NA,NA,2025-06-05
PH,PHL,Philippines,2019,376823402244.928,NA,NA,NA,2025-06-05
PH,PHL,Philippines,2018,346841896583.515,NA,NA,NA,2025-06-05
PH,PHL,Philippines,2017,328480736798.792,NA,NA,NA,2025-06-05
PH,PHL,Philippines,2016,318627003012.52,NA,NA,NA,2025-06-05
PH,PHL,Philippines,2015,306445871246.718,NA,NA,NA,2025-06-05
PH,PHL,Philippines,2014,297483555344.802,NA,NA,NA,2025-06-05
PH,PHL,Philippines,2013,283902828581.65,NA,NA,NA,2025-06-05
PH,PHL,Philippines,2012,261920540972.102,NA,NA,NA,2025-06-05
PH,PHL,Philippines,2011,234216730295.938,NA,NA,NA,2025-06-05
PH,PHL,Philippines,2010,208368893151.144,NA,NA,NA,2025-06-05
PH,PHL,Philippines,2009,175974755881.372,NA,NA,NA,2025-06-05
PH,PHL,Philippines,2008,181624626327.361,NA,NA,NA,2025-06-05
PH,PHL,Philippines,2007,155980408673.403,NA,NA,NA,2025-06-05
PH,PHL,Philippines,2006,127652926368.069,NA,NA,NA,2025-06-05
PH,PHL,Philippines,2005,107419977318.166,NA,NA,NA,2025-06-05
PH,PHL,Philippines,2004,95001999685.3314,NA,NA,NA,2025-06-05
PH,PHL,Philippines,2003,87039092974.2272,NA,NA,NA,2025-06-05
PH,PHL,Philippines,2002,84307345887.543,NA,NA,NA,2025-06-05
PH,PHL,Philippines,2001,78921234457.5487,NA,NA,NA,2025-06-05
PH,PHL,Philippines,2000,83669788254.7279,NA,NA,NA,2025-06-05
PH,PHL,Philippines,1999,85640171045.1254,NA,NA,NA,2025-06-05
PH,PHL,Philippines,1998,74492416329.9142,NA,NA,NA,2025-06-05
PH,PHL,Philippines,1997,94106317565.0846,NA,NA,NA,2025-06-05
PH,PHL,Philippines,1996,94648084429.0341,NA,NA,NA,2025-06-05
PH,PHL,Philippines,1995,84644328727.4825,NA,NA,NA,2025-06-05
PH,PHL,Philippines,1994,73159336915.2718,NA,NA,NA,2025-06-05
PH,PHL,Philippines,1993,62036529147.1831,NA,NA,NA,2025-06-05
PH,PHL,Philippines,1992,60422328242.1803,NA,NA,NA,2025-06-05
PH,PHL,Philippines,1991,51784144942.727,NA,NA,NA,2025-06-05
PH,PHL,Philippines,1990,50508286641.5746,NA,NA,NA,2025-06-05
PH,PHL,Philippines,1989,48513773720.673,NA,NA,NA,2025-06-05
PH,PHL,Philippines,1988,43152128958.6116,NA,NA,NA,2025-06-05
PH,PHL,Philippines,1987,37791488666.0743,NA,NA,NA,2025-06-05
PH,PHL,Philippines,1986,33987207294.9432,NA,NA,NA,2025-06-05
PH,PHL,Philippines,1985,34961486348.2382,NA,NA,NA,2025-06-05
PH,PHL,Philippines,1984,35730185633.5233,NA,NA,NA,2025-06-05
PH,PHL,Philippines,1983,37759179894.5298,NA,NA,NA,2025-06-05
PH,PHL,Philippines,1982,42206011275.1757,NA,NA,NA,2025-06-05
PH,PHL,Philippines,1981,40499388869.1271,NA,NA,NA,2025-06-05
PH,PHL,Philippines,1980,36848080898.8112,NA,NA,NA,2025-06-05
PH,PHL,Philippines,1979,31218296292.1295,NA,NA,NA,2025-06-05
PH,PHL,Philippines,1978,25762224562.6316,NA,NA,NA,2025-06-05
PH,PHL,Philippines,1977,22283109803.3521,NA,NA,NA,2025-06-05
PH,PHL,Philippines,1976,19381055197.2794,NA,NA,NA,2025-06-05
PH,PHL,Philippines,1975,16875240683.5083,NA,NA,NA,2025-06-05
PH,PHL,Philippines,1974,15607882555.2916,NA,NA,NA,2025-06-05
PH,PHL,Philippines,1973,11412449735.3056,NA,NA,NA,2025-06-05
PH,PHL,Philippines,1972,9067815521.3262,NA,NA,NA,2025-06-05
PH,PHL,Philippines,1971,8375075629.8327,NA,NA,NA,2025-06-05
PH,PHL,Philippines,1970,7559115516.69532,NA,NA,NA,2025-06-05
PH,PHL,Philippines,1969,9571800652.5641,NA,NA,NA,2025-06-05
PH,PHL,Philippines,1968,8632749269.48718,NA,NA,NA,2025-06-05
PH,PHL,Philippines,1967,7724873935.12821,NA,NA,NA,2025-06-05
PH,PHL,Philippines,1966,7189017887.69231,NA,NA,NA,2025-06-05
PH,PHL,Philippines,1965,6517349771.93386,NA,NA,NA,2025-06-05
PH,PHL,Philippines,1964,5953756194.80988,NA,NA,NA,2025-06-05
PH,PHL,Philippines,1963,5505023238.40669,NA,NA,NA,2025-06-05
PH,PHL,Philippines,1962,4954593071.82796,NA,NA,NA,2025-06-05
PH,PHL,Philippines,1961,8171194424.94498,NA,NA,NA,2025-06-05
PH,PHL,Philippines,1960,7515894110.56487,NA,NA,NA,2025-06-05
PL,POL,Poland,2024,NA,NA,NA,NA,2025-06-05
PL,POL,Poland,2023,809200697797.088,NA,NA,NA,2025-06-05
PL,POL,Poland,2022,695607470875.276,NA,NA,NA,2025-06-05
PL,POL,Poland,2021,689170230665.35,NA,NA,NA,2025-06-05
PL,POL,Poland,2020,605914237903.742,NA,NA,NA,2025-06-05
PL,POL,Poland,2019,602683770144.88,NA,NA,NA,2025-06-05
PL,POL,Poland,2018,594616687350.017,NA,NA,NA,2025-06-05
PL,POL,Poland,2017,528356676667.211,NA,NA,NA,2025-06-05
PL,POL,Poland,2016,473259583969.643,NA,NA,NA,2025-06-05
PL,POL,Poland,2015,480054118583.367,NA,NA,NA,2025-06-05
PL,POL,Poland,2014,542134167178.627,NA,NA,NA,2025-06-05
PL,POL,Poland,2013,518179836405.36,NA,NA,NA,2025-06-05
PL,POL,Poland,2012,498148649702.66,NA,NA,NA,2025-06-05
PL,POL,Poland,2011,527848543023.469,NA,NA,NA,2025-06-05
PL,POL,Poland,2010,478111630683.514,NA,NA,NA,2025-06-05
PL,POL,Poland,2009,440891472247.096,NA,NA,NA,2025-06-05
PL,POL,Poland,2008,535612030671.888,NA,NA,NA,2025-06-05
PL,POL,Poland,2007,429715132137.503,NA,NA,NA,2025-06-05
PL,POL,Poland,2006,345897630736.173,NA,NA,NA,2025-06-05
PL,POL,Poland,2005,306999913150.525,NA,NA,NA,2025-06-05
PL,POL,Poland,2004,256268656145.134,NA,NA,NA,2025-06-05
PL,POL,Poland,2003,218561225998.47,NA,NA,NA,2025-06-05
PL,POL,Poland,2002,199694463255.567,NA,NA,NA,2025-06-05
PL,POL,Poland,2001,191823200371.284,NA,NA,NA,2025-06-05
PL,POL,Poland,2000,172953527033.013,NA,NA,NA,2025-06-05
PL,POL,Poland,1999,170704452714.673,NA,NA,NA,2025-06-05
PL,POL,Poland,1998,175282269666.801,NA,NA,NA,2025-06-05
PL,POL,Poland,1997,159893964916.817,NA,NA,NA,2025-06-05
PL,POL,Poland,1996,160813026223.063,NA,NA,NA,2025-06-05
PL,POL,Poland,1995,142838527115.448,NA,NA,NA,2025-06-05
PL,POL,Poland,1994,110803635287.621,NA,NA,NA,2025-06-05
PL,POL,Poland,1993,96043157272.862,NA,NA,NA,2025-06-05
PL,POL,Poland,1992,94337050693.2727,NA,NA,NA,2025-06-05
PL,POL,Poland,1991,85500935934.9901,NA,NA,NA,2025-06-05
PL,POL,Poland,1990,65977748210.5263,NA,NA,NA,2025-06-05
PL,POL,Poland,1989,NA,NA,NA,NA,2025-06-05
PL,POL,Poland,1988,NA,NA,NA,NA,2025-06-05
PL,POL,Poland,1987,NA,NA,NA,NA,2025-06-05
PL,POL,Poland,1986,NA,NA,NA,NA,2025-06-05
PL,POL,Poland,1985,NA,NA,NA,NA,2025-06-05
PL,POL,Poland,1984,NA,NA,NA,NA,2025-06-05
PL,POL,Poland,1983,NA,NA,NA,NA,2025-06-05
PL,POL,Poland,1982,NA,NA,NA,NA,2025-06-05
PL,POL,Poland,1981,NA,NA,NA,NA,2025-06-05
PL,POL,Poland,1980,NA,NA,NA,NA,2025-06-05
PL,POL,Poland,1979,NA,NA,NA,NA,2025-06-05
PL,POL,Poland,1978,NA,NA,NA,NA,2025-06-05
PL,POL,Poland,1977,NA,NA,NA,NA,2025-06-05
PL,POL,Poland,1976,NA,NA,NA,NA,2025-06-05
PL,POL,Poland,1975,NA,NA,NA,NA,2025-06-05
PL,POL,Poland,1974,NA,NA,NA,NA,2025-06-05
PL,POL,Poland,1973,NA,NA,NA,NA,2025-06-05
PL,POL,Poland,1972,NA,NA,NA,NA,2025-06-05
PL,POL,Poland,1971,NA,NA,NA,NA,2025-06-05
PL,POL,Poland,1970,NA,NA,NA,NA,2025-06-05
PL,POL,Poland,1969,NA,NA,NA,NA,2025-06-05
PL,POL,Poland,1968,NA,NA,NA,NA,2025-06-05
PL,POL,Poland,1967,NA,NA,NA,NA,2025-06-05
PL,POL,Poland,1966,NA,NA,NA,NA,2025-06-05
PL,POL,Poland,1965,NA,NA,NA,NA,2025-06-05
PL,POL,Poland,1964,NA,NA,NA,NA,2025-06-05
PL,POL,Poland,1963,NA,NA,NA,NA,2025-06-05
PL,POL,Poland,1962,NA,NA,NA,NA,2025-06-05
PL,POL,Poland,1961,NA,NA,NA,NA,2025-06-05
PL,POL,Poland,1960,NA,NA,NA,NA,2025-06-05
PT,PRT,Portugal,2024,NA,NA,NA,NA,2025-06-05
PT,PRT,Portugal,2023,289114289663.542,NA,NA,NA,2025-06-05
PT,PRT,Portugal,2022,256898675068.927,NA,NA,NA,2025-06-05
PT,PRT,Portugal,2021,256055879091.139,NA,NA,NA,2025-06-05
PT,PRT,Portugal,2020,229618773422.577,NA,NA,NA,2025-06-05
PT,PRT,Portugal,2019,240115970063.019,NA,NA,NA,2025-06-05
PT,PRT,Portugal,2018,242092894542.888,NA,NA,NA,2025-06-05
PT,PRT,Portugal,2017,220862990767.229,NA,NA,NA,2025-06-05
PT,PRT,Portugal,2016,206305431241.638,NA,NA,NA,2025-06-05
PT,PRT,Portugal,2015,199038523119.639,NA,NA,NA,2025-06-05
PT,PRT,Portugal,2014,230078616299.675,NA,NA,NA,2025-06-05
PT,PRT,Portugal,2013,226677408291.745,NA,NA,NA,2025-06-05
PT,PRT,Portugal,2012,216536676771.973,NA,NA,NA,2025-06-05
PT,PRT,Portugal,2011,245426767676.002,NA,NA,NA,2025-06-05
PT,PRT,Portugal,2010,238443864993.217,NA,NA,NA,2025-06-05
PT,PRT,Portugal,2009,244667762835.543,NA,NA,NA,2025-06-05
PT,PRT,Portugal,2008,263416394624.084,NA,NA,NA,2025-06-05
PT,PRT,Portugal,2007,240496147317.381,NA,NA,NA,2025-06-05
PT,PRT,Portugal,2006,208756449275.848,NA,NA,NA,2025-06-05
PT,PRT,Portugal,2005,197253876704.921,NA,NA,NA,2025-06-05
PT,PRT,Portugal,2004,189382122532.169,NA,NA,NA,2025-06-05
PT,PRT,Portugal,2003,165226175536.793,NA,NA,NA,2025-06-05
PT,PRT,Portugal,2002,134795565549.419,NA,NA,NA,2025-06-05
PT,PRT,Portugal,2001,121604107164.997,NA,NA,NA,2025-06-05
PT,PRT,Portugal,2000,118605192877.388,NA,NA,NA,2025-06-05
PT,PRT,Portugal,1999,127470385557.184,NA,NA,NA,2025-06-05
PT,PRT,Portugal,1998,123946327916.296,NA,NA,NA,2025-06-05
PT,PRT,Portugal,1997,117016535162.95,NA,NA,NA,2025-06-05
PT,PRT,Portugal,1996,122630089680.27,NA,NA,NA,2025-06-05
PT,PRT,Portugal,1995,118122007430.012,NA,NA,NA,2025-06-05
PT,PRT,Portugal,1994,99688641304.3478,NA,NA,NA,2025-06-05
PT,PRT,Portugal,1993,95009751901.2592,NA,NA,NA,2025-06-05
PT,PRT,Portugal,1992,107592098307.098,NA,NA,NA,2025-06-05
PT,PRT,Portugal,1991,89233599278.4792,NA,NA,NA,2025-06-05
PT,PRT,Portugal,1990,78713860216.5659,NA,NA,NA,2025-06-05
PT,PRT,Portugal,1989,60594092182.3275,NA,NA,NA,2025-06-05
PT,PRT,Portugal,1988,56347250696.3788,NA,NA,NA,2025-06-05
PT,PRT,Portugal,1987,48182925857.4071,NA,NA,NA,2025-06-05
PT,PRT,Portugal,1986,38745901353.7059,NA,NA,NA,2025-06-05
PT,PRT,Portugal,1985,27115807742.0873,NA,NA,NA,2025-06-05
PT,PRT,Portugal,1984,25217969049.5755,NA,NA,NA,2025-06-05
PT,PRT,Portugal,1983,27239650741.9472,NA,NA,NA,2025-06-05
PT,PRT,Portugal,1982,30527754793.1382,NA,NA,NA,2025-06-05
PT,PRT,Portugal,1981,31977276872.9642,NA,NA,NA,2025-06-05
PT,PRT,Portugal,1980,32896519823.7885,NA,NA,NA,2025-06-05
PT,PRT,Portugal,1979,26622819672.1311,NA,NA,NA,2025-06-05
PT,PRT,Portugal,1978,23487614051.0949,NA,NA,NA,2025-06-05
PT,PRT,Portugal,1977,21439523310.6338,NA,NA,NA,2025-06-05
PT,PRT,Portugal,1976,20332831564.9867,NA,NA,NA,2025-06-05
PT,PRT,Portugal,1975,19347607843.1373,NA,NA,NA,2025-06-05
PT,PRT,Portugal,1974,17512391475.9274,NA,NA,NA,2025-06-05
PT,PRT,Portugal,1973,15090564186.4268,NA,NA,NA,2025-06-05
PT,PRT,Portugal,1972,11239117865.0852,NA,NA,NA,2025-06-05
PT,PRT,Portugal,1971,9201604240.28269,NA,NA,NA,2025-06-05
PT,PRT,Portugal,1970,8108235704.32357,NA,NA,NA,2025-06-05
PT,PRT,Portugal,1969,7287555035.34403,NA,NA,NA,2025-06-05
PT,PRT,Portugal,1968,6644693214.18343,NA,NA,NA,2025-06-05
PT,PRT,Portugal,1967,6002607029.64663,NA,NA,NA,2025-06-05
PT,PRT,Portugal,1966,5370108031.12859,NA,NA,NA,2025-06-05
PT,PRT,Portugal,1965,4901711247.81592,NA,NA,NA,2025-06-05
PT,PRT,Portugal,1964,4429202656.90741,NA,NA,NA,2025-06-05
PT,PRT,Portugal,1963,4084251592.81599,NA,NA,NA,2025-06-05
PT,PRT,Portugal,1962,3835883663.25123,NA,NA,NA,2025-06-05
PT,PRT,Portugal,1961,3573719084.53354,NA,NA,NA,2025-06-05
PT,PRT,Portugal,1960,3339150157.85605,NA,NA,NA,2025-06-05
PR,PRI,Puerto Rico,2024,NA,NA,NA,NA,2025-06-05
PR,PRI,Puerto Rico,2023,117902300000,NA,NA,NA,2025-06-05
PR,PRI,Puerto Rico,2022,113567200000,NA,NA,NA,2025-06-05
PR,PRI,Puerto Rico,2021,106426600000,NA,NA,NA,2025-06-05
PR,PRI,Puerto Rico,2020,103130900000,NA,NA,NA,2025-06-05
PR,PRI,Puerto Rico,2019,105126400000,NA,NA,NA,2025-06-05
PR,PRI,Puerto Rico,2018,100958100000,NA,NA,NA,2025-06-05
PR,PRI,Puerto Rico,2017,103445500000,NA,NA,NA,2025-06-05
PR,PRI,Puerto Rico,2016,104336700000,NA,NA,NA,2025-06-05
PR,PRI,Puerto Rico,2015,103375500000,NA,NA,NA,2025-06-05
PR,PRI,Puerto Rico,2014,102445800000,NA,NA,NA,2025-06-05
PR,PRI,Puerto Rico,2013,102450000000,NA,NA,NA,2025-06-05
PR,PRI,Puerto Rico,2012,101564800000,NA,NA,NA,2025-06-05
PR,PRI,Puerto Rico,2011,100351700000,NA,NA,NA,2025-06-05
PR,PRI,Puerto Rico,2010,98381300000,NA,NA,NA,2025-06-05
PR,PRI,Puerto Rico,2009,96385600000,NA,NA,NA,2025-06-05
PR,PRI,Puerto Rico,2008,93639300000,NA,NA,NA,2025-06-05
PR,PRI,Puerto Rico,2007,89524131600,NA,NA,NA,2025-06-05
PR,PRI,Puerto Rico,2006,87276164400,NA,NA,NA,2025-06-05
PR,PRI,Puerto Rico,2005,83914521300,NA,NA,NA,2025-06-05
PR,PRI,Puerto Rico,2004,80322313000,NA,NA,NA,2025-06-05
PR,PRI,Puerto Rico,2003,74827400000,NA,NA,NA,2025-06-05
PR,PRI,Puerto Rico,2002,71623500000,NA,NA,NA,2025-06-05
PR,PRI,Puerto Rico,2001,69208400000,NA,NA,NA,2025-06-05
PR,PRI,Puerto Rico,2000,61701800000,NA,NA,NA,2025-06-05
PR,PRI,Puerto Rico,1999,57841000000,NA,NA,NA,2025-06-05
PR,PRI,Puerto Rico,1998,54086400000,NA,NA,NA,2025-06-05
PR,PRI,Puerto Rico,1997,48187039000,NA,NA,NA,2025-06-05
PR,PRI,Puerto Rico,1996,45340835000,NA,NA,NA,2025-06-05
PR,PRI,Puerto Rico,1995,42647331000,NA,NA,NA,2025-06-05
PR,PRI,Puerto Rico,1994,39690630000,NA,NA,NA,2025-06-05
PR,PRI,Puerto Rico,1993,36922456000,NA,NA,NA,2025-06-05
PR,PRI,Puerto Rico,1992,34630430000,NA,NA,NA,2025-06-05
PR,PRI,Puerto Rico,1991,32287031000,NA,NA,NA,2025-06-05
PR,PRI,Puerto Rico,1990,30603919000,NA,NA,NA,2025-06-05
PR,PRI,Puerto Rico,1989,28161200000,NA,NA,NA,2025-06-05
PR,PRI,Puerto Rico,1988,26385800000,NA,NA,NA,2025-06-05
PR,PRI,Puerto Rico,1987,24025800000,NA,NA,NA,2025-06-05
PR,PRI,Puerto Rico,1986,22009300000,NA,NA,NA,2025-06-05
PR,PRI,Puerto Rico,1985,20289200000,NA,NA,NA,2025-06-05
PR,PRI,Puerto Rico,1984,19162600000,NA,NA,NA,2025-06-05
PR,PRI,Puerto Rico,1983,17276600000,NA,NA,NA,2025-06-05
PR,PRI,Puerto Rico,1982,16764200000,NA,NA,NA,2025-06-05
PR,PRI,Puerto Rico,1981,15955700000,NA,NA,NA,2025-06-05
PR,PRI,Puerto Rico,1980,14436100000,NA,NA,NA,2025-06-05
PR,PRI,Puerto Rico,1979,12750000000,NA,NA,NA,2025-06-05
PR,PRI,Puerto Rico,1978,11165000000,NA,NA,NA,2025-06-05
PR,PRI,Puerto Rico,1977,9910900000,NA,NA,NA,2025-06-05
PR,PRI,Puerto Rico,1976,8968600000,NA,NA,NA,2025-06-05
PR,PRI,Puerto Rico,1975,8198300000,NA,NA,NA,2025-06-05
PR,PRI,Puerto Rico,1974,7684800000,NA,NA,NA,2025-06-05
PR,PRI,Puerto Rico,1973,7002400000,NA,NA,NA,2025-06-05
PR,PRI,Puerto Rico,1972,6328900000,NA,NA,NA,2025-06-05
PR,PRI,Puerto Rico,1971,5646800000,NA,NA,NA,2025-06-05
PR,PRI,Puerto Rico,1970,5034700000,NA,NA,NA,2025-06-05
PR,PRI,Puerto Rico,1969,4460700000,NA,NA,NA,2025-06-05
PR,PRI,Puerto Rico,1968,3941700000,NA,NA,NA,2025-06-05
PR,PRI,Puerto Rico,1967,3532700000,NA,NA,NA,2025-06-05
PR,PRI,Puerto Rico,1966,3170500000,NA,NA,NA,2025-06-05
PR,PRI,Puerto Rico,1965,2881500000,NA,NA,NA,2025-06-05
PR,PRI,Puerto Rico,1964,2570500000,NA,NA,NA,2025-06-05
PR,PRI,Puerto Rico,1963,2333600000,NA,NA,NA,2025-06-05
PR,PRI,Puerto Rico,1962,2094400000,NA,NA,NA,2025-06-05
PR,PRI,Puerto Rico,1961,1865100000,NA,NA,NA,2025-06-05
PR,PRI,Puerto Rico,1960,1691900000,NA,NA,NA,2025-06-05
QA,QAT,Qatar,2024,NA,NA,NA,NA,2025-06-05
QA,QAT,Qatar,2023,213002809330.267,NA,NA,NA,2025-06-05
QA,QAT,Qatar,2022,235709325708.341,NA,NA,NA,2025-06-05
QA,QAT,Qatar,2021,179732009554.846,NA,NA,NA,2025-06-05
QA,QAT,Qatar,2020,144411363345.27,NA,NA,NA,2025-06-05
QA,QAT,Qatar,2019,176371267689.082,NA,NA,NA,2025-06-05
QA,QAT,Qatar,2018,183334953818.681,NA,NA,NA,2025-06-05
QA,QAT,Qatar,2017,161099122225.275,NA,NA,NA,2025-06-05
QA,QAT,Qatar,2016,151732181868.132,NA,NA,NA,2025-06-05
QA,QAT,Qatar,2015,161739955576.923,NA,NA,NA,2025-06-05
QA,QAT,Qatar,2014,206224598571.429,NA,NA,NA,2025-06-05
QA,QAT,Qatar,2013,198727642967.033,NA,NA,NA,2025-06-05
QA,QAT,Qatar,2012,186833502362.637,NA,NA,NA,2025-06-05
QA,QAT,Qatar,2011,167775268626.374,NA,NA,NA,2025-06-05
QA,QAT,Qatar,2010,125122306346.154,NA,NA,NA,2025-06-05
QA,QAT,Qatar,2009,97798351648.3516,NA,NA,NA,2025-06-05
QA,QAT,Qatar,2008,115270054945.055,NA,NA,NA,2025-06-05
QA,QAT,Qatar,2007,79712087912.0879,NA,NA,NA,2025-06-05
QA,QAT,Qatar,2006,60882142857.1429,NA,NA,NA,2025-06-05
QA,QAT,Qatar,2005,44530494505.4945,NA,NA,NA,2025-06-05
QA,QAT,Qatar,2004,31734065934.0659,NA,NA,NA,2025-06-05
QA,QAT,Qatar,2003,23533791208.7912,NA,NA,NA,2025-06-05
QA,QAT,Qatar,2002,19363736263.7363,NA,NA,NA,2025-06-05
QA,QAT,Qatar,2001,17538461538.4615,NA,NA,NA,2025-06-05
QA,QAT,Qatar,2000,17759890109.8901,NA,NA,NA,2025-06-05
QA,QAT,Qatar,1999,12393131868.1319,NA,NA,NA,2025-06-05
QA,QAT,Qatar,1998,10255495027.4725,NA,NA,NA,2025-06-05
QA,QAT,Qatar,1997,11297802115.3846,NA,NA,NA,2025-06-05
QA,QAT,Qatar,1996,9059340384.61539,NA,NA,NA,2025-06-05
QA,QAT,Qatar,1995,8137911978.02198,NA,NA,NA,2025-06-05
QA,QAT,Qatar,1994,7374450769.23077,NA,NA,NA,2025-06-05
QA,QAT,Qatar,1993,7156593653.84615,NA,NA,NA,2025-06-05
QA,QAT,Qatar,1992,7646153983.51648,NA,NA,NA,2025-06-05
QA,QAT,Qatar,1991,6883516483.51648,NA,NA,NA,2025-06-05
QA,QAT,Qatar,1990,7360439423.07692,NA,NA,NA,2025-06-05
QA,QAT,Qatar,1989,6487912087.91209,NA,NA,NA,2025-06-05
QA,QAT,Qatar,1988,6038187032.96703,NA,NA,NA,2025-06-05
QA,QAT,Qatar,1987,5446428681.31868,NA,NA,NA,2025-06-05
QA,QAT,Qatar,1986,5053021950.54945,NA,NA,NA,2025-06-05
QA,QAT,Qatar,1985,6153296456.04396,NA,NA,NA,2025-06-05
QA,QAT,Qatar,1984,6704395824.17582,NA,NA,NA,2025-06-05
QA,QAT,Qatar,1983,6467582307.69231,NA,NA,NA,2025-06-05
QA,QAT,Qatar,1982,7596703214.28571,NA,NA,NA,2025-06-05
QA,QAT,Qatar,1981,8661263763.73626,NA,NA,NA,2025-06-05
QA,QAT,Qatar,1980,7829165261.81396,NA,NA,NA,2025-06-05
QA,QAT,Qatar,1979,5632962996.82641,NA,NA,NA,2025-06-05
QA,QAT,Qatar,1978,4052000412.70087,NA,NA,NA,2025-06-05
QA,QAT,Qatar,1977,3617564637.88865,NA,NA,NA,2025-06-05
QA,QAT,Qatar,1976,3284273986.71808,NA,NA,NA,2025-06-05
QA,QAT,Qatar,1975,2512773165.81173,NA,NA,NA,2025-06-05
QA,QAT,Qatar,1974,2401403227.44085,NA,NA,NA,2025-06-05
QA,QAT,Qatar,1973,793885559.971313,NA,NA,NA,2025-06-05
QA,QAT,Qatar,1972,510262500.1767,NA,NA,NA,2025-06-05
QA,QAT,Qatar,1971,387703105.521252,NA,NA,NA,2025-06-05
QA,QAT,Qatar,1970,301791301.791302,NA,NA,NA,2025-06-05
QA,QAT,Qatar,1969,NA,NA,NA,NA,2025-06-05
QA,QAT,Qatar,1968,NA,NA,NA,NA,2025-06-05
QA,QAT,Qatar,1967,NA,NA,NA,NA,2025-06-05
QA,QAT,Qatar,1966,NA,NA,NA,NA,2025-06-05
QA,QAT,Qatar,1965,NA,NA,NA,NA,2025-06-05
QA,QAT,Qatar,1964,NA,NA,NA,NA,2025-06-05
QA,QAT,Qatar,1963,NA,NA,NA,NA,2025-06-05
QA,QAT,Qatar,1962,NA,NA,NA,NA,2025-06-05
QA,QAT,Qatar,1961,NA,NA,NA,NA,2025-06-05
QA,QAT,Qatar,1960,NA,NA,NA,NA,2025-06-05
RO,ROU,Romania,2024,NA,NA,NA,NA,2025-06-05
RO,ROU,Romania,2023,350775856415.189,NA,NA,NA,2025-06-05
RO,ROU,Romania,2022,296354358293.475,NA,NA,NA,2025-06-05
RO,ROU,Romania,2021,286578196368.297,NA,NA,NA,2025-06-05
RO,ROU,Romania,2020,252033792712.145,NA,NA,NA,2025-06-05
RO,ROU,Romania,2019,251677082534.495,NA,NA,NA,2025-06-05
RO,ROU,Romania,2018,243468683030.34,NA,NA,NA,2025-06-05
RO,ROU,Romania,2017,210147385855.419,NA,NA,NA,2025-06-05
RO,ROU,Romania,2016,185290759248.844,NA,NA,NA,2025-06-05
RO,ROU,Romania,2015,177885131240.315,NA,NA,NA,2025-06-05
RO,ROU,Romania,2014,199722319675.741,NA,NA,NA,2025-06-05
RO,ROU,Romania,2013,189798603751.235,NA,NA,NA,2025-06-05
RO,ROU,Romania,2012,179117323107.087,NA,NA,NA,2025-06-05
RO,ROU,Romania,2011,192623977894.173,NA,NA,NA,2025-06-05
RO,ROU,Romania,2010,170064350671.827,NA,NA,NA,2025-06-05
RO,ROU,Romania,2009,174110532658.867,NA,NA,NA,2025-06-05
RO,ROU,Romania,2008,214315932061.275,NA,NA,NA,2025-06-05
RO,ROU,Romania,2007,174588782938.583,NA,NA,NA,2025-06-05
RO,ROU,Romania,2006,122023735992.706,NA,NA,NA,2025-06-05
RO,ROU,Romania,2005,98454380120.0761,NA,NA,NA,2025-06-05
RO,ROU,Romania,2004,74973656851.8076,NA,NA,NA,2025-06-05
RO,ROU,Romania,2003,57806384143.166,NA,NA,NA,2025-06-05
RO,ROU,Romania,2002,46065502702.5817,NA,NA,NA,2025-06-05
RO,ROU,Romania,2001,40395116581.4832,NA,NA,NA,2025-06-05
RO,ROU,Romania,2000,37253739511.1273,NA,NA,NA,2025-06-05
RO,ROU,Romania,1999,35953156753.739,NA,NA,NA,2025-06-05
RO,ROU,Romania,1998,41696091973.7076,NA,NA,NA,2025-06-05
RO,ROU,Romania,1997,35575214078.2428,NA,NA,NA,2025-06-05
RO,ROU,Romania,1996,36937074278.3004,NA,NA,NA,2025-06-05
RO,ROU,Romania,1995,37430162102.6125,NA,NA,NA,2025-06-05
RO,ROU,Romania,1994,30072805104.2542,NA,NA,NA,2025-06-05
RO,ROU,Romania,1993,26361160449.9704,NA,NA,NA,2025-06-05
RO,ROU,Romania,1992,25121666666.6667,NA,NA,NA,2025-06-05
RO,ROU,Romania,1991,28850634899.856,NA,NA,NA,2025-06-05
RO,ROU,Romania,1990,38247882300.4904,NA,NA,NA,2025-06-05
RO,ROU,Romania,1989,41450777202.0725,NA,NA,NA,2025-06-05
RO,ROU,Romania,1988,40424528301.8868,NA,NA,NA,2025-06-05
RO,ROU,Romania,1987,38067567567.5676,NA,NA,NA,2025-06-05
RO,ROU,Romania,1986,NA,NA,NA,NA,2025-06-05
RO,ROU,Romania,1985,NA,NA,NA,NA,2025-06-05
RO,ROU,Romania,1984,NA,NA,NA,NA,2025-06-05
RO,ROU,Romania,1983,NA,NA,NA,NA,2025-06-05
RO,ROU,Romania,1982,NA,NA,NA,NA,2025-06-05
RO,ROU,Romania,1981,NA,NA,NA,NA,2025-06-05
RO,ROU,Romania,1980,NA,NA,NA,NA,2025-06-05
RO,ROU,Romania,1979,NA,NA,NA,NA,2025-06-05
RO,ROU,Romania,1978,NA,NA,NA,NA,2025-06-05
RO,ROU,Romania,1977,NA,NA,NA,NA,2025-06-05
RO,ROU,Romania,1976,NA,NA,NA,NA,2025-06-05
RO,ROU,Romania,1975,NA,NA,NA,NA,2025-06-05
RO,ROU,Romania,1974,NA,NA,NA,NA,2025-06-05
RO,ROU,Romania,1973,NA,NA,NA,NA,2025-06-05
RO,ROU,Romania,1972,NA,NA,NA,NA,2025-06-05
RO,ROU,Romania,1971,NA,NA,NA,NA,2025-06-05
RO,ROU,Romania,1970,NA,NA,NA,NA,2025-06-05
RO,ROU,Romania,1969,NA,NA,NA,NA,2025-06-05
RO,ROU,Romania,1968,NA,NA,NA,NA,2025-06-05
RO,ROU,Romania,1967,NA,NA,NA,NA,2025-06-05
RO,ROU,Romania,1966,NA,NA,NA,NA,2025-06-05
RO,ROU,Romania,1965,NA,NA,NA,NA,2025-06-05
RO,ROU,Romania,1964,NA,NA,NA,NA,2025-06-05
RO,ROU,Romania,1963,NA,NA,NA,NA,2025-06-05
RO,ROU,Romania,1962,NA,NA,NA,NA,2025-06-05
RO,ROU,Romania,1961,NA,NA,NA,NA,2025-06-05
RO,ROU,Romania,1960,NA,NA,NA,NA,2025-06-05
RU,RUS,Russian Federation,2024,NA,NA,NA,NA,2025-06-05
RU,RUS,Russian Federation,2023,2021421476035.42,NA,NA,NA,2025-06-05
RU,RUS,Russian Federation,2022,2266029240645.34,NA,NA,NA,2025-06-05
RU,RUS,Russian Federation,2021,1843392293734.38,NA,NA,NA,2025-06-05
RU,RUS,Russian Federation,2020,1493075894362.14,NA,NA,NA,2025-06-05
RU,RUS,Russian Federation,2019,1693115002708.32,NA,NA,NA,2025-06-05
RU,RUS,Russian Federation,2018,1657328773461.31,NA,NA,NA,2025-06-05
RU,RUS,Russian Federation,2017,1574199360089,NA,NA,NA,2025-06-05
RU,RUS,Russian Federation,2016,1276786350881.14,NA,NA,NA,2025-06-05
RU,RUS,Russian Federation,2015,1363482182197.71,NA,NA,"Based on data from official statistics of Ukraine and Russian Federation; by relying on these data, the World Bank does not intend to make any judgment on the legal or other status of the territories concerned or to prejudice the final determination of the parties' claims.",2025-06-05
RU,RUS,Russian Federation,2014,2059241589895.01,NA,NA,"Based on data from official statistics of Ukraine and Russian Federation; by relying on these data, the World Bank does not intend to make any judgment on the legal or other status of the territories concerned or to prejudice the final determination of the parties' claims.",2025-06-05
RU,RUS,Russian Federation,2013,2292470078346.22,NA,NA,NA,2025-06-05
RU,RUS,Russian Federation,2012,2208293553878.42,NA,NA,NA,2025-06-05
RU,RUS,Russian Federation,2011,2045922753398.04,NA,NA,NA,2025-06-05
RU,RUS,Russian Federation,2010,1524916715223.95,NA,NA,NA,2025-06-05
RU,RUS,Russian Federation,2009,1222645900055.7,NA,NA,NA,2025-06-05
RU,RUS,Russian Federation,2008,1660848058303.11,NA,NA,NA,2025-06-05
RU,RUS,Russian Federation,2007,1299703478481.65,NA,NA,NA,2025-06-05
RU,RUS,Russian Federation,2006,989932071352.543,NA,NA,NA,2025-06-05
RU,RUS,Russian Federation,2005,764015973481.11,NA,NA,NA,2025-06-05
RU,RUS,Russian Federation,2004,591016690732.385,NA,NA,NA,2025-06-05
RU,RUS,Russian Federation,2003,430347420184.885,NA,NA,NA,2025-06-05
RU,RUS,Russian Federation,2002,345470494417.863,NA,NA,NA,2025-06-05
RU,RUS,Russian Federation,2001,306602070620.5,NA,NA,NA,2025-06-05
RU,RUS,Russian Federation,2000,259710142196.943,NA,NA,NA,2025-06-05
RU,RUS,Russian Federation,1999,195907128350.934,NA,NA,NA,2025-06-05
RU,RUS,Russian Federation,1998,270955486862.442,NA,NA,NA,2025-06-05
RU,RUS,Russian Federation,1997,404928954191.876,NA,NA,NA,2025-06-05
RU,RUS,Russian Federation,1996,391724890744.498,NA,NA,NA,2025-06-05
RU,RUS,Russian Federation,1995,395537185734.854,NA,NA,NA,2025-06-05
RU,RUS,Russian Federation,1994,395077301248.464,NA,NA,NA,2025-06-05
RU,RUS,Russian Federation,1993,435083713850.837,NA,NA,NA,2025-06-05
RU,RUS,Russian Federation,1992,460290556900.726,NA,NA,NA,2025-06-05
RU,RUS,Russian Federation,1991,517962962962.963,NA,NA,NA,2025-06-05
RU,RUS,Russian Federation,1990,517014446227.929,NA,NA,NA,2025-06-05
RU,RUS,Russian Federation,1989,506631299734.748,NA,NA,NA,2025-06-05
RU,RUS,Russian Federation,1988,554828660436.137,NA,NA,NA,2025-06-05
RU,RUS,Russian Federation,1987,NA,NA,NA,NA,2025-06-05
RU,RUS,Russian Federation,1986,NA,NA,NA,NA,2025-06-05
RU,RUS,Russian Federation,1985,NA,NA,NA,NA,2025-06-05
RU,RUS,Russian Federation,1984,NA,NA,NA,NA,2025-06-05
RU,RUS,Russian Federation,1983,NA,NA,NA,NA,2025-06-05
RU,RUS,Russian Federation,1982,NA,NA,NA,NA,2025-06-05
RU,RUS,Russian Federation,1981,NA,NA,NA,NA,2025-06-05
RU,RUS,Russian Federation,1980,NA,NA,NA,NA,2025-06-05
RU,RUS,Russian Federation,1979,NA,NA,NA,NA,2025-06-05
RU,RUS,Russian Federation,1978,NA,NA,NA,NA,2025-06-05
RU,RUS,Russian Federation,1977,NA,NA,NA,NA,2025-06-05
RU,RUS,Russian Federation,1976,NA,NA,NA,NA,2025-06-05
RU,RUS,Russian Federation,1975,NA,NA,NA,NA,2025-06-05
RU,RUS,Russian Federation,1974,NA,NA,NA,NA,2025-06-05
RU,RUS,Russian Federation,1973,NA,NA,NA,NA,2025-06-05
RU,RUS,Russian Federation,1972,NA,NA,NA,NA,2025-06-05
RU,RUS,Russian Federation,1971,NA,NA,NA,NA,2025-06-05
RU,RUS,Russian Federation,1970,NA,NA,NA,NA,2025-06-05
RU,RUS,Russian Federation,1969,NA,NA,NA,NA,2025-06-05
RU,RUS,Russian Federation,1968,NA,NA,NA,NA,2025-06-05
RU,RUS,Russian Federation,1967,NA,NA,NA,NA,2025-06-05
RU,RUS,Russian Federation,1966,NA,NA,NA,NA,2025-06-05
RU,RUS,Russian Federation,1965,NA,NA,NA,NA,2025-06-05
RU,RUS,Russian Federation,1964,NA,NA,NA,NA,2025-06-05
RU,RUS,Russian Federation,1963,NA,NA,NA,NA,2025-06-05
RU,RUS,Russian Federation,1962,NA,NA,NA,NA,2025-06-05
RU,RUS,Russian Federation,1961,NA,NA,NA,NA,2025-06-05
RU,RUS,Russian Federation,1960,NA,NA,NA,NA,2025-06-05
RW,RWA,Rwanda,2024,NA,NA,NA,NA,2025-06-05
RW,RWA,Rwanda,2023,14097768472.1883,NA,NA,NA,2025-06-05
RW,RWA,Rwanda,2022,13316160895.0447,NA,NA,NA,2025-06-05
RW,RWA,Rwanda,2021,11069280649.6459,NA,NA,NA,2025-06-05
RW,RWA,Rwanda,2020,10174387374.3478,NA,NA,NA,2025-06-05
RW,RWA,Rwanda,2019,10349300380.33,NA,NA,NA,2025-06-05
RW,RWA,Rwanda,2018,9637904655.17446,NA,NA,NA,2025-06-05
RW,RWA,Rwanda,2017,9252834336.49492,NA,NA,NA,2025-06-05
RW,RWA,Rwanda,2016,8695272300.91019,NA,NA,NA,2025-06-05
RW,RWA,Rwanda,2015,8543759677.58157,NA,NA,NA,2025-06-05
RW,RWA,Rwanda,2014,8238966063.86692,NA,NA,NA,2025-06-05
RW,RWA,Rwanda,2013,7819963715.75353,NA,NA,NA,2025-06-05
RW,RWA,Rwanda,2012,7654761573.54991,NA,NA,NA,2025-06-05
RW,RWA,Rwanda,2011,6884913658.10632,NA,NA,NA,2025-06-05
RW,RWA,Rwanda,2010,6124756654.12346,NA,NA,NA,2025-06-05
RW,RWA,Rwanda,2009,5674476969.06444,NA,NA,NA,2025-06-05
RW,RWA,Rwanda,2008,5179854064.57033,NA,NA,NA,2025-06-05
RW,RWA,Rwanda,2007,4070507894.61656,NA,NA,NA,2025-06-05
RW,RWA,Rwanda,2006,3319784538.73346,NA,NA,NA,2025-06-05
RW,RWA,Rwanda,2005,2933819766.17656,NA,NA,NA,2025-06-05
RW,RWA,Rwanda,2004,2376496067.01198,NA,NA,NA,2025-06-05
RW,RWA,Rwanda,2003,2138237278.73822,NA,NA,NA,2025-06-05
RW,RWA,Rwanda,2002,1966003468.49117,NA,NA,NA,2025-06-05
RW,RWA,Rwanda,2001,1966600715.49841,NA,NA,NA,2025-06-05
RW,RWA,Rwanda,2000,2068836754.37431,NA,NA,NA,2025-06-05
RW,RWA,Rwanda,1999,2157108262.84452,NA,NA,NA,2025-06-05
RW,RWA,Rwanda,1998,1989343546.17594,NA,NA,NA,2025-06-05
RW,RWA,Rwanda,1997,1851558197.31088,NA,NA,NA,2025-06-05
RW,RWA,Rwanda,1996,1382334879.40812,NA,NA,NA,2025-06-05
RW,RWA,Rwanda,1995,1293535193.49248,NA,NA,NA,2025-06-05
RW,RWA,Rwanda,1994,753636370.454545,NA,NA,NA,2025-06-05
RW,RWA,Rwanda,1993,1971525711.83511,NA,NA,NA,2025-06-05
RW,RWA,Rwanda,1992,2029026961.55894,NA,NA,NA,2025-06-05
RW,RWA,Rwanda,1991,1911600236.67461,NA,NA,NA,2025-06-05
RW,RWA,Rwanda,1990,2550185679.08109,NA,NA,NA,2025-06-05
RW,RWA,Rwanda,1989,2405022593.05165,NA,NA,NA,2025-06-05
RW,RWA,Rwanda,1988,2395492686.78165,NA,NA,NA,2025-06-05
RW,RWA,Rwanda,1987,2157432667.61598,NA,NA,NA,2025-06-05
RW,RWA,Rwanda,1986,1944710683.87148,NA,NA,NA,2025-06-05
RW,RWA,Rwanda,1985,1715626330.59472,NA,NA,NA,2025-06-05
RW,RWA,Rwanda,1984,1587413083.9206,NA,NA,NA,2025-06-05
RW,RWA,Rwanda,1983,1479687586.94292,NA,NA,NA,2025-06-05
RW,RWA,Rwanda,1982,1407243139.2545,NA,NA,NA,2025-06-05
RW,RWA,Rwanda,1981,1407062526.91521,NA,NA,NA,2025-06-05
RW,RWA,Rwanda,1980,1254765641.52116,NA,NA,NA,2025-06-05
RW,RWA,Rwanda,1979,1109346130.95265,NA,NA,NA,2025-06-05
RW,RWA,Rwanda,1978,905709076.42303,NA,NA,NA,2025-06-05
RW,RWA,Rwanda,1977,746650613.034794,NA,NA,NA,2025-06-05
RW,RWA,Rwanda,1976,637753853.12552,NA,NA,NA,2025-06-05
RW,RWA,Rwanda,1975,571863500.248658,NA,NA,NA,2025-06-05
RW,RWA,Rwanda,1974,308458423.183854,NA,NA,NA,2025-06-05
RW,RWA,Rwanda,1973,290746157.145921,NA,NA,NA,2025-06-05
RW,RWA,Rwanda,1972,246457838.336681,NA,NA,NA,2025-06-05
RW,RWA,Rwanda,1971,222952504.40607,NA,NA,NA,2025-06-05
RW,RWA,Rwanda,1970,219900006,NA,NA,NA,2025-06-05
RW,RWA,Rwanda,1969,188700037,NA,NA,NA,2025-06-05
RW,RWA,Rwanda,1968,172200018,NA,NA,NA,2025-06-05
RW,RWA,Rwanda,1967,159560018,NA,NA,NA,2025-06-05
RW,RWA,Rwanda,1966,124525702.857143,NA,NA,NA,2025-06-05
RW,RWA,Rwanda,1965,148799980,NA,NA,NA,2025-06-05
RW,RWA,Rwanda,1964,129999994,NA,NA,NA,2025-06-05
RW,RWA,Rwanda,1963,128000000,NA,NA,NA,2025-06-05
RW,RWA,Rwanda,1962,125000008,NA,NA,NA,2025-06-05
RW,RWA,Rwanda,1961,122000016,NA,NA,NA,2025-06-05
RW,RWA,Rwanda,1960,119000024,NA,NA,NA,2025-06-05
WS,WSM,Samoa,2024,NA,NA,NA,NA,2025-06-05
WS,WSM,Samoa,2023,938189443.830393,NA,NA,NA,2025-06-05
WS,WSM,Samoa,2022,832945205.637185,NA,NA,NA,2025-06-05
WS,WSM,Samoa,2021,843923638.733018,NA,NA,NA,2025-06-05
WS,WSM,Samoa,2020,868898358.266437,NA,NA,NA,2025-06-05
WS,WSM,Samoa,2019,912950466.064906,NA,NA,NA,2025-06-05
WS,WSM,Samoa,2018,878448433.404342,NA,NA,NA,2025-06-05
WS,WSM,Samoa,2017,884844384.463214,NA,NA,NA,2025-06-05
WS,WSM,Samoa,2016,843924796.697421,NA,NA,NA,2025-06-05
WS,WSM,Samoa,2015,824150498.653536,NA,NA,NA,2025-06-05
WS,WSM,Samoa,2014,796683519.593842,NA,NA,NA,2025-06-05
WS,WSM,Samoa,2013,797736334.281305,NA,NA,NA,2025-06-05
WS,WSM,Samoa,2012,773141661.165548,NA,NA,NA,2025-06-05
WS,WSM,Samoa,2011,744097050.169115,NA,NA,NA,2025-06-05
WS,WSM,Samoa,2010,680260907.153983,NA,NA,NA,2025-06-05
WS,WSM,Samoa,2009,628006115.424052,NA,NA,NA,2025-06-05
WS,WSM,Samoa,2008,641346191.664776,NA,NA,NA,2025-06-05
WS,WSM,Samoa,2007,573548459.833372,NA,NA,NA,2025-06-05
WS,WSM,Samoa,2006,499923757.780736,NA,NA,NA,2025-06-05
WS,WSM,Samoa,2005,476801793.159429,NA,NA,NA,2025-06-05
WS,WSM,Samoa,2004,407747565.096959,NA,NA,NA,2025-06-05
WS,WSM,Samoa,2003,333426188.41876,NA,NA,NA,2025-06-05
WS,WSM,Samoa,2002,281790134.211972,NA,NA,NA,2025-06-05
WS,WSM,Samoa,2001,266299591.479428,NA,NA,NA,2025-06-05
WS,WSM,Samoa,2000,258856139.798489,NA,NA,NA,2025-06-05
WS,WSM,Samoa,1999,255408060.259486,NA,NA,NA,2025-06-05
WS,WSM,Samoa,1998,269485244.15511,NA,NA,NA,2025-06-05
WS,WSM,Samoa,1997,285475591.89651,NA,NA,NA,2025-06-05
WS,WSM,Samoa,1996,249907868.772424,NA,NA,NA,2025-06-05
WS,WSM,Samoa,1995,224865731.381903,NA,NA,NA,2025-06-05
WS,WSM,Samoa,1994,221098106.508876,NA,NA,NA,2025-06-05
WS,WSM,Samoa,1993,133122897.196262,NA,NA,NA,2025-06-05
WS,WSM,Samoa,1992,132303041.36253,NA,NA,NA,2025-06-05
WS,WSM,Samoa,1991,125597205.422315,NA,NA,NA,2025-06-05
WS,WSM,Samoa,1990,125766269.755358,NA,NA,NA,2025-06-05
WS,WSM,Samoa,1989,122888609.715243,NA,NA,NA,2025-06-05
WS,WSM,Samoa,1988,133016065.41606501,NA,NA,NA,2025-06-05
WS,WSM,Samoa,1987,111713922.141578,NA,NA,NA,2025-06-05
WS,WSM,Samoa,1986,100947848.64478,NA,NA,NA,2025-06-05
WS,WSM,Samoa,1985,95572172.9835657,NA,NA,NA,2025-06-05
WS,WSM,Samoa,1984,109200934.328518,NA,NA,NA,2025-06-05
WS,WSM,Samoa,1983,111862823.574979,NA,NA,NA,2025-06-05
WS,WSM,Samoa,1982,121221651.619316,NA,NA,NA,2025-06-05
WS,WSM,Samoa,1981,118190654.675563,NA,NA,NA,2025-06-05
WS,WSM,Samoa,1980,125747037.963668,NA,NA,NA,2025-06-05
WS,WSM,Samoa,1979,122257392.883079,NA,NA,NA,2025-06-05
WS,WSM,Samoa,1978,108223444.248268,NA,NA,NA,2025-06-05
WS,WSM,Samoa,1977,98295671.0342196,NA,NA,NA,2025-06-05
WS,WSM,Samoa,1976,85003077.6967563,NA,NA,NA,2025-06-05
WS,WSM,Samoa,1975,93489282.5537294,NA,NA,NA,2025-06-05
WS,WSM,Samoa,1974,93549610.93343,NA,NA,NA,2025-06-05
WS,WSM,Samoa,1973,82452985.3658537,NA,NA,NA,2025-06-05
WS,WSM,Samoa,1972,62566116.3754812,NA,NA,NA,2025-06-05
WS,WSM,Samoa,1971,53719568.9655172,NA,NA,NA,2025-06-05
WS,WSM,Samoa,1970,45208337.609386,NA,NA,NA,2025-06-05
WS,WSM,Samoa,1969,NA,NA,NA,NA,2025-06-05
WS,WSM,Samoa,1968,NA,NA,NA,NA,2025-06-05
WS,WSM,Samoa,1967,NA,NA,NA,NA,2025-06-05
WS,WSM,Samoa,1966,NA,NA,NA,NA,2025-06-05
WS,WSM,Samoa,1965,NA,NA,NA,NA,2025-06-05
WS,WSM,Samoa,1964,NA,NA,NA,NA,2025-06-05
WS,WSM,Samoa,1963,NA,NA,NA,NA,2025-06-05
WS,WSM,Samoa,1962,NA,NA,NA,NA,2025-06-05
WS,WSM,Samoa,1961,NA,NA,NA,NA,2025-06-05
WS,WSM,Samoa,1960,NA,NA,NA,NA,2025-06-05
SM,SMR,San Marino,2024,NA,NA,NA,NA,2025-06-05
SM,SMR,San Marino,2023,NA,NA,NA,NA,2025-06-05
SM,SMR,San Marino,2022,1831700577.08904,NA,NA,NA,2025-06-05
SM,SMR,San Marino,2021,1855395999.76534,NA,NA,NA,2025-06-05
SM,SMR,San Marino,2020,1544714493.24409,NA,NA,NA,2025-06-05
SM,SMR,San Marino,2019,1616232125.12587,NA,NA,NA,2025-06-05
SM,SMR,San Marino,2018,1655353653.05934,NA,NA,NA,2025-06-05
SM,SMR,San Marino,2017,1528620346.31168,NA,NA,NA,2025-06-05
SM,SMR,San Marino,2016,1468343139.74326,NA,NA,NA,2025-06-05
SM,SMR,San Marino,2015,1419401070.56043,NA,NA,NA,2025-06-05
SM,SMR,San Marino,2014,1673911426.17254,NA,NA,NA,2025-06-05
SM,SMR,San Marino,2013,1678741475.14095,NA,NA,NA,2025-06-05
SM,SMR,San Marino,2012,1604701299.43546,NA,NA,NA,2025-06-05
SM,SMR,San Marino,2011,1813717438.69134,NA,NA,NA,2025-06-05
SM,SMR,San Marino,2010,1881191925.32503,NA,NA,NA,2025-06-05
SM,SMR,San Marino,2009,2064277126.41466,NA,NA,NA,2025-06-05
SM,SMR,San Marino,2008,2403213305.03601,NA,NA,NA,2025-06-05
SM,SMR,San Marino,2007,2188654628.38097,NA,NA,NA,2025-06-05
SM,SMR,San Marino,2006,1909765165.43137,NA,NA,NA,2025-06-05
SM,SMR,San Marino,2005,1786514058.22344,NA,NA,NA,2025-06-05
SM,SMR,San Marino,2004,1715340542.988,NA,NA,NA,2025-06-05
SM,SMR,San Marino,2003,1462590266.59186,NA,NA,NA,2025-06-05
SM,SMR,San Marino,2002,1148872072.38556,NA,NA,NA,2025-06-05
SM,SMR,San Marino,2001,1059529812.37456,NA,NA,NA,2025-06-05
SM,SMR,San Marino,2000,1007661366.66959,NA,NA,NA,2025-06-05
SM,SMR,San Marino,1999,1109473367.84318,NA,NA,NA,2025-06-05
SM,SMR,San Marino,1998,1048316128.20361,NA,NA,NA,2025-06-05
SM,SMR,San Marino,1997,976606693.570595,NA,NA,NA,2025-06-05
SM,SMR,San Marino,1996,NA,NA,NA,NA,2025-06-05
SM,SMR,San Marino,1995,NA,NA,NA,NA,2025-06-05
SM,SMR,San Marino,1994,NA,NA,NA,NA,2025-06-05
SM,SMR,San Marino,1993,NA,NA,NA,NA,2025-06-05
SM,SMR,San Marino,1992,NA,NA,NA,NA,2025-06-05
SM,SMR,San Marino,1991,NA,NA,NA,NA,2025-06-05
SM,SMR,San Marino,1990,NA,NA,NA,NA,2025-06-05
SM,SMR,San Marino,1989,NA,NA,NA,NA,2025-06-05
SM,SMR,San Marino,1988,NA,NA,NA,NA,2025-06-05
SM,SMR,San Marino,1987,NA,NA,NA,NA,2025-06-05
SM,SMR,San Marino,1986,NA,NA,NA,NA,2025-06-05
SM,SMR,San Marino,1985,NA,NA,NA,NA,2025-06-05
SM,SMR,San Marino,1984,NA,NA,NA,NA,2025-06-05
SM,SMR,San Marino,1983,NA,NA,NA,NA,2025-06-05
SM,SMR,San Marino,1982,NA,NA,NA,NA,2025-06-05
SM,SMR,San Marino,1981,NA,NA,NA,NA,2025-06-05
SM,SMR,San Marino,1980,NA,NA,NA,NA,2025-06-05
SM,SMR,San Marino,1979,NA,NA,NA,NA,2025-06-05
SM,SMR,San Marino,1978,NA,NA,NA,NA,2025-06-05
SM,SMR,San Marino,1977,NA,NA,NA,NA,2025-06-05
SM,SMR,San Marino,1976,NA,NA,NA,NA,2025-06-05
SM,SMR,San Marino,1975,NA,NA,NA,NA,2025-06-05
SM,SMR,San Marino,1974,NA,NA,NA,NA,2025-06-05
SM,SMR,San Marino,1973,NA,NA,NA,NA,2025-06-05
SM,SMR,San Marino,1972,NA,NA,NA,NA,2025-06-05
SM,SMR,San Marino,1971,NA,NA,NA,NA,2025-06-05
SM,SMR,San Marino,1970,NA,NA,NA,NA,2025-06-05
SM,SMR,San Marino,1969,NA,NA,NA,NA,2025-06-05
SM,SMR,San Marino,1968,NA,NA,NA,NA,2025-06-05
SM,SMR,San Marino,1967,NA,NA,NA,NA,2025-06-05
SM,SMR,San Marino,1966,NA,NA,NA,NA,2025-06-05
SM,SMR,San Marino,1965,NA,NA,NA,NA,2025-06-05
SM,SMR,San Marino,1964,NA,NA,NA,NA,2025-06-05
SM,SMR,San Marino,1963,NA,NA,NA,NA,2025-06-05
SM,SMR,San Marino,1962,NA,NA,NA,NA,2025-06-05
SM,SMR,San Marino,1961,NA,NA,NA,NA,2025-06-05
SM,SMR,San Marino,1960,NA,NA,NA,NA,2025-06-05
ST,STP,Sao Tome and Principe,2024,NA,NA,NA,NA,2025-06-05
ST,STP,Sao Tome and Principe,2023,678976264.835436,NA,NA,NA,2025-06-05
ST,STP,Sao Tome and Principe,2022,540809499.189348,NA,NA,NA,2025-06-05
ST,STP,Sao Tome and Principe,2021,524402455.54816,NA,NA,NA,2025-06-05
ST,STP,Sao Tome and Principe,2020,471229484.607144,NA,NA,NA,2025-06-05
ST,STP,Sao Tome and Principe,2019,412976082.620705,NA,NA,NA,2025-06-05
ST,STP,Sao Tome and Principe,2018,383717327.830508,NA,NA,NA,2025-06-05
ST,STP,Sao Tome and Principe,2017,322002845.229335,NA,NA,NA,2025-06-05
ST,STP,Sao Tome and Principe,2016,292267272.196925,NA,NA,NA,2025-06-05
ST,STP,Sao Tome and Principe,2015,259999643.047388,NA,NA,NA,2025-06-05
ST,STP,Sao Tome and Principe,2014,293119143.246825,NA,NA,NA,2025-06-05
ST,STP,Sao Tome and Principe,2013,267041747.584354,NA,NA,NA,2025-06-05
ST,STP,Sao Tome and Principe,2012,229371348.202606,NA,NA,NA,2025-06-05
ST,STP,Sao Tome and Principe,2011,226455001.243083,NA,NA,NA,2025-06-05
ST,STP,Sao Tome and Principe,2010,190021192.489536,NA,NA,NA,2025-06-05
ST,STP,Sao Tome and Principe,2009,200668065.03175,NA,NA,NA,2025-06-05
ST,STP,Sao Tome and Principe,2008,188021165.00338,NA,NA,NA,2025-06-05
ST,STP,Sao Tome and Principe,2007,149146918.888611,NA,NA,NA,2025-06-05
ST,STP,Sao Tome and Principe,2006,142775104.081626,NA,NA,NA,2025-06-05
ST,STP,Sao Tome and Principe,2005,136450662.390592,NA,NA,NA,2025-06-05
ST,STP,Sao Tome and Principe,2004,114582283.916382,NA,NA,NA,2025-06-05
ST,STP,Sao Tome and Principe,2003,102085769.123419,NA,NA,NA,2025-06-05
ST,STP,Sao Tome and Principe,2002,85171073.8777498,NA,NA,NA,2025-06-05
ST,STP,Sao Tome and Principe,2001,75951133.3777948,NA,NA,NA,2025-06-05
ST,STP,Sao Tome and Principe,2000,76198394.8202671,NA,NA,NA,2025-06-05
ST,STP,Sao Tome and Principe,1999,77302211.9248351,NA,NA,NA,2025-06-05
ST,STP,Sao Tome and Principe,1998,72285403.8423458,NA,NA,NA,2025-06-05
ST,STP,Sao Tome and Principe,1997,91920274.2401657,NA,NA,NA,2025-06-05
ST,STP,Sao Tome and Principe,1996,135188165.74708,NA,NA,NA,2025-06-05
ST,STP,Sao Tome and Principe,1995,103695236.781001,NA,NA,NA,2025-06-05
ST,STP,Sao Tome and Principe,1994,131338384.705839,NA,NA,NA,2025-06-05
ST,STP,Sao Tome and Principe,1993,125742180.002908,NA,NA,NA,2025-06-05
ST,STP,Sao Tome and Principe,1992,94861756.0220382,NA,NA,NA,2025-06-05
ST,STP,Sao Tome and Principe,1991,107484142.71556,NA,NA,NA,2025-06-05
ST,STP,Sao Tome and Principe,1990,119298002.117477,NA,NA,NA,2025-06-05
ST,STP,Sao Tome and Principe,1989,98545169.4342566,NA,NA,NA,2025-06-05
ST,STP,Sao Tome and Principe,1988,99000764.3902251,NA,NA,NA,2025-06-05
ST,STP,Sao Tome and Principe,1987,115952925.468271,NA,NA,NA,2025-06-05
ST,STP,Sao Tome and Principe,1986,115928906.745482,NA,NA,NA,2025-06-05
ST,STP,Sao Tome and Principe,1985,82733069.4418031,NA,NA,NA,2025-06-05
ST,STP,Sao Tome and Principe,1984,78213795.9250336,NA,NA,NA,2025-06-05
ST,STP,Sao Tome and Principe,1983,75110289.1832665,NA,NA,NA,2025-06-05
ST,STP,Sao Tome and Principe,1982,80307762.6236105,NA,NA,NA,2025-06-05
ST,STP,Sao Tome and Principe,1981,83499263.5007481,NA,NA,NA,2025-06-05
ST,STP,Sao Tome and Principe,1980,81662231.0329968,NA,NA,NA,2025-06-05
ST,STP,Sao Tome and Principe,1979,65755928.1359723,NA,NA,NA,2025-06-05
ST,STP,Sao Tome and Principe,1978,55044562.8014217,NA,NA,NA,2025-06-05
ST,STP,Sao Tome and Principe,1977,49207692.3210324,NA,NA,NA,2025-06-05
ST,STP,Sao Tome and Principe,1976,52039421.1975774,NA,NA,NA,2025-06-05
ST,STP,Sao Tome and Principe,1975,60101709.8452627,NA,NA,NA,2025-06-05
ST,STP,Sao Tome and Principe,1974,57817591.4570048,NA,NA,NA,2025-06-05
ST,STP,Sao Tome and Principe,1973,56011244.7398414,NA,NA,NA,2025-06-05
ST,STP,Sao Tome and Principe,1972,41430256.8067496,NA,NA,NA,2025-06-05
ST,STP,Sao Tome and Principe,1971,37288845.210287,NA,NA,NA,2025-06-05
ST,STP,Sao Tome and Principe,1970,37211826.0869565,NA,NA,NA,2025-06-05
ST,STP,Sao Tome and Principe,1969,NA,NA,NA,NA,2025-06-05
ST,STP,Sao Tome and Principe,1968,NA,NA,NA,NA,2025-06-05
ST,STP,Sao Tome and Principe,1967,NA,NA,NA,NA,2025-06-05
ST,STP,Sao Tome and Principe,1966,NA,NA,NA,NA,2025-06-05
ST,STP,Sao Tome and Principe,1965,NA,NA,NA,NA,2025-06-05
ST,STP,Sao Tome and Principe,1964,NA,NA,NA,NA,2025-06-05
ST,STP,Sao Tome and Principe,1963,NA,NA,NA,NA,2025-06-05
ST,STP,Sao Tome and Principe,1962,NA,NA,NA,NA,2025-06-05
ST,STP,Sao Tome and Principe,1961,NA,NA,NA,NA,2025-06-05
ST,STP,Sao Tome and Principe,1960,NA,NA,NA,NA,2025-06-05
SA,SAU,Saudi Arabia,2024,NA,NA,NA,NA,2025-06-05
SA,SAU,Saudi Arabia,2023,1067582933333.33,NA,NA,NA,2025-06-05
SA,SAU,Saudi Arabia,2022,1108571466666.67,NA,NA,NA,2025-06-05
SA,SAU,Saudi Arabia,2021,874156000000,NA,NA,NA,2025-06-05
SA,SAU,Saudi Arabia,2020,734271200000,NA,NA,NA,2025-06-05
SA,SAU,Saudi Arabia,2019,838564800000,NA,NA,NA,2025-06-05
SA,SAU,Saudi Arabia,2018,846583733333.333,NA,NA,NA,2025-06-05
SA,SAU,Saudi Arabia,2017,714994666666.667,NA,NA,NA,2025-06-05
SA,SAU,Saudi Arabia,2016,666000000000,NA,NA,NA,2025-06-05
SA,SAU,Saudi Arabia,2015,669484266666.667,NA,NA,NA,2025-06-05
SA,SAU,Saudi Arabia,2014,766605866666.667,NA,NA,NA,2025-06-05
SA,SAU,Saudi Arabia,2013,753864533333.333,NA,NA,NA,2025-06-05
SA,SAU,Saudi Arabia,2012,741849866666.667,NA,NA,NA,2025-06-05
SA,SAU,Saudi Arabia,2011,676634666666.667,NA,NA,NA,2025-06-05
SA,SAU,Saudi Arabia,2010,528207200000,NA,NA,NA,2025-06-05
SA,SAU,Saudi Arabia,2009,429097866666.667,NA,NA,NA,2025-06-05
SA,SAU,Saudi Arabia,2008,519796800000,NA,NA,NA,2025-06-05
SA,SAU,Saudi Arabia,2007,415964509673.115,NA,NA,NA,2025-06-05
SA,SAU,Saudi Arabia,2006,376900133511.348,NA,NA,NA,2025-06-05
SA,SAU,Saudi Arabia,2005,328459608764.111,NA,NA,NA,2025-06-05
SA,SAU,Saudi Arabia,2004,258742133333.333,NA,NA,NA,2025-06-05
SA,SAU,Saudi Arabia,2003,215807733333.333,NA,NA,NA,2025-06-05
SA,SAU,Saudi Arabia,2002,189605866666.667,NA,NA,NA,2025-06-05
SA,SAU,Saudi Arabia,2001,184137600000,NA,NA,NA,2025-06-05
SA,SAU,Saudi Arabia,2000,189514933333.333,NA,NA,NA,2025-06-05
SA,SAU,Saudi Arabia,1999,161717066666.667,NA,NA,NA,2025-06-05
SA,SAU,Saudi Arabia,1998,146775466666.667,NA,NA,NA,2025-06-05
SA,SAU,Saudi Arabia,1997,165963684913.218,NA,NA,NA,2025-06-05
SA,SAU,Saudi Arabia,1996,158662483311.081,NA,NA,NA,2025-06-05
SA,SAU,Saudi Arabia,1995,143343124165.554,NA,NA,NA,2025-06-05
SA,SAU,Saudi Arabia,1994,135174899866.489,NA,NA,NA,2025-06-05
SA,SAU,Saudi Arabia,1993,132967957276.368,NA,NA,NA,2025-06-05
SA,SAU,Saudi Arabia,1992,137087850467.29,NA,NA,NA,2025-06-05
SA,SAU,Saudi Arabia,1991,132223230974.633,NA,NA,NA,2025-06-05
SA,SAU,Saudi Arabia,1990,117630173564.753,NA,NA,NA,2025-06-05
SA,SAU,Saudi Arabia,1989,95344459279.0387,NA,NA,NA,2025-06-05
SA,SAU,Saudi Arabia,1988,88256074766.3551,NA,NA,NA,2025-06-05
SA,SAU,Saudi Arabia,1987,85695861148.1976,NA,NA,NA,2025-06-05
SA,SAU,Saudi Arabia,1986,86961922765.3254,NA,NA,NA,2025-06-05
SA,SAU,Saudi Arabia,1985,103897846493.65,NA,NA,NA,2025-06-05
SA,SAU,Saudi Arabia,1984,119624858115.778,NA,NA,NA,2025-06-05
SA,SAU,Saudi Arabia,1983,129171635311.143,NA,NA,NA,2025-06-05
SA,SAU,Saudi Arabia,1982,153240313858.323,NA,NA,NA,2025-06-05
SA,SAU,Saudi Arabia,1981,184291360138.69,NA,NA,NA,2025-06-05
SA,SAU,Saudi Arabia,1980,164539660725.118,NA,NA,NA,2025-06-05
SA,SAU,Saudi Arabia,1979,111858444786.224,NA,NA,NA,2025-06-05
SA,SAU,Saudi Arabia,1978,80266516686.5614,NA,NA,NA,2025-06-05
SA,SAU,Saudi Arabia,1977,74188986586.0629,NA,NA,NA,2025-06-05
SA,SAU,Saudi Arabia,1976,64005665722.3796,NA,NA,NA,2025-06-05
SA,SAU,Saudi Arabia,1975,46773208642.6814,NA,NA,NA,2025-06-05
SA,SAU,Saudi Arabia,1974,45412957746.4789,NA,NA,NA,2025-06-05
SA,SAU,Saudi Arabia,1973,14947435499.323,NA,NA,NA,2025-06-05
SA,SAU,Saudi Arabia,1972,9664267086.60323,NA,NA,NA,2025-06-05
SA,SAU,Saudi Arabia,1971,7184806909.28939,NA,NA,NA,2025-06-05
SA,SAU,Saudi Arabia,1970,5377333333.33333,NA,NA,NA,2025-06-05
SA,SAU,Saudi Arabia,1969,4485777644.44444,NA,NA,NA,2025-06-05
SA,SAU,Saudi Arabia,1968,4187777711.11111,NA,NA,NA,2025-06-05
SA,SAU,Saudi Arabia,1967,3257022222.66667,NA,NA,NA,2025-06-05
SA,SAU,Saudi Arabia,1966,2920555557.11111,NA,NA,NA,2025-06-05
SA,SAU,Saudi Arabia,1965,2647955557.55556,NA,NA,NA,2025-06-05
SA,SAU,Saudi Arabia,1964,2371808712.88889,NA,NA,NA,2025-06-05
SA,SAU,Saudi Arabia,1963,2207393171.55556,NA,NA,NA,2025-06-05
SA,SAU,Saudi Arabia,1962,2130606531.77778,NA,NA,NA,2025-06-05
SA,SAU,Saudi Arabia,1961,1920811284.22222,NA,NA,NA,2025-06-05
SA,SAU,Saudi Arabia,1960,1748124063.55556,NA,NA,NA,2025-06-05
SN,SEN,Senegal,2024,NA,NA,NA,NA,2025-06-05
SN,SEN,Senegal,2023,30848333083.7055,NA,NA,NA,2025-06-05
SN,SEN,Senegal,2022,27619479059.6131,NA,NA,NA,2025-06-05
SN,SEN,Senegal,2021,27520784129.7508,NA,NA,NA,2025-06-05
SN,SEN,Senegal,2020,24530513037.7518,NA,NA,NA,2025-06-05
SN,SEN,Senegal,2019,23403995992.1354,NA,NA,NA,2025-06-05
SN,SEN,Senegal,2018,23116701556.1381,NA,NA,NA,2025-06-05
SN,SEN,Senegal,2017,20996562943.5979,NA,NA,NA,2025-06-05
SN,SEN,Senegal,2016,19040312333.1864,NA,NA,NA,2025-06-05
SN,SEN,Senegal,2015,17774766696.1759,NA,NA,NA,2025-06-05
SN,SEN,Senegal,2014,19797253440.2679,NA,NA,NA,2025-06-05
SN,SEN,Senegal,2013,18918667724.8817,NA,NA,NA,2025-06-05
SN,SEN,Senegal,2012,17660870411.5235,NA,NA,NA,2025-06-05
SN,SEN,Senegal,2011,17814283639.3119,NA,NA,NA,2025-06-05
SN,SEN,Senegal,2010,16121315909.0758,NA,NA,NA,2025-06-05
SN,SEN,Senegal,2009,16145867494.9405,NA,NA,NA,2025-06-05
SN,SEN,Senegal,2008,16853989627.548,NA,NA,NA,2025-06-05
SN,SEN,Senegal,2007,13994218412.9619,NA,NA,NA,2025-06-05
SN,SEN,Senegal,2006,11697918243.0035,NA,NA,NA,2025-06-05
SN,SEN,Senegal,2005,11009033437.939,NA,NA,NA,2025-06-05
SN,SEN,Senegal,2004,10076816666.6196,NA,NA,NA,2025-06-05
SN,SEN,Senegal,2003,8768721563.18211,NA,NA,NA,2025-06-05
SN,SEN,Senegal,2002,7006402319.75856,NA,NA,NA,2025-06-05
SN,SEN,Senegal,2001,6507824829.26254,NA,NA,NA,2025-06-05
SN,SEN,Senegal,2000,6013185003.97525,NA,NA,NA,2025-06-05
SN,SEN,Senegal,1999,6592834932.80876,NA,NA,NA,2025-06-05
SN,SEN,Senegal,1998,6505607909.05324,NA,NA,NA,2025-06-05
SN,SEN,Senegal,1997,6041478725.90443,NA,NA,NA,2025-06-05
SN,SEN,Senegal,1996,6559712165.96508,NA,NA,NA,2025-06-05
SN,SEN,Senegal,1995,6326342633.4034,NA,NA,NA,2025-06-05
SN,SEN,Senegal,1994,5034588195.55806,NA,NA,NA,2025-06-05
SN,SEN,Senegal,1993,7367986241.21869,NA,NA,NA,2025-06-05
SN,SEN,Senegal,1992,7769817839.95644,NA,NA,NA,2025-06-05
SN,SEN,Senegal,1991,7255210469.51743,NA,NA,NA,2025-06-05
SN,SEN,Senegal,1990,7390967360.42121,NA,NA,NA,2025-06-05
SN,SEN,Senegal,1989,6366039372.53683,NA,NA,NA,2025-06-05
SN,SEN,Senegal,1988,6418419388.63499,NA,NA,NA,2025-06-05
SN,SEN,Senegal,1987,6487353102.81483,NA,NA,NA,2025-06-05
SN,SEN,Senegal,1986,5392093445.51053,NA,NA,NA,2025-06-05
SN,SEN,Senegal,1985,3818944917.56713,NA,NA,NA,2025-06-05
SN,SEN,Senegal,1984,3485165431.71354,NA,NA,NA,2025-06-05
SN,SEN,Senegal,1983,3569356124.93159,NA,NA,NA,2025-06-05
SN,SEN,Senegal,1982,4013951442.67081,NA,NA,NA,2025-06-05
SN,SEN,Senegal,1981,4095892780.58289,NA,NA,NA,2025-06-05
SN,SEN,Senegal,1980,4510108290.69571,NA,NA,NA,2025-06-05
SN,SEN,Senegal,1979,4084877822.91679,NA,NA,NA,2025-06-05
SN,SEN,Senegal,1978,3280354920.8516,NA,NA,NA,2025-06-05
SN,SEN,Senegal,1977,2938046462.7098,NA,NA,NA,2025-06-05
SN,SEN,Senegal,1976,2869777884.45166,NA,NA,NA,2025-06-05
SN,SEN,Senegal,1975,2830388404.8977,NA,NA,NA,2025-06-05
SN,SEN,Senegal,1974,2099325228.95651,NA,NA,NA,2025-06-05
SN,SEN,Senegal,1973,1863398590.4556,NA,NA,NA,2025-06-05
SN,SEN,Senegal,1972,1620857103.53492,NA,NA,NA,2025-06-05
SN,SEN,Senegal,1971,1339549032.83782,NA,NA,NA,2025-06-05
SN,SEN,Senegal,1970,1297407654.92832,NA,NA,NA,2025-06-05
SN,SEN,Senegal,1969,1245234931.43233,NA,NA,NA,2025-06-05
SN,SEN,Senegal,1968,1309384861.92219,NA,NA,NA,2025-06-05
SN,SEN,Senegal,1967,1246480765.97984,NA,NA,NA,2025-06-05
SN,SEN,Senegal,1966,1246908185.96343,NA,NA,NA,2025-06-05
SN,SEN,Senegal,1965,1210058228.17112,NA,NA,NA,2025-06-05
SN,SEN,Senegal,1964,1188930645.34423,NA,NA,NA,2025-06-05
SN,SEN,Senegal,1963,1122139861.67805,NA,NA,NA,2025-06-05
SN,SEN,Senegal,1962,1085475790.59112,NA,NA,NA,2025-06-05
SN,SEN,Senegal,1961,1058975256.97025,NA,NA,NA,2025-06-05
SN,SEN,Senegal,1960,1003692370.46869,NA,NA,NA,2025-06-05
RS,SRB,Serbia,2024,NA,NA,NA,NA,2025-06-05
RS,SRB,Serbia,2023,81342660752.3732,NA,NA,NA,2025-06-05
RS,SRB,Serbia,2022,66797564758.339,NA,NA,NA,2025-06-05
RS,SRB,Serbia,2021,66159884072.5308,NA,NA,NA,2025-06-05
RS,SRB,Serbia,2020,55874017668.998,NA,NA,NA,2025-06-05
RS,SRB,Serbia,2019,53864693664.5568,NA,NA,NA,2025-06-05
RS,SRB,Serbia,2018,52787520248.9242,NA,NA,NA,2025-06-05
RS,SRB,Serbia,2017,45972834713.8077,NA,NA,NA,2025-06-05
RS,SRB,Serbia,2016,42225495909.5633,NA,NA,NA,2025-06-05
RS,SRB,Serbia,2015,41297410634.9586,NA,NA,NA,2025-06-05
RS,SRB,Serbia,2014,49114321280.3466,NA,NA,NA,2025-06-05
RS,SRB,Serbia,2013,50455529604.0696,NA,NA,NA,2025-06-05
RS,SRB,Serbia,2012,45103269969.4112,NA,NA,NA,2025-06-05
RS,SRB,Serbia,2011,51251098408.0924,NA,NA,NA,2025-06-05
RS,SRB,Serbia,2010,43536629233.1424,NA,NA,NA,2025-06-05
RS,SRB,Serbia,2009,46955984409.7271,NA,NA,NA,2025-06-05
RS,SRB,Serbia,2008,54220641201.6474,NA,NA,NA,2025-06-05
RS,SRB,Serbia,2007,44888028946.0854,NA,NA,NA,2025-06-05
RS,SRB,Serbia,2006,33298057361.7412,NA,NA,NA,2025-06-05
RS,SRB,Serbia,2005,28334256180.8801,NA,NA,NA,2025-06-05
RS,SRB,Serbia,2004,26845632341.8075,NA,NA,NA,2025-06-05
RS,SRB,Serbia,2003,23593044417.5086,NA,NA,NA,2025-06-05
RS,SRB,Serbia,2002,17930583571.3055,NA,NA,NA,2025-06-05
RS,SRB,Serbia,2001,13599378661.9952,NA,NA,NA,2025-06-05
RS,SRB,Serbia,2000,7326373882.11044,NA,NA,NA,2025-06-05
RS,SRB,Serbia,1999,20878694850.5767,NA,NA,NA,2025-06-05
RS,SRB,Serbia,1998,21004077441.4802,NA,NA,NA,2025-06-05
RS,SRB,Serbia,1997,27153408994.8074,NA,NA,NA,2025-06-05
RS,SRB,Serbia,1996,23277430167.5978,NA,NA,NA,2025-06-05
RS,SRB,Serbia,1995,17921892655.3672,NA,NA,NA,2025-06-05
RS,SRB,Serbia,1994,NA,NA,NA,NA,2025-06-05
RS,SRB,Serbia,1993,NA,NA,NA,NA,2025-06-05
RS,SRB,Serbia,1992,NA,NA,NA,NA,2025-06-05
RS,SRB,Serbia,1991,NA,NA,NA,NA,2025-06-05
RS,SRB,Serbia,1990,NA,NA,NA,NA,2025-06-05
RS,SRB,Serbia,1989,NA,NA,NA,NA,2025-06-05
RS,SRB,Serbia,1988,NA,NA,NA,NA,2025-06-05
RS,SRB,Serbia,1987,NA,NA,NA,NA,2025-06-05
RS,SRB,Serbia,1986,NA,NA,NA,NA,2025-06-05
RS,SRB,Serbia,1985,NA,NA,NA,NA,2025-06-05
RS,SRB,Serbia,1984,NA,NA,NA,NA,2025-06-05
RS,SRB,Serbia,1983,NA,NA,NA,NA,2025-06-05
RS,SRB,Serbia,1982,NA,NA,NA,NA,2025-06-05
RS,SRB,Serbia,1981,NA,NA,NA,NA,2025-06-05
RS,SRB,Serbia,1980,NA,NA,NA,NA,2025-06-05
RS,SRB,Serbia,1979,NA,NA,NA,NA,2025-06-05
RS,SRB,Serbia,1978,NA,NA,NA,NA,2025-06-05
RS,SRB,Serbia,1977,NA,NA,NA,NA,2025-06-05
RS,SRB,Serbia,1976,NA,NA,NA,NA,2025-06-05
RS,SRB,Serbia,1975,NA,NA,NA,NA,2025-06-05
RS,SRB,Serbia,1974,NA,NA,NA,NA,2025-06-05
RS,SRB,Serbia,1973,NA,NA,NA,NA,2025-06-05
RS,SRB,Serbia,1972,NA,NA,NA,NA,2025-06-05
RS,SRB,Serbia,1971,NA,NA,NA,NA,2025-06-05
RS,SRB,Serbia,1970,NA,NA,NA,NA,2025-06-05
RS,SRB,Serbia,1969,NA,NA,NA,NA,2025-06-05
RS,SRB,Serbia,1968,NA,NA,NA,NA,2025-06-05
RS,SRB,Serbia,1967,NA,NA,NA,NA,2025-06-05
RS,SRB,Serbia,1966,NA,NA,NA,NA,2025-06-05
RS,SRB,Serbia,1965,NA,NA,NA,NA,2025-06-05
RS,SRB,Serbia,1964,NA,NA,NA,NA,2025-06-05
RS,SRB,Serbia,1963,NA,NA,NA,NA,2025-06-05
RS,SRB,Serbia,1962,NA,NA,NA,NA,2025-06-05
RS,SRB,Serbia,1961,NA,NA,NA,NA,2025-06-05
RS,SRB,Serbia,1960,NA,NA,NA,NA,2025-06-05
SC,SYC,Seychelles,2024,NA,NA,NA,NA,2025-06-05
SC,SYC,Seychelles,2023,2141450171.13932,NA,NA,NA,2025-06-05
SC,SYC,Seychelles,2022,2057968519.83091,NA,NA,NA,2025-06-05
SC,SYC,Seychelles,2021,1487173794.80528,NA,NA,NA,2025-06-05
SC,SYC,Seychelles,2020,1382551751.56908,NA,NA,NA,2025-06-05
SC,SYC,Seychelles,2019,1868690096.73454,NA,NA,NA,2025-06-05
SC,SYC,Seychelles,2018,1784313926.76807,NA,NA,NA,2025-06-05
SC,SYC,Seychelles,2017,1675370641.01416,NA,NA,NA,2025-06-05
SC,SYC,Seychelles,2016,1568513348.14463,NA,NA,NA,2025-06-05
SC,SYC,Seychelles,2015,1432403352.12944,NA,NA,NA,2025-06-05
SC,SYC,Seychelles,2014,1387577870.08161,NA,NA,NA,2025-06-05
SC,SYC,Seychelles,2013,1333160407.38516,NA,NA,NA,2025-06-05
SC,SYC,Seychelles,2012,1089407839.19709,NA,NA,NA,2025-06-05
SC,SYC,Seychelles,2011,1058918707.26124,NA,NA,NA,2025-06-05
SC,SYC,Seychelles,2010,981616542.328454,NA,NA,NA,2025-06-05
SC,SYC,Seychelles,2009,850901620.433301,NA,NA,NA,2025-06-05
SC,SYC,Seychelles,2008,979597394.293453,NA,NA,NA,2025-06-05
SC,SYC,Seychelles,2007,1077308813.82945,NA,NA,NA,2025-06-05
SC,SYC,Seychelles,2006,1081441283.31798,NA,NA,NA,2025-06-05
SC,SYC,Seychelles,2005,977899381.818182,NA,NA,NA,2025-06-05
SC,SYC,Seychelles,2004,893012218.181818,NA,NA,NA,2025-06-05
SC,SYC,Seychelles,2003,750847230.099263,NA,NA,NA,2025-06-05
SC,SYC,Seychelles,2002,742134837.50919,NA,NA,NA,2025-06-05
SC,SYC,Seychelles,2001,662064155.920692,NA,NA,NA,2025-06-05
SC,SYC,Seychelles,2000,654212394.27164,NA,NA,NA,2025-06-05
SC,SYC,Seychelles,1999,662838614.880674,NA,NA,NA,2025-06-05
SC,SYC,Seychelles,1998,647287375.762528,NA,NA,NA,2025-06-05
SC,SYC,Seychelles,1997,598966982.350186,NA,NA,NA,2025-06-05
SC,SYC,Seychelles,1996,535250347.089479,NA,NA,NA,2025-06-05
SC,SYC,Seychelles,1995,540733047.733048,NA,NA,NA,2025-06-05
SC,SYC,Seychelles,1994,517570058.151034,NA,NA,NA,2025-06-05
SC,SYC,Seychelles,1993,504230620.551871,NA,NA,NA,2025-06-05
SC,SYC,Seychelles,1992,461409398.855893,NA,NA,NA,2025-06-05
SC,SYC,Seychelles,1991,398307169.860405,NA,NA,NA,2025-06-05
SC,SYC,Seychelles,1990,392163560.868669,NA,NA,NA,2025-06-05
SC,SYC,Seychelles,1989,324333366.514829,NA,NA,NA,2025-06-05
SC,SYC,Seychelles,1988,301985618.085556,NA,NA,NA,2025-06-05
SC,SYC,Seychelles,1987,265212956.838633,NA,NA,NA,2025-06-05
SC,SYC,Seychelles,1986,221147061.290068,NA,NA,NA,2025-06-05
SC,SYC,Seychelles,1985,179691482.72165,NA,NA,NA,2025-06-05
SC,SYC,Seychelles,1984,160992920.960262,NA,NA,NA,2025-06-05
SC,SYC,Seychelles,1983,156098237.022585,NA,NA,NA,2025-06-05
SC,SYC,Seychelles,1982,157211789.714587,NA,NA,NA,2025-06-05
SC,SYC,Seychelles,1981,163750728.155916,NA,NA,NA,2025-06-05
SC,SYC,Seychelles,1980,156783829.504298,NA,NA,NA,2025-06-05
SC,SYC,Seychelles,1979,127261099.223864,NA,NA,NA,2025-06-05
SC,SYC,Seychelles,1978,85552365.8005137,NA,NA,NA,2025-06-05
SC,SYC,Seychelles,1977,64526401.4638544,NA,NA,NA,2025-06-05
SC,SYC,Seychelles,1976,49278981.7550701,NA,NA,NA,2025-06-05
SC,SYC,Seychelles,1975,47803145.9480985,NA,NA,NA,2025-06-05
SC,SYC,Seychelles,1974,43134496.1645367,NA,NA,NA,2025-06-05
SC,SYC,Seychelles,1973,36896280.4764104,NA,NA,NA,2025-06-05
SC,SYC,Seychelles,1972,30645122.9204727,NA,NA,NA,2025-06-05
SC,SYC,Seychelles,1971,21965950.7711142,NA,NA,NA,2025-06-05
SC,SYC,Seychelles,1970,18432031.7030945,NA,NA,NA,2025-06-05
SC,SYC,Seychelles,1969,16452028.2974887,NA,NA,NA,2025-06-05
SC,SYC,Seychelles,1968,16074027.6473276,NA,NA,NA,2025-06-05
SC,SYC,Seychelles,1967,16632032.1339974,NA,NA,NA,2025-06-05
SC,SYC,Seychelles,1966,16443033.7082191,NA,NA,NA,2025-06-05
SC,SYC,Seychelles,1965,15603031.9862156,NA,NA,NA,2025-06-05
SC,SYC,Seychelles,1964,15393031.5557147,NA,NA,NA,2025-06-05
SC,SYC,Seychelles,1963,13923028.5422085,NA,NA,NA,2025-06-05
SC,SYC,Seychelles,1962,12642025.9161531,NA,NA,NA,2025-06-05
SC,SYC,Seychelles,1961,11592023.7636487,NA,NA,NA,2025-06-05
SC,SYC,Seychelles,1960,12012024.6246505,NA,NA,NA,2025-06-05
SL,SLE,Sierra Leone,2024,NA,NA,NA,NA,2025-06-05
SL,SLE,Sierra Leone,2023,6411869546.28929,NA,NA,NA,2025-06-05
SL,SLE,Sierra Leone,2022,7119137321.90082,NA,NA,NA,2025-06-05
SL,SLE,Sierra Leone,2021,7165214367.64956,NA,NA,NA,2025-06-05
SL,SLE,Sierra Leone,2020,6688594757.62129,NA,NA,NA,2025-06-05
SL,SLE,Sierra Leone,2019,6523577590.38319,NA,NA,NA,2025-06-05
SL,SLE,Sierra Leone,2018,6390514688.52816,NA,NA,NA,2025-06-05
SL,SLE,Sierra Leone,2017,5818480351.63706,NA,NA,NA,2025-06-05
SL,SLE,Sierra Leone,2016,6042615859.61074,NA,NA,NA,2025-06-05
SL,SLE,Sierra Leone,2015,6651626733.64854,NA,NA,NA,2025-06-05
SL,SLE,Sierra Leone,2014,7845456215.27807,NA,NA,NA,2025-06-05
SL,SLE,Sierra Leone,2013,7697098118.19922,NA,NA,NA,2025-06-05
SL,SLE,Sierra Leone,2012,5927684219.15278,NA,NA,NA,2025-06-05
SL,SLE,Sierra Leone,2011,4587078913.13315,NA,NA,NA,2025-06-05
SL,SLE,Sierra Leone,2010,4033122830.14424,NA,NA,NA,2025-06-05
SL,SLE,Sierra Leone,2009,3784165906.1037,NA,NA,NA,2025-06-05
SL,SLE,Sierra Leone,2008,3835603778.61591,NA,NA,NA,2025-06-05
SL,SLE,Sierra Leone,2007,3326853435.59832,NA,NA,NA,2025-06-05
SL,SLE,Sierra Leone,2006,2912986118.07453,NA,NA,NA,2025-06-05
SL,SLE,Sierra Leone,2005,2545275312.60512,NA,NA,NA,2025-06-05
SL,SLE,Sierra Leone,2004,2237350963.27352,NA,NA,NA,2025-06-05
SL,SLE,Sierra Leone,2003,2142618349.81099,NA,NA,NA,2025-06-05
SL,SLE,Sierra Leone,2002,1933864034.188,NA,NA,NA,2025-06-05
SL,SLE,Sierra Leone,2001,1681473752.3847,NA,NA,NA,2025-06-05
SL,SLE,Sierra Leone,2000,635866403.776065,NA,NA,NA,2025-06-05
SL,SLE,Sierra Leone,1999,669386623.951402,NA,NA,NA,2025-06-05
SL,SLE,Sierra Leone,1998,672368187.114756,NA,NA,NA,2025-06-05
SL,SLE,Sierra Leone,1997,850233193.154233,NA,NA,NA,2025-06-05
SL,SLE,Sierra Leone,1996,941708911.111534,NA,NA,NA,2025-06-05
SL,SLE,Sierra Leone,1995,870740484.065037,NA,NA,NA,2025-06-05
SL,SLE,Sierra Leone,1994,911854256.163621,NA,NA,NA,2025-06-05
SL,SLE,Sierra Leone,1993,768868447.972704,NA,NA,NA,2025-06-05
SL,SLE,Sierra Leone,1992,679941041.302401,NA,NA,NA,2025-06-05
SL,SLE,Sierra Leone,1991,779981458.921489,NA,NA,NA,2025-06-05
SL,SLE,Sierra Leone,1990,649644826.800447,NA,NA,NA,2025-06-05
SL,SLE,Sierra Leone,1989,932974420.276529,NA,NA,NA,2025-06-05
SL,SLE,Sierra Leone,1988,1055083933.07498,NA,NA,NA,2025-06-05
SL,SLE,Sierra Leone,1987,660106336.104339,NA,NA,NA,2025-06-05
SL,SLE,Sierra Leone,1986,490181456.62441,NA,NA,NA,2025-06-05
SL,SLE,Sierra Leone,1985,856890459.363958,NA,NA,NA,2025-06-05
SL,SLE,Sierra Leone,1984,1087471861.98928,NA,NA,NA,2025-06-05
SL,SLE,Sierra Leone,1983,995104305.347075,NA,NA,NA,2025-06-05
SL,SLE,Sierra Leone,1982,1295361885.92419,NA,NA,NA,2025-06-05
SL,SLE,Sierra Leone,1981,1114830471.91787,NA,NA,NA,2025-06-05
SL,SLE,Sierra Leone,1980,1100685844.92284,NA,NA,NA,2025-06-05
SL,SLE,Sierra Leone,1979,1109374911.30306,NA,NA,NA,2025-06-05
SL,SLE,Sierra Leone,1978,960728338.93643,NA,NA,NA,2025-06-05
SL,SLE,Sierra Leone,1977,691777583.951156,NA,NA,NA,2025-06-05
SL,SLE,Sierra Leone,1976,594895941.914381,NA,NA,NA,2025-06-05
SL,SLE,Sierra Leone,1975,679336343.584559,NA,NA,NA,2025-06-05
SL,SLE,Sierra Leone,1974,648590642.939889,NA,NA,NA,2025-06-05
SL,SLE,Sierra Leone,1973,575230724.377773,NA,NA,NA,2025-06-05
SL,SLE,Sierra Leone,1972,465381339.740404,NA,NA,NA,2025-06-05
SL,SLE,Sierra Leone,1971,419549304.72479,NA,NA,NA,2025-06-05
SL,SLE,Sierra Leone,1970,434410973.76439,NA,NA,NA,2025-06-05
SL,SLE,Sierra Leone,1969,408690163.476065,NA,NA,NA,2025-06-05
SL,SLE,Sierra Leone,1968,329859731.943893,NA,NA,NA,2025-06-05
SL,SLE,Sierra Leone,1967,348795303.000385,NA,NA,NA,2025-06-05
SL,SLE,Sierra Leone,1966,375479849.80806,NA,NA,NA,2025-06-05
SL,SLE,Sierra Leone,1965,359379856.248058,NA,NA,NA,2025-06-05
SL,SLE,Sierra Leone,1964,371847461.441278,NA,NA,NA,2025-06-05
SL,SLE,Sierra Leone,1963,348547278.787707,NA,NA,NA,2025-06-05
SL,SLE,Sierra Leone,1962,342721416.490967,NA,NA,NA,2025-06-05
SL,SLE,Sierra Leone,1961,327834190.577094,NA,NA,NA,2025-06-05
SL,SLE,Sierra Leone,1960,322009961.547048,NA,NA,NA,2025-06-05
SG,SGP,Singapore,2024,NA,NA,NA,NA,2025-06-05
SG,SGP,Singapore,2023,501427500080.059,NA,NA,NA,2025-06-05
SG,SGP,Singapore,2022,498474540987.78,NA,NA,NA,2025-06-05
SG,SGP,Singapore,2021,434111559282.849,NA,NA,NA,2025-06-05
SG,SGP,Singapore,2020,349488382610.662,NA,NA,NA,2025-06-05
SG,SGP,Singapore,2019,376901649222.451,NA,NA,NA,2025-06-05
SG,SGP,Singapore,2018,376892697588.005,NA,NA,NA,2025-06-05
SG,SGP,Singapore,2017,343257164581.712,NA,NA,NA,2025-06-05
SG,SGP,Singapore,2016,319053943915.005,NA,NA,NA,2025-06-05
SG,SGP,Singapore,2015,307998545269.398,NA,NA,NA,2025-06-05
SG,SGP,Singapore,2014,314863580758.455,NA,NA,NA,2025-06-05
SG,SGP,Singapore,2013,307576360584.992,NA,NA,NA,2025-06-05
SG,SGP,Singapore,2012,295092888076.589,NA,NA,NA,2025-06-05
SG,SGP,Singapore,2011,279356499090.458,NA,NA,NA,2025-06-05
SG,SGP,Singapore,2010,239807980591.24,NA,NA,NA,2025-06-05
SG,SGP,Singapore,2009,194150283771.566,NA,NA,NA,2025-06-05
SG,SGP,Singapore,2008,193617323539.203,NA,NA,NA,2025-06-05
SG,SGP,Singapore,2007,180941701357.97,NA,NA,NA,2025-06-05
SG,SGP,Singapore,2006,148627286361.351,NA,NA,NA,2025-06-05
SG,SGP,Singapore,2005,127807848728.398,NA,NA,NA,2025-06-05
SG,SGP,Singapore,2004,115033593101.049,NA,NA,NA,2025-06-05
SG,SGP,Singapore,2003,97646401095.6369,NA,NA,NA,2025-06-05
SG,SGP,Singapore,2002,92538372869.6942,NA,NA,NA,2025-06-05
SG,SGP,Singapore,2001,89793790669.6515,NA,NA,NA,2025-06-05
SG,SGP,Singapore,2000,96076539925.7409,NA,NA,NA,2025-06-05
SG,SGP,Singapore,1999,86286849754.8905,NA,NA,NA,2025-06-05
SG,SGP,Singapore,1998,85728207781.7785,NA,NA,NA,2025-06-05
SG,SGP,Singapore,1997,100123787215.299,NA,NA,NA,2025-06-05
SG,SGP,Singapore,1996,96293086513.0872,NA,NA,NA,2025-06-05
SG,SGP,Singapore,1995,87812540788.4293,NA,NA,NA,2025-06-05
SG,SGP,Singapore,1994,73688724431.1412,NA,NA,NA,2025-06-05
SG,SGP,Singapore,1993,60603815716.2653,NA,NA,NA,2025-06-05
SG,SGP,Singapore,1992,52131320032.8797,NA,NA,NA,2025-06-05
SG,SGP,Singapore,1991,45466164978.2923,NA,NA,NA,2025-06-05
SG,SGP,Singapore,1990,36144336768.7023,NA,NA,NA,2025-06-05
SG,SGP,Singapore,1989,30465364738.6206,NA,NA,NA,2025-06-05
SG,SGP,Singapore,1988,25371462488.1292,NA,NA,NA,2025-06-05
SG,SGP,Singapore,1987,20919215578.2125,NA,NA,NA,2025-06-05
SG,SGP,Singapore,1986,18586746056.9974,NA,NA,NA,2025-06-05
SG,SGP,Singapore,1985,19156532745.7691,NA,NA,NA,2025-06-05
SG,SGP,Singapore,1984,19749361097.965,NA,NA,NA,2025-06-05
SG,SGP,Singapore,1983,17784112149.5327,NA,NA,NA,2025-06-05
SG,SGP,Singapore,1982,16084252378.473,NA,NA,NA,2025-06-05
SG,SGP,Singapore,1981,14175228843.6391,NA,NA,NA,2025-06-05
SG,SGP,Singapore,1980,11896256782.8566,NA,NA,NA,2025-06-05
SG,SGP,Singapore,1979,9296921723.83465,NA,NA,NA,2025-06-05
SG,SGP,Singapore,1978,7517176354.84135,NA,NA,NA,2025-06-05
SG,SGP,Singapore,1977,6618585073.66035,NA,NA,NA,2025-06-05
SG,SGP,Singapore,1976,6327077974.10703,NA,NA,NA,2025-06-05
SG,SGP,Singapore,1975,5633673929.99302,NA,NA,NA,2025-06-05
SG,SGP,Singapore,1974,5221534955.64418,NA,NA,NA,2025-06-05
SG,SGP,Singapore,1973,3696213333.33333,NA,NA,NA,2025-06-05
SG,SGP,Singapore,1972,2721440980.75851,NA,NA,NA,2025-06-05
SG,SGP,Singapore,1971,2263785443.61688,NA,NA,NA,2025-06-05
SG,SGP,Singapore,1970,1920574150.17542,NA,NA,NA,2025-06-05
SG,SGP,Singapore,1969,1659893767.84419,NA,NA,NA,2025-06-05
SG,SGP,Singapore,1968,1425706091.0356,NA,NA,NA,2025-06-05
SG,SGP,Singapore,1967,1238035815.78586,NA,NA,NA,2025-06-05
SG,SGP,Singapore,1966,1096425608.09089,NA,NA,NA,2025-06-05
SG,SGP,Singapore,1965,974644096.144674,NA,NA,NA,2025-06-05
SG,SGP,Singapore,1964,894153311.424857,NA,NA,NA,2025-06-05
SG,SGP,Singapore,1963,917608012.491752,NA,NA,NA,2025-06-05
SG,SGP,Singapore,1962,826239211.817511,NA,NA,NA,2025-06-05
SG,SGP,Singapore,1961,764629788.123689,NA,NA,NA,2025-06-05
SG,SGP,Singapore,1960,704751700.302494,NA,NA,NA,2025-06-05
SX,SXM,Sint Maarten (Dutch part),2024,NA,NA,NA,NA,2025-06-05
SX,SXM,Sint Maarten (Dutch part),2023,1627776949.27374,NA,NA,NA,2025-06-05
SX,SXM,Sint Maarten (Dutch part),2022,1537088715.0838,NA,NA,NA,2025-06-05
SX,SXM,Sint Maarten (Dutch part),2021,1353071061.45251,NA,NA,NA,2025-06-05
SX,SXM,Sint Maarten (Dutch part),2020,1236428100.55866,NA,NA,NA,2025-06-05
SX,SXM,Sint Maarten (Dutch part),2019,1407880446.92737,NA,NA,NA,2025-06-05
SX,SXM,Sint Maarten (Dutch part),2018,1259200446.92737,NA,NA,NA,2025-06-05
SX,SXM,Sint Maarten (Dutch part),2017,1353212122.90503,NA,NA,NA,2025-06-05
SX,SXM,Sint Maarten (Dutch part),2016,1427017206.70391,NA,NA,NA,2025-06-05
SX,SXM,Sint Maarten (Dutch part),2015,1417888715.0838,NA,NA,NA,2025-06-05
SX,SXM,Sint Maarten (Dutch part),2014,1361811508.37989,NA,NA,NA,2025-06-05
SX,SXM,Sint Maarten (Dutch part),2013,1022905027.93296,NA,NA,NA,2025-06-05
SX,SXM,Sint Maarten (Dutch part),2012,985865921.787709,NA,NA,NA,2025-06-05
SX,SXM,Sint Maarten (Dutch part),2011,936089385.47486,NA,NA,NA,2025-06-05
SX,SXM,Sint Maarten (Dutch part),2010,892290502.793296,NA,NA,NA,2025-06-05
SX,SXM,Sint Maarten (Dutch part),2009,854972067.039106,NA,NA,NA,2025-06-05
SX,SXM,Sint Maarten (Dutch part),2008,NA,NA,NA,NA,2025-06-05
SX,SXM,Sint Maarten (Dutch part),2007,NA,NA,NA,NA,2025-06-05
SX,SXM,Sint Maarten (Dutch part),2006,NA,NA,NA,NA,2025-06-05
SX,SXM,Sint Maarten (Dutch part),2005,NA,NA,NA,NA,2025-06-05
SX,SXM,Sint Maarten (Dutch part),2004,NA,NA,NA,NA,2025-06-05
SX,SXM,Sint Maarten (Dutch part),2003,NA,NA,NA,NA,2025-06-05
SX,SXM,Sint Maarten (Dutch part),2002,NA,NA,NA,NA,2025-06-05
SX,SXM,Sint Maarten (Dutch part),2001,NA,NA,NA,NA,2025-06-05
SX,SXM,Sint Maarten (Dutch part),2000,NA,NA,NA,NA,2025-06-05
SX,SXM,Sint Maarten (Dutch part),1999,NA,NA,NA,NA,2025-06-05
SX,SXM,Sint Maarten (Dutch part),1998,NA,NA,NA,NA,2025-06-05
SX,SXM,Sint Maarten (Dutch part),1997,NA,NA,NA,NA,2025-06-05
SX,SXM,Sint Maarten (Dutch part),1996,NA,NA,NA,NA,2025-06-05
SX,SXM,Sint Maarten (Dutch part),1995,NA,NA,NA,NA,2025-06-05
SX,SXM,Sint Maarten (Dutch part),1994,NA,NA,NA,NA,2025-06-05
SX,SXM,Sint Maarten (Dutch part),1993,NA,NA,NA,NA,2025-06-05
SX,SXM,Sint Maarten (Dutch part),1992,NA,NA,NA,NA,2025-06-05
SX,SXM,Sint Maarten (Dutch part),1991,NA,NA,NA,NA,2025-06-05
SX,SXM,Sint Maarten (Dutch part),1990,NA,NA,NA,NA,2025-06-05
SX,SXM,Sint Maarten (Dutch part),1989,NA,NA,NA,NA,2025-06-05
SX,SXM,Sint Maarten (Dutch part),1988,NA,NA,NA,NA,2025-06-05
SX,SXM,Sint Maarten (Dutch part),1987,NA,NA,NA,NA,2025-06-05
SX,SXM,Sint Maarten (Dutch part),1986,NA,NA,NA,NA,2025-06-05
SX,SXM,Sint Maarten (Dutch part),1985,NA,NA,NA,NA,2025-06-05
SX,SXM,Sint Maarten (Dutch part),1984,NA,NA,NA,NA,2025-06-05
SX,SXM,Sint Maarten (Dutch part),1983,NA,NA,NA,NA,2025-06-05
SX,SXM,Sint Maarten (Dutch part),1982,NA,NA,NA,NA,2025-06-05
SX,SXM,Sint Maarten (Dutch part),1981,NA,NA,NA,NA,2025-06-05
SX,SXM,Sint Maarten (Dutch part),1980,NA,NA,NA,NA,2025-06-05
SX,SXM,Sint Maarten (Dutch part),1979,NA,NA,NA,NA,2025-06-05
SX,SXM,Sint Maarten (Dutch part),1978,NA,NA,NA,NA,2025-06-05
SX,SXM,Sint Maarten (Dutch part),1977,NA,NA,NA,NA,2025-06-05
SX,SXM,Sint Maarten (Dutch part),1976,NA,NA,NA,NA,2025-06-05
SX,SXM,Sint Maarten (Dutch part),1975,NA,NA,NA,NA,2025-06-05
SX,SXM,Sint Maarten (Dutch part),1974,NA,NA,NA,NA,2025-06-05
SX,SXM,Sint Maarten (Dutch part),1973,NA,NA,NA,NA,2025-06-05
SX,SXM,Sint Maarten (Dutch part),1972,NA,NA,NA,NA,2025-06-05
SX,SXM,Sint Maarten (Dutch part),1971,NA,NA,NA,NA,2025-06-05
SX,SXM,Sint Maarten (Dutch part),1970,NA,NA,NA,NA,2025-06-05
SX,SXM,Sint Maarten (Dutch part),1969,NA,NA,NA,NA,2025-06-05
SX,SXM,Sint Maarten (Dutch part),1968,NA,NA,NA,NA,2025-06-05
SX,SXM,Sint Maarten (Dutch part),1967,NA,NA,NA,NA,2025-06-05
SX,SXM,Sint Maarten (Dutch part),1966,NA,NA,NA,NA,2025-06-05
SX,SXM,Sint Maarten (Dutch part),1965,NA,NA,NA,NA,2025-06-05
SX,SXM,Sint Maarten (Dutch part),1964,NA,NA,NA,NA,2025-06-05
SX,SXM,Sint Maarten (Dutch part),1963,NA,NA,NA,NA,2025-06-05
SX,SXM,Sint Maarten (Dutch part),1962,NA,NA,NA,NA,2025-06-05
SX,SXM,Sint Maarten (Dutch part),1961,NA,NA,NA,NA,2025-06-05
SX,SXM,Sint Maarten (Dutch part),1960,NA,NA,NA,NA,2025-06-05
SK,SVK,Slovak Republic,2024,NA,NA,NA,NA,2025-06-05
SK,SVK,Slovak Republic,2023,132908336234.295,NA,NA,NA,2025-06-05
SK,SVK,Slovak Republic,2022,115928615553.286,NA,NA,NA,2025-06-05
SK,SVK,Slovak Republic,2021,120592216208.386,NA,NA,NA,2025-06-05
SK,SVK,Slovak Republic,2020,107732602896.441,NA,NA,NA,2025-06-05
SK,SVK,Slovak Republic,2019,105843498304.094,NA,NA,NA,2025-06-05
SK,SVK,Slovak Republic,2018,106611673364.837,NA,NA,NA,2025-06-05
SK,SVK,Slovak Republic,2017,95978130734.9766,NA,NA,NA,2025-06-05
SK,SVK,Slovak Republic,2016,90347173228.6356,NA,NA,NA,2025-06-05
SK,SVK,Slovak Republic,2015,89178548717.3324,NA,NA,NA,2025-06-05
SK,SVK,Slovak Republic,2014,101713075598.862,NA,NA,NA,2025-06-05
SK,SVK,Slovak Republic,2013,99134277850.3418,NA,NA,NA,2025-06-05
SK,SVK,Slovak Republic,2012,94724394278.052,NA,NA,NA,2025-06-05
SK,SVK,Slovak Republic,2011,99705104723.4341,NA,NA,NA,2025-06-05
SK,SVK,Slovak Republic,2010,91112160800.7668,NA,NA,NA,2025-06-05
SK,SVK,Slovak Republic,2009,89342984697.5246,NA,NA,NA,2025-06-05
SK,SVK,Slovak Republic,2008,100830060552.902,NA,NA,NA,2025-06-05
SK,SVK,Slovak Republic,2007,86587749517.9724,NA,NA,NA,2025-06-05
SK,SVK,Slovak Republic,2006,70751813442.9881,NA,NA,NA,2025-06-05
SK,SVK,Slovak Republic,2005,62547753148.4638,NA,NA,NA,2025-06-05
SK,SVK,Slovak Republic,2004,57215475076.2986,NA,NA,NA,2025-06-05
SK,SVK,Slovak Republic,2003,46616149116.7411,NA,NA,NA,2025-06-05
SK,SVK,Slovak Republic,2002,35243658398.7546,NA,NA,NA,2025-06-05
SK,SVK,Slovak Republic,2001,30726659550.9717,NA,NA,NA,2025-06-05
SK,SVK,Slovak Republic,2000,29215726004.7765,NA,NA,NA,2025-06-05
SK,SVK,Slovak Republic,1999,30496272225.1337,NA,NA,NA,2025-06-05
SK,SVK,Slovak Republic,1998,29976207629.4888,NA,NA,NA,2025-06-05
SK,SVK,Slovak Republic,1997,27844628979.2682,NA,NA,NA,2025-06-05
SK,SVK,Slovak Republic,1996,28197790874.5247,NA,NA,NA,2025-06-05
SK,SVK,Slovak Republic,1995,26180022222.2222,NA,NA,NA,2025-06-05
SK,SVK,Slovak Republic,1994,20428139755.6056,NA,NA,NA,2025-06-05
SK,SVK,Slovak Republic,1993,16737973764.3476,NA,NA,NA,2025-06-05
SK,SVK,Slovak Republic,1992,15699327209.2121,NA,NA,NA,2025-06-05
SK,SVK,Slovak Republic,1991,14459924588.948,NA,NA,NA,2025-06-05
SK,SVK,Slovak Republic,1990,12915046978.1615,NA,NA,NA,2025-06-05
SK,SVK,Slovak Republic,1989,NA,NA,NA,NA,2025-06-05
SK,SVK,Slovak Republic,1988,NA,NA,NA,NA,2025-06-05
SK,SVK,Slovak Republic,1987,NA,NA,NA,NA,2025-06-05
SK,SVK,Slovak Republic,1986,NA,NA,NA,NA,2025-06-05
SK,SVK,Slovak Republic,1985,NA,NA,NA,NA,2025-06-05
SK,SVK,Slovak Republic,1984,NA,NA,NA,NA,2025-06-05
SK,SVK,Slovak Republic,1983,NA,NA,NA,NA,2025-06-05
SK,SVK,Slovak Republic,1982,NA,NA,NA,NA,2025-06-05
SK,SVK,Slovak Republic,1981,NA,NA,NA,NA,2025-06-05
SK,SVK,Slovak Republic,1980,NA,NA,NA,NA,2025-06-05
SK,SVK,Slovak Republic,1979,NA,NA,NA,NA,2025-06-05
SK,SVK,Slovak Republic,1978,NA,NA,NA,NA,2025-06-05
SK,SVK,Slovak Republic,1977,NA,NA,NA,NA,2025-06-05
SK,SVK,Slovak Republic,1976,NA,NA,NA,NA,2025-06-05
SK,SVK,Slovak Republic,1975,NA,NA,NA,NA,2025-06-05
SK,SVK,Slovak Republic,1974,NA,NA,NA,NA,2025-06-05
SK,SVK,Slovak Republic,1973,NA,NA,NA,NA,2025-06-05
SK,SVK,Slovak Republic,1972,NA,NA,NA,NA,2025-06-05
SK,SVK,Slovak Republic,1971,NA,NA,NA,NA,2025-06-05
SK,SVK,Slovak Republic,1970,NA,NA,NA,NA,2025-06-05
SK,SVK,Slovak Republic,1969,NA,NA,NA,NA,2025-06-05
SK,SVK,Slovak Republic,1968,NA,NA,NA,NA,2025-06-05
SK,SVK,Slovak Republic,1967,NA,NA,NA,NA,2025-06-05
SK,SVK,Slovak Republic,1966,NA,NA,NA,NA,2025-06-05
SK,SVK,Slovak Republic,1965,NA,NA,NA,NA,2025-06-05
SK,SVK,Slovak Republic,1964,NA,NA,NA,NA,2025-06-05
SK,SVK,Slovak Republic,1963,NA,NA,NA,NA,2025-06-05
SK,SVK,Slovak Republic,1962,NA,NA,NA,NA,2025-06-05
SK,SVK,Slovak Republic,1961,NA,NA,NA,NA,2025-06-05
SK,SVK,Slovak Republic,1960,NA,NA,NA,NA,2025-06-05
SI,SVN,Slovenia,2024,NA,NA,NA,NA,2025-06-05
SI,SVN,Slovenia,2023,69148468417.3208,NA,NA,NA,2025-06-05
SI,SVN,Slovenia,2022,59927702746.2843,NA,NA,NA,2025-06-05
SI,SVN,Slovenia,2021,61529280461.092,NA,NA,NA,2025-06-05
SI,SVN,Slovenia,2020,53384760135.1581,NA,NA,NA,2025-06-05
SI,SVN,Slovenia,2019,53909922735.545,NA,NA,NA,2025-06-05
SI,SVN,Slovenia,2018,53689067639.9176,NA,NA,NA,2025-06-05
SI,SVN,Slovenia,2017,48153200134.6613,NA,NA,NA,2025-06-05
SI,SVN,Slovenia,2016,44290685824.0682,NA,NA,NA,2025-06-05
SI,SVN,Slovenia,2015,42709468274.8137,NA,NA,NA,2025-06-05
SI,SVN,Slovenia,2014,49514466379.6057,NA,NA,NA,2025-06-05
SI,SVN,Slovenia,2013,47867056858.8892,NA,NA,NA,2025-06-05
SI,SVN,Slovenia,2012,46167053954.3367,NA,NA,NA,2025-06-05
SI,SVN,Slovenia,2011,51199194599.3094,NA,NA,NA,2025-06-05
SI,SVN,Slovenia,2010,47793117240.9001,NA,NA,NA,2025-06-05
SI,SVN,Slovenia,2009,49975540954.8465,NA,NA,NA,2025-06-05
SI,SVN,Slovenia,2008,55509332322.3578,NA,NA,NA,2025-06-05
SI,SVN,Slovenia,2007,47880266542.577,NA,NA,NA,2025-06-05
SI,SVN,Slovenia,2006,39260368837.0342,NA,NA,NA,2025-06-05
SI,SVN,Slovenia,2005,35947936823.7781,NA,NA,NA,2025-06-05
SI,SVN,Slovenia,2004,34156553313.4031,NA,NA,NA,2025-06-05
SI,SVN,Slovenia,2003,29360575031.8177,NA,NA,NA,2025-06-05
SI,SVN,Slovenia,2002,23214593516.2095,NA,NA,NA,2025-06-05
SI,SVN,Slovenia,2001,20668868706.8115,NA,NA,NA,2025-06-05
SI,SVN,Slovenia,2000,20159190701.6789,NA,NA,NA,2025-06-05
SI,SVN,Slovenia,1999,22609669083.7179,NA,NA,NA,2025-06-05
SI,SVN,Slovenia,1998,22058635314.4836,NA,NA,NA,2025-06-05
SI,SVN,Slovenia,1997,20726878751.5006,NA,NA,NA,2025-06-05
SI,SVN,Slovenia,1996,21470699362.6062,NA,NA,NA,2025-06-05
SI,SVN,Slovenia,1995,21367422159.3207,NA,NA,NA,2025-06-05
SI,SVN,Slovenia,1994,16400767069.6294,NA,NA,NA,2025-06-05
SI,SVN,Slovenia,1993,14449298371.7879,NA,NA,NA,2025-06-05
SI,SVN,Slovenia,1992,14277261540.7456,NA,NA,NA,2025-06-05
SI,SVN,Slovenia,1991,14454495058.907,NA,NA,NA,2025-06-05
SI,SVN,Slovenia,1990,19832029087.1272,NA,NA,NA,2025-06-05
SI,SVN,Slovenia,1989,NA,NA,NA,NA,2025-06-05
SI,SVN,Slovenia,1988,NA,NA,NA,NA,2025-06-05
SI,SVN,Slovenia,1987,NA,NA,NA,NA,2025-06-05
SI,SVN,Slovenia,1986,NA,NA,NA,NA,2025-06-05
SI,SVN,Slovenia,1985,NA,NA,NA,NA,2025-06-05
SI,SVN,Slovenia,1984,NA,NA,NA,NA,2025-06-05
SI,SVN,Slovenia,1983,NA,NA,NA,NA,2025-06-05
SI,SVN,Slovenia,1982,NA,NA,NA,NA,2025-06-05
SI,SVN,Slovenia,1981,NA,NA,NA,NA,2025-06-05
SI,SVN,Slovenia,1980,NA,NA,NA,NA,2025-06-05
SI,SVN,Slovenia,1979,NA,NA,NA,NA,2025-06-05
SI,SVN,Slovenia,1978,NA,NA,NA,NA,2025-06-05
SI,SVN,Slovenia,1977,NA,NA,NA,NA,2025-06-05
SI,SVN,Slovenia,1976,NA,NA,NA,NA,2025-06-05
SI,SVN,Slovenia,1975,NA,NA,NA,NA,2025-06-05
SI,SVN,Slovenia,1974,NA,NA,NA,NA,2025-06-05
SI,SVN,Slovenia,1973,NA,NA,NA,NA,2025-06-05
SI,SVN,Slovenia,1972,NA,NA,NA,NA,2025-06-05
SI,SVN,Slovenia,1971,NA,NA,NA,NA,2025-06-05
SI,SVN,Slovenia,1970,NA,NA,NA,NA,2025-06-05
SI,SVN,Slovenia,1969,NA,NA,NA,NA,2025-06-05
SI,SVN,Slovenia,1968,NA,NA,NA,NA,2025-06-05
SI,SVN,Slovenia,1967,NA,NA,NA,NA,2025-06-05
SI,SVN,Slovenia,1966,NA,NA,NA,NA,2025-06-05
SI,SVN,Slovenia,1965,NA,NA,NA,NA,2025-06-05
SI,SVN,Slovenia,1964,NA,NA,NA,NA,2025-06-05
SI,SVN,Slovenia,1963,NA,NA,NA,NA,2025-06-05
SI,SVN,Slovenia,1962,NA,NA,NA,NA,2025-06-05
SI,SVN,Slovenia,1961,NA,NA,NA,NA,2025-06-05
SI,SVN,Slovenia,1960,NA,NA,NA,NA,2025-06-05
SB,SLB,Solomon Islands,2024,NA,NA,NA,NA,2025-06-05
SB,SLB,Solomon Islands,2023,1633319401.19414,NA,NA,NA,2025-06-05
SB,SLB,Solomon Islands,2022,1566360686.10632,NA,NA,NA,2025-06-05
SB,SLB,Solomon Islands,2021,1522794913.0914,NA,NA,NA,2025-06-05
SB,SLB,Solomon Islands,2020,1536145814.17007,NA,NA,NA,2025-06-05
SB,SLB,Solomon Islands,2019,1619155017.3924,NA,NA,NA,2025-06-05
SB,SLB,Solomon Islands,2018,1615478393.28614,NA,NA,NA,2025-06-05
SB,SLB,Solomon Islands,2017,1469789119.08756,NA,NA,NA,2025-06-05
SB,SLB,Solomon Islands,2016,1379490304.2254,NA,NA,NA,2025-06-05
SB,SLB,Solomon Islands,2015,1307909887.55212,NA,NA,NA,2025-06-05
SB,SLB,Solomon Islands,2014,1335571420.72676,NA,NA,NA,2025-06-05
SB,SLB,Solomon Islands,2013,1285911586.132,NA,NA,NA,2025-06-05
SB,SLB,Solomon Islands,2012,1185215418.25562,NA,NA,NA,2025-06-05
SB,SLB,Solomon Islands,2011,1063895360.69907,NA,NA,NA,2025-06-05
SB,SLB,Solomon Islands,2010,898133684.898793,NA,NA,NA,2025-06-05
SB,SLB,Solomon Islands,2009,805557562.580059,NA,NA,NA,2025-06-05
SB,SLB,Solomon Islands,2008,776337691.795098,NA,NA,NA,2025-06-05
SB,SLB,Solomon Islands,2007,695295347.621537,NA,NA,NA,2025-06-05
SB,SLB,Solomon Islands,2006,617258154.260133,NA,NA,NA,2025-06-05
SB,SLB,Solomon Islands,2005,552864570.225819,NA,NA,NA,2025-06-05
SB,SLB,Solomon Islands,2004,468005318.551977,NA,NA,NA,2025-06-05
SB,SLB,Solomon Islands,2003,417668983.408349,NA,NA,NA,2025-06-05
SB,SLB,Solomon Islands,2002,346406738.885237,NA,NA,NA,2025-06-05
SB,SLB,Solomon Islands,2001,409508552.979972,NA,NA,NA,2025-06-05
SB,SLB,Solomon Islands,2000,419842674.227652,NA,NA,NA,2025-06-05
SB,SLB,Solomon Islands,1999,488024514.369359,NA,NA,NA,2025-06-05
SB,SLB,Solomon Islands,1998,457579840.225066,NA,NA,NA,2025-06-05
SB,SLB,Solomon Islands,1997,526554005.954357,NA,NA,NA,2025-06-05
SB,SLB,Solomon Islands,1996,510586430.190127,NA,NA,NA,2025-06-05
SB,SLB,Solomon Islands,1995,469443201.503274,NA,NA,NA,2025-06-05
SB,SLB,Solomon Islands,1994,402837005.272596,NA,NA,NA,2025-06-05
SB,SLB,Solomon Islands,1993,300746361.128739,NA,NA,NA,2025-06-05
SB,SLB,Solomon Islands,1992,269034595.812985,NA,NA,NA,2025-06-05
SB,SLB,Solomon Islands,1991,227540473.340087,NA,NA,NA,2025-06-05
SB,SLB,Solomon Islands,1990,214877666.846068,NA,NA,NA,2025-06-05
SB,SLB,Solomon Islands,1989,172882410.578561,NA,NA,NA,2025-06-05
SB,SLB,Solomon Islands,1988,176494394.043362,NA,NA,NA,2025-06-05
SB,SLB,Solomon Islands,1987,155128542.419178,NA,NA,NA,2025-06-05
SB,SLB,Solomon Islands,1986,147620047.660063,NA,NA,NA,2025-06-05
SB,SLB,Solomon Islands,1985,165524943.492123,NA,NA,NA,2025-06-05
SB,SLB,Solomon Islands,1984,181570473.771605,NA,NA,NA,2025-06-05
SB,SLB,Solomon Islands,1983,181220398.969839,NA,NA,NA,2025-06-05
SB,SLB,Solomon Islands,1982,192902018.733318,NA,NA,NA,2025-06-05
SB,SLB,Solomon Islands,1981,193750540.701429,NA,NA,NA,2025-06-05
SB,SLB,Solomon Islands,1980,182852106.523408,NA,NA,NA,2025-06-05
SB,SLB,Solomon Islands,1979,151276496.482533,NA,NA,NA,2025-06-05
SB,SLB,Solomon Islands,1978,111027427.208358,NA,NA,NA,2025-06-05
SB,SLB,Solomon Islands,1977,93145283.3557141,NA,NA,NA,2025-06-05
SB,SLB,Solomon Islands,1976,83100834.307935,NA,NA,NA,2025-06-05
SB,SLB,Solomon Islands,1975,74620320.0295339,NA,NA,NA,2025-06-05
SB,SLB,Solomon Islands,1974,84539332.282562,NA,NA,NA,2025-06-05
SB,SLB,Solomon Islands,1973,55272108.8435374,NA,NA,NA,2025-06-05
SB,SLB,Solomon Islands,1972,40606712.050639,NA,NA,NA,2025-06-05
SB,SLB,Solomon Islands,1971,50056882.8213879,NA,NA,NA,2025-06-05
SB,SLB,Solomon Islands,1970,NA,NA,NA,NA,2025-06-05
SB,SLB,Solomon Islands,1969,28606411.398041,NA,NA,NA,2025-06-05
SB,SLB,Solomon Islands,1968,28084252.7582748,NA,NA,NA,2025-06-05
SB,SLB,Solomon Islands,1967,25203524.0325638,NA,NA,NA,2025-06-05
SB,SLB,Solomon Islands,1966,NA,NA,NA,NA,2025-06-05
SB,SLB,Solomon Islands,1965,NA,NA,NA,NA,2025-06-05
SB,SLB,Solomon Islands,1964,NA,NA,NA,NA,2025-06-05
SB,SLB,Solomon Islands,1963,NA,NA,NA,NA,2025-06-05
SB,SLB,Solomon Islands,1962,NA,NA,NA,NA,2025-06-05
SB,SLB,Solomon Islands,1961,NA,NA,NA,NA,2025-06-05
SB,SLB,Solomon Islands,1960,NA,NA,NA,NA,2025-06-05
SO,SOM,Somalia,2024,NA,NA,NA,NA,2025-06-05
SO,SOM,Somalia,2023,10968517090.0004,NA,NA,NA,2025-06-05
SO,SOM,Somalia,2022,10202767269.9603,NA,NA,NA,2025-06-05
SO,SOM,Somalia,2021,9483997404.25227,NA,NA,NA,2025-06-05
SO,SOM,Somalia,2020,8628393719.99922,NA,NA,NA,2025-06-05
SO,SOM,Somalia,2019,8655023960.002,NA,NA,NA,2025-06-05
SO,SOM,Somalia,2018,7873440838.36559,NA,NA,NA,2025-06-05
SO,SOM,Somalia,2017,7621501720.00021,NA,NA,NA,2025-06-05
SO,SOM,Somalia,2016,6613743089.99932,NA,NA,NA,2025-06-05
SO,SOM,Somalia,2015,6152149080.00168,NA,NA,NA,2025-06-05
SO,SOM,Somalia,2014,5728399710.56333,NA,NA,NA,2025-06-05
SO,SOM,Somalia,2013,5062881613.12833,NA,NA,NA,2025-06-05
SO,SOM,Somalia,2012,4364670160.00146,NA,NA,NA,2025-06-05
SO,SOM,Somalia,2011,2906000096.93249,NA,NA,NA,2025-06-05
SO,SOM,Somalia,2010,2687807003.73935,NA,NA,NA,2025-06-05
SO,SOM,Somalia,2009,2948594552.44952,NA,NA,NA,2025-06-05
SO,SOM,Somalia,2008,5913620292.90573,NA,NA,NA,2025-06-05
SO,SOM,Somalia,2007,5430713728.89074,NA,NA,NA,2025-06-05
SO,SOM,Somalia,2006,5026743282.04251,NA,NA,NA,2025-06-05
SO,SOM,Somalia,2005,4683246454.10048,NA,NA,NA,2025-06-05
SO,SOM,Somalia,2004,3859592813.10255,NA,NA,NA,2025-06-05
SO,SOM,Somalia,2003,2836724351.5616,NA,NA,NA,2025-06-05
SO,SOM,Somalia,2002,2192684134.59273,NA,NA,NA,2025-06-05
SO,SOM,Somalia,2001,2252847464.68608,NA,NA,NA,2025-06-05
SO,SOM,Somalia,2000,3412797450.20112,NA,NA,NA,2025-06-05
SO,SOM,Somalia,1999,3045751527.66005,NA,NA,NA,2025-06-05
SO,SOM,Somalia,1998,2962047564.41651,NA,NA,NA,2025-06-05
SO,SOM,Somalia,1997,2191749013.58124,NA,NA,NA,2025-06-05
SO,SOM,Somalia,1996,1792234297.39194,NA,NA,NA,2025-06-05
SO,SOM,Somalia,1995,1534756134.55022,NA,NA,NA,2025-06-05
SO,SOM,Somalia,1994,1481205097.98113,NA,NA,NA,2025-06-05
SO,SOM,Somalia,1993,1260132955.78746,NA,NA,NA,2025-06-05
SO,SOM,Somalia,1992,709297578.5,NA,NA,NA,2025-06-05
SO,SOM,Somalia,1991,717974929.763158,NA,NA,NA,2025-06-05
SO,SOM,Somalia,1990,1031282081.16683,NA,NA,NA,2025-06-05
SO,SOM,Somalia,1989,1181360843.93549,NA,NA,NA,2025-06-05
SO,SOM,Somalia,1988,1051596967.1287,NA,NA,NA,2025-06-05
SO,SOM,Somalia,1987,1018972664.4638,NA,NA,NA,2025-06-05
SO,SOM,Somalia,1986,916590786.326105,NA,NA,NA,2025-06-05
SO,SOM,Somalia,1985,875702247.191011,NA,NA,NA,2025-06-05
SO,SOM,Somalia,1984,787434541.728857,NA,NA,NA,2025-06-05
SO,SOM,Somalia,1983,735408641.768548,NA,NA,NA,2025-06-05
SO,SOM,Somalia,1982,774578931.96392,NA,NA,NA,2025-06-05
SO,SOM,Somalia,1981,699302473.050095,NA,NA,NA,2025-06-05
SO,SOM,Somalia,1980,602515548.452104,NA,NA,NA,2025-06-05
SO,SOM,Somalia,1979,589566929.133858,NA,NA,NA,2025-06-05
SO,SOM,Somalia,1978,564571823.20442,NA,NA,NA,2025-06-05
SO,SOM,Somalia,1977,498550724.637681,NA,NA,NA,2025-06-05
SO,SOM,Somalia,1976,871344245.115171,NA,NA,NA,2025-06-05
SO,SOM,Somalia,1975,757015878.792693,NA,NA,NA,2025-06-05
SO,SOM,Somalia,1974,572504035.901509,NA,NA,NA,2025-06-05
SO,SOM,Somalia,1973,483699610.602563,NA,NA,NA,2025-06-05
SO,SOM,Somalia,1972,447883941.190165,NA,NA,NA,2025-06-05
SO,SOM,Somalia,1971,347039445.705569,NA,NA,NA,2025-06-05
SO,SOM,Somalia,1970,347985394.285714,NA,NA,NA,2025-06-05
SO,SOM,Somalia,1969,306357284.571429,NA,NA,NA,2025-06-05
SO,SOM,Somalia,1968,286719885.312046,NA,NA,NA,2025-06-05
SO,SOM,Somalia,1967,271781886.807245,NA,NA,NA,2025-06-05
SO,SOM,Somalia,1966,257375897.049641,NA,NA,NA,2025-06-05
SO,SOM,Somalia,1965,243725898.029641,NA,NA,NA,2025-06-05
SO,SOM,Somalia,1964,229529912.668035,NA,NA,NA,2025-06-05
SO,SOM,Somalia,1963,216145935.941626,NA,NA,NA,2025-06-05
SO,SOM,Somalia,1962,203531927.547229,NA,NA,NA,2025-06-05
SO,SOM,Somalia,1961,191659914.376034,NA,NA,NA,2025-06-05
SO,SOM,Somalia,1960,180459936.776025,NA,NA,NA,2025-06-05
ZA,ZAF,South Africa,2024,NA,NA,NA,NA,2025-06-05
ZA,ZAF,South Africa,2023,380699271814.508,NA,NA,NA,2025-06-05
ZA,ZAF,South Africa,2022,406920004594.074,NA,NA,NA,2025-06-05
ZA,ZAF,South Africa,2021,420886877628.703,NA,NA,NA,2025-06-05
ZA,ZAF,South Africa,2020,337974655408.055,NA,NA,NA,2025-06-05
ZA,ZAF,South Africa,2019,389330032224.269,NA,NA,NA,2025-06-05
ZA,ZAF,South Africa,2018,405260723892.517,NA,NA,NA,2025-06-05
ZA,ZAF,South Africa,2017,381448814653.456,NA,NA,NA,2025-06-05
ZA,ZAF,South Africa,2016,323585509674.481,NA,NA,NA,2025-06-05
ZA,ZAF,South Africa,2015,346709790458.563,NA,NA,NA,2025-06-05
ZA,ZAF,South Africa,2014,381198869776.106,NA,NA,NA,2025-06-05
ZA,ZAF,South Africa,2013,400886013595.573,NA,NA,NA,2025-06-05
ZA,ZAF,South Africa,2012,434400545085.811,NA,NA,NA,2025-06-05
ZA,ZAF,South Africa,2011,458199494830.834,NA,NA,NA,2025-06-05
ZA,ZAF,South Africa,2010,417363822801.713,NA,NA,NA,2025-06-05
ZA,ZAF,South Africa,2009,329754060647.129,NA,NA,NA,2025-06-05
ZA,ZAF,South Africa,2008,316131258616.309,NA,NA,NA,2025-06-05
ZA,ZAF,South Africa,2007,333077117253.684,NA,NA,NA,2025-06-05
ZA,ZAF,South Africa,2006,303858675363.643,NA,NA,NA,2025-06-05
ZA,ZAF,South Africa,2005,288867217196.534,NA,NA,NA,2025-06-05
ZA,ZAF,South Africa,2004,255806908594.573,NA,NA,NA,2025-06-05
ZA,ZAF,South Africa,2003,197018965308.697,NA,NA,NA,2025-06-05
ZA,ZAF,South Africa,2002,129087556612.449,NA,NA,NA,2025-06-05
ZA,ZAF,South Africa,2001,135429905922.526,NA,NA,NA,2025-06-05
ZA,ZAF,South Africa,2000,151752757215.309,NA,NA,NA,2025-06-05
ZA,ZAF,South Africa,1999,151516957078.536,NA,NA,NA,2025-06-05
ZA,ZAF,South Africa,1998,152982984557.233,NA,NA,NA,2025-06-05
ZA,ZAF,South Africa,1997,168978057327.73,NA,NA,NA,2025-06-05
ZA,ZAF,South Africa,1996,163234925380.563,NA,NA,NA,2025-06-05
ZA,ZAF,South Africa,1995,171735933897.331,NA,NA,NA,2025-06-05
ZA,ZAF,South Africa,1994,153512712381.836,NA,NA,NA,2025-06-05
ZA,ZAF,South Africa,1993,147194747565.75,NA,NA,NA,2025-06-05
ZA,ZAF,South Africa,1992,146956150986.636,NA,NA,NA,2025-06-05
ZA,ZAF,South Africa,1991,135203698237.977,NA,NA,NA,2025-06-05
ZA,ZAF,South Africa,1990,126048140141.869,NA,NA,NA,2025-06-05
ZA,ZAF,South Africa,1989,108055624081.806,NA,NA,NA,2025-06-05
ZA,ZAF,South Africa,1988,103976831870.957,NA,NA,NA,2025-06-05
ZA,ZAF,South Africa,1987,96535763418.3729,NA,NA,NA,2025-06-05
ZA,ZAF,South Africa,1986,73354771399.2627,NA,NA,NA,2025-06-05
ZA,ZAF,South Africa,1985,64459376086.6883,NA,NA,NA,2025-06-05
ZA,ZAF,South Africa,1984,84870163365.9306,NA,NA,NA,2025-06-05
ZA,ZAF,South Africa,1983,96204110941.5672,NA,NA,NA,2025-06-05
ZA,ZAF,South Africa,1982,85904057409.3585,NA,NA,NA,2025-06-05
ZA,ZAF,South Africa,1981,93141472163.7596,NA,NA,NA,2025-06-05
ZA,ZAF,South Africa,1980,89411864402.4272,NA,NA,NA,2025-06-05
ZA,ZAF,South Africa,1979,63038658088.9121,NA,NA,NA,2025-06-05
ZA,ZAF,South Africa,1978,51607412901.8532,NA,NA,NA,2025-06-05
ZA,ZAF,South Africa,1977,45328411332.1028,NA,NA,NA,2025-06-05
ZA,ZAF,South Africa,1976,41150460287.6151,NA,NA,NA,2025-06-05
ZA,ZAF,South Africa,1975,42906905672.42,NA,NA,NA,2025-06-05
ZA,ZAF,South Africa,1974,41389186094.5992,NA,NA,NA,2025-06-05
ZA,ZAF,South Africa,1973,33262772008.1446,NA,NA,NA,2025-06-05
ZA,ZAF,South Africa,1972,24515919216.8851,NA,NA,NA,2025-06-05
ZA,ZAF,South Africa,1971,23411076638.279,NA,NA,NA,2025-06-05
ZA,ZAF,South Africa,1970,21218391512.6434,NA,NA,NA,2025-06-05
ZA,ZAF,South Africa,1969,19256992297.2031,NA,NA,NA,2025-06-05
ZA,ZAF,South Africa,1968,17124793150.0827,NA,NA,NA,2025-06-05
ZA,ZAF,South Africa,1967,15821393671.4425,NA,NA,NA,2025-06-05
ZA,ZAF,South Africa,1966,14211394315.4423,NA,NA,NA,2025-06-05
ZA,ZAF,South Africa,1965,13068994772.4021,NA,NA,NA,2025-06-05
ZA,ZAF,South Africa,1964,11955995217.6019,NA,NA,NA,2025-06-05
ZA,ZAF,South Africa,1963,10854195658.3217,NA,NA,NA,2025-06-05
ZA,ZAF,South Africa,1962,9813996074.40157,NA,NA,NA,2025-06-05
ZA,ZAF,South Africa,1961,9225996309.60148,NA,NA,NA,2025-06-05
ZA,ZAF,South Africa,1960,8748596500.5614,NA,NA,NA,2025-06-05
SS,SSD,South Sudan,2024,NA,NA,NA,NA,2025-06-05
SS,SSD,South Sudan,2023,NA,NA,NA,NA,2025-06-05
SS,SSD,South Sudan,2022,NA,NA,NA,NA,2025-06-05
SS,SSD,South Sudan,2021,NA,NA,NA,NA,2025-06-05
SS,SSD,South Sudan,2020,NA,NA,NA,NA,2025-06-05
SS,SSD,South Sudan,2019,NA,NA,NA,NA,2025-06-05
SS,SSD,South Sudan,2018,NA,NA,NA,NA,2025-06-05
SS,SSD,South Sudan,2017,NA,NA,NA,NA,2025-06-05
SS,SSD,South Sudan,2016,NA,NA,NA,NA,2025-06-05
SS,SSD,South Sudan,2015,11997800760.2242,NA,NA,NA,2025-06-05
SS,SSD,South Sudan,2014,13962212847.4576,NA,NA,NA,2025-06-05
SS,SSD,South Sudan,2013,18426469016.9492,NA,NA,NA,2025-06-05
SS,SSD,South Sudan,2012,11931472169.4915,NA,NA,NA,2025-06-05
SS,SSD,South Sudan,2011,14907308932.7534,NA,NA,NA,2025-06-05
SS,SSD,South Sudan,2010,14602072410.9506,NA,NA,NA,2025-06-05
SS,SSD,South Sudan,2009,12231264525.0671,NA,NA,NA,2025-06-05
SS,SSD,South Sudan,2008,14586253383.0632,NA,NA,NA,2025-06-05
SS,SSD,South Sudan,2007,NA,NA,NA,NA,2025-06-05
SS,SSD,South Sudan,2006,NA,NA,NA,NA,2025-06-05
SS,SSD,South Sudan,2005,NA,NA,NA,NA,2025-06-05
SS,SSD,South Sudan,2004,NA,NA,NA,NA,2025-06-05
SS,SSD,South Sudan,2003,NA,NA,NA,NA,2025-06-05
SS,SSD,South Sudan,2002,NA,NA,NA,NA,2025-06-05
SS,SSD,South Sudan,2001,NA,NA,NA,NA,2025-06-05
SS,SSD,South Sudan,2000,NA,NA,NA,NA,2025-06-05
SS,SSD,South Sudan,1999,NA,NA,NA,NA,2025-06-05
SS,SSD,South Sudan,1998,NA,NA,NA,NA,2025-06-05
SS,SSD,South Sudan,1997,NA,NA,NA,NA,2025-06-05
SS,SSD,South Sudan,1996,NA,NA,NA,NA,2025-06-05
SS,SSD,South Sudan,1995,NA,NA,NA,NA,2025-06-05
SS,SSD,South Sudan,1994,NA,NA,NA,NA,2025-06-05
SS,SSD,South Sudan,1993,NA,NA,NA,NA,2025-06-05
SS,SSD,South Sudan,1992,NA,NA,NA,NA,2025-06-05
SS,SSD,South Sudan,1991,NA,NA,NA,NA,2025-06-05
SS,SSD,South Sudan,1990,NA,NA,NA,NA,2025-06-05
SS,SSD,South Sudan,1989,NA,NA,NA,NA,2025-06-05
SS,SSD,South Sudan,1988,NA,NA,NA,NA,2025-06-05
SS,SSD,South Sudan,1987,NA,NA,NA,NA,2025-06-05
SS,SSD,South Sudan,1986,NA,NA,NA,NA,2025-06-05
SS,SSD,South Sudan,1985,NA,NA,NA,NA,2025-06-05
SS,SSD,South Sudan,1984,NA,NA,NA,NA,2025-06-05
SS,SSD,South Sudan,1983,NA,NA,NA,NA,2025-06-05
SS,SSD,South Sudan,1982,NA,NA,NA,NA,2025-06-05
SS,SSD,South Sudan,1981,NA,NA,NA,NA,2025-06-05
SS,SSD,South Sudan,1980,NA,NA,NA,NA,2025-06-05
SS,SSD,South Sudan,1979,NA,NA,NA,NA,2025-06-05
SS,SSD,South Sudan,1978,NA,NA,NA,NA,2025-06-05
SS,SSD,South Sudan,1977,NA,NA,NA,NA,2025-06-05
SS,SSD,South Sudan,1976,NA,NA,NA,NA,2025-06-05
SS,SSD,South Sudan,1975,NA,NA,NA,NA,2025-06-05
SS,SSD,South Sudan,1974,NA,NA,NA,NA,2025-06-05
SS,SSD,South Sudan,1973,NA,NA,NA,NA,2025-06-05
SS,SSD,South Sudan,1972,NA,NA,NA,NA,2025-06-05
SS,SSD,South Sudan,1971,NA,NA,NA,NA,2025-06-05
SS,SSD,South Sudan,1970,NA,NA,NA,NA,2025-06-05
SS,SSD,South Sudan,1969,NA,NA,NA,NA,2025-06-05
SS,SSD,South Sudan,1968,NA,NA,NA,NA,2025-06-05
SS,SSD,South Sudan,1967,NA,NA,NA,NA,2025-06-05
SS,SSD,South Sudan,1966,NA,NA,NA,NA,2025-06-05
SS,SSD,South Sudan,1965,NA,NA,NA,NA,2025-06-05
SS,SSD,South Sudan,1964,NA,NA,NA,NA,2025-06-05
SS,SSD,South Sudan,1963,NA,NA,NA,NA,2025-06-05
SS,SSD,South Sudan,1962,NA,NA,NA,NA,2025-06-05
SS,SSD,South Sudan,1961,NA,NA,NA,NA,2025-06-05
SS,SSD,South Sudan,1960,NA,NA,NA,NA,2025-06-05
ES,ESP,Spain,2024,NA,NA,NA,NA,2025-06-05
ES,ESP,Spain,2023,1620090734956.89,NA,NA,NA,2025-06-05
ES,ESP,Spain,2022,1446498147749.03,NA,NA,NA,2025-06-05
ES,ESP,Spain,2021,1461244901852.69,NA,NA,NA,2025-06-05
ES,ESP,Spain,2020,1289783836971.21,NA,NA,NA,2025-06-05
ES,ESP,Spain,2019,1403496387686.27,NA,NA,NA,2025-06-05
ES,ESP,Spain,2018,1431642809327.06,NA,NA,NA,2025-06-05
ES,ESP,Spain,2017,1321754088818.83,NA,NA,NA,2025-06-05
ES,ESP,Spain,2016,1243015667917.12,NA,NA,NA,2025-06-05
ES,ESP,Spain,2015,1206164777553.12,NA,NA,NA,2025-06-05
ES,ESP,Spain,2014,1380244561361.96,NA,NA,NA,2025-06-05
ES,ESP,Spain,2013,1362186923157.65,NA,NA,NA,2025-06-05
ES,ESP,Spain,2012,1330994811670.31,NA,NA,NA,2025-06-05
ES,ESP,Spain,2011,1487568659241.25,NA,NA,NA,2025-06-05
ES,ESP,Spain,2010,1427989078916.67,NA,NA,NA,2025-06-05
ES,ESP,Spain,2009,1496587590847.66,NA,NA,NA,2025-06-05
ES,ESP,Spain,2008,1636115447612.5,NA,NA,NA,2025-06-05
ES,ESP,Spain,2007,1476746276854.51,NA,NA,NA,2025-06-05
ES,ESP,Spain,2006,1261846683275.29,NA,NA,NA,2025-06-05
ES,ESP,Spain,2005,1154667551775.88,NA,NA,NA,2025-06-05
ES,ESP,Spain,2004,1069829382514.67,NA,NA,NA,2025-06-05
ES,ESP,Spain,2003,907963217057.645,NA,NA,NA,2025-06-05
ES,ESP,Spain,2002,708938227243.923,NA,NA,NA,2025-06-05
ES,ESP,Spain,2001,627798682378.741,NA,NA,NA,2025-06-05
ES,ESP,Spain,2000,598102854756.08,NA,NA,NA,2025-06-05
ES,ESP,Spain,1999,634394904386.874,NA,NA,NA,2025-06-05
ES,ESP,Spain,1998,618731484575.12,NA,NA,NA,2025-06-05
ES,ESP,Spain,1997,589739772727.273,NA,NA,NA,2025-06-05
ES,ESP,Spain,1996,642251412058.321,NA,NA,NA,2025-06-05
ES,ESP,Spain,1995,614170002668.802,NA,NA,NA,2025-06-05
ES,ESP,Spain,1994,530183651720.283,NA,NA,NA,2025-06-05
ES,ESP,Spain,1993,524700572623.872,NA,NA,NA,2025-06-05
ES,ESP,Spain,1992,630465353486.104,NA,NA,NA,2025-06-05
ES,ESP,Spain,1991,576753902321.857,NA,NA,NA,2025-06-05
ES,ESP,Spain,1990,536175326477.31,NA,NA,NA,2025-06-05
ES,ESP,Spain,1989,414460794096.978,NA,NA,NA,2025-06-05
ES,ESP,Spain,1988,375891716897.586,NA,NA,NA,2025-06-05
ES,ESP,Spain,1987,318520253335.13,NA,NA,NA,2025-06-05
ES,ESP,Spain,1986,251141555185.933,NA,NA,NA,2025-06-05
ES,ESP,Spain,1985,180664322896.282,NA,NA,NA,2025-06-05
ES,ESP,Spain,1984,171979977230.387,NA,NA,NA,2025-06-05
ES,ESP,Spain,1983,170829074245.94,NA,NA,NA,2025-06-05
ES,ESP,Spain,1982,195856752991.065,NA,NA,NA,2025-06-05
ES,ESP,Spain,1981,202663023968.283,NA,NA,NA,2025-06-05
ES,ESP,Spain,1980,232600556973.776,NA,NA,NA,2025-06-05
ES,ESP,Spain,1979,214448666336.143,NA,NA,NA,2025-06-05
ES,ESP,Spain,1978,160484969618.056,NA,NA,NA,2025-06-05
ES,ESP,Spain,1977,132354665936.473,NA,NA,NA,2025-06-05
ES,ESP,Spain,1976,118422534195.474,NA,NA,NA,2025-06-05
ES,ESP,Spain,1975,114695060869.565,NA,NA,NA,2025-06-05
ES,ESP,Spain,1974,97204522642.0536,NA,NA,NA,2025-06-05
ES,ESP,Spain,1973,78583355225.5854,NA,NA,NA,2025-06-05
ES,ESP,Spain,1972,59090176028.993,NA,NA,NA,2025-06-05
ES,ESP,Spain,1971,46586119760.479,NA,NA,NA,2025-06-05
ES,ESP,Spain,1970,40963715236.5106,NA,NA,NA,2025-06-05
ES,ESP,Spain,1969,37090689287.8552,NA,NA,NA,2025-06-05
ES,ESP,Spain,1968,32394326463.759,NA,NA,NA,2025-06-05
ES,ESP,Spain,1967,32570905397.2885,NA,NA,NA,2025-06-05
ES,ESP,Spain,1966,29559436182.9186,NA,NA,NA,2025-06-05
ES,ESP,Spain,1965,25479619606.5284,NA,NA,NA,2025-06-05
ES,ESP,Spain,1964,21966876027.2517,NA,NA,NA,2025-06-05
ES,ESP,Spain,1963,19631714759.6491,NA,NA,NA,2025-06-05
ES,ESP,Spain,1962,16609632790.5843,NA,NA,NA,2025-06-05
ES,ESP,Spain,1961,14238126759.7335,NA,NA,NA,2025-06-05
ES,ESP,Spain,1960,12424514013.7604,NA,NA,NA,2025-06-05
LK,LKA,Sri Lanka,2024,NA,NA,NA,NA,2025-06-05
LK,LKA,Sri Lanka,2023,84356863743.6335,NA,NA,NA,2025-06-05
LK,LKA,Sri Lanka,2022,74144870023.4244,NA,NA,NA,2025-06-05
LK,LKA,Sri Lanka,2021,88609324901.9774,NA,NA,NA,2025-06-05
LK,LKA,Sri Lanka,2020,84304298770.5329,NA,NA,NA,2025-06-05
LK,LKA,Sri Lanka,2019,89014978344.1404,NA,NA,NA,2025-06-05
LK,LKA,Sri Lanka,2018,94493871200.7869,NA,NA,NA,2025-06-05
LK,LKA,Sri Lanka,2017,94376237797.2367,NA,NA,NA,2025-06-05
LK,LKA,Sri Lanka,2016,88012282205.8357,NA,NA,NA,2025-06-05
LK,LKA,Sri Lanka,2015,85140955388.8509,NA,NA,NA,2025-06-05
LK,LKA,Sri Lanka,2014,82528535713.926,NA,NA,NA,2025-06-05
LK,LKA,Sri Lanka,2013,77000578167.353,NA,NA,NA,2025-06-05
LK,LKA,Sri Lanka,2012,70447216891.3366,NA,NA,NA,2025-06-05
LK,LKA,Sri Lanka,2011,67753284043.9282,NA,NA,NA,2025-06-05
LK,LKA,Sri Lanka,2010,58636161081.712,NA,NA,NA,2025-06-05
LK,LKA,Sri Lanka,2009,42066224093.0065,NA,NA,NA,2025-06-05
LK,LKA,Sri Lanka,2008,40713826215.0093,NA,NA,NA,2025-06-05
LK,LKA,Sri Lanka,2007,32350238760.4239,NA,NA,NA,2025-06-05
LK,LKA,Sri Lanka,2006,28279802405.9138,NA,NA,NA,2025-06-05
LK,LKA,Sri Lanka,2005,24405791044.7761,NA,NA,NA,2025-06-05
LK,LKA,Sri Lanka,2004,20662525941.2985,NA,NA,NA,2025-06-05
LK,LKA,Sri Lanka,2003,18881765437.2151,NA,NA,NA,2025-06-05
LK,LKA,Sri Lanka,2002,16536535647.0834,NA,NA,NA,2025-06-05
LK,LKA,Sri Lanka,2001,15749753804.8344,NA,NA,NA,2025-06-05
LK,LKA,Sri Lanka,2000,16330814179.9766,NA,NA,NA,2025-06-05
LK,LKA,Sri Lanka,1999,15656327859.5696,NA,NA,NA,2025-06-05
LK,LKA,Sri Lanka,1998,15794972847.1683,NA,NA,NA,2025-06-05
LK,LKA,Sri Lanka,1997,15091913883.7091,NA,NA,NA,2025-06-05
LK,LKA,Sri Lanka,1996,13897738375.2488,NA,NA,NA,2025-06-05
LK,LKA,Sri Lanka,1995,13029697560.9756,NA,NA,NA,2025-06-05
LK,LKA,Sri Lanka,1994,11717604208.8223,NA,NA,NA,2025-06-05
LK,LKA,Sri Lanka,1993,10338679635.7616,NA,NA,NA,2025-06-05
LK,LKA,Sri Lanka,1992,9703011635.86585,NA,NA,NA,2025-06-05
LK,LKA,Sri Lanka,1991,9000362581.58086,NA,NA,NA,2025-06-05
LK,LKA,Sri Lanka,1990,8032551173.24014,NA,NA,NA,2025-06-05
LK,LKA,Sri Lanka,1989,6987267683.77254,NA,NA,NA,2025-06-05
LK,LKA,Sri Lanka,1988,6978371581.26375,NA,NA,NA,2025-06-05
LK,LKA,Sri Lanka,1987,6682167119.56522,NA,NA,NA,2025-06-05
LK,LKA,Sri Lanka,1986,6405210563.88294,NA,NA,NA,2025-06-05
LK,LKA,Sri Lanka,1985,5978460972.01767,NA,NA,NA,2025-06-05
LK,LKA,Sri Lanka,1984,6043474842.76729,NA,NA,NA,2025-06-05
LK,LKA,Sri Lanka,1983,5167913302.16745,NA,NA,NA,2025-06-05
LK,LKA,Sri Lanka,1982,4768765016.81884,NA,NA,NA,2025-06-05
LK,LKA,Sri Lanka,1981,4415844155.84416,NA,NA,NA,2025-06-05
LK,LKA,Sri Lanka,1980,4024621899.57653,NA,NA,NA,2025-06-05
LK,LKA,Sri Lanka,1979,3364611432.24149,NA,NA,NA,2025-06-05
LK,LKA,Sri Lanka,1978,2733183856.50224,NA,NA,NA,2025-06-05
LK,LKA,Sri Lanka,1977,4104509582.86359,NA,NA,NA,2025-06-05
LK,LKA,Sri Lanka,1976,3591319857.31272,NA,NA,NA,2025-06-05
LK,LKA,Sri Lanka,1975,3791298145.50642,NA,NA,NA,2025-06-05
LK,LKA,Sri Lanka,1974,3574586466.16541,NA,NA,NA,2025-06-05
LK,LKA,Sri Lanka,1973,2875625000,NA,NA,NA,2025-06-05
LK,LKA,Sri Lanka,1972,2553936348.40871,NA,NA,NA,2025-06-05
LK,LKA,Sri Lanka,1971,2369308600.33727,NA,NA,NA,2025-06-05
LK,LKA,Sri Lanka,1970,2296470588.23529,NA,NA,NA,2025-06-05
LK,LKA,Sri Lanka,1969,1965546218.48739,NA,NA,NA,2025-06-05
LK,LKA,Sri Lanka,1968,1801344537.81513,NA,NA,NA,2025-06-05
LK,LKA,Sri Lanka,1967,1859465020.57613,NA,NA,NA,2025-06-05
LK,LKA,Sri Lanka,1966,1751470588.23529,NA,NA,NA,2025-06-05
LK,LKA,Sri Lanka,1965,1698319327.73109,NA,NA,NA,2025-06-05
LK,LKA,Sri Lanka,1964,1309747899.15966,NA,NA,NA,2025-06-05
LK,LKA,Sri Lanka,1963,1240672268.90756,NA,NA,NA,2025-06-05
LK,LKA,Sri Lanka,1962,1434156378.60082,NA,NA,NA,2025-06-05
LK,LKA,Sri Lanka,1961,1444327731.09244,NA,NA,NA,2025-06-05
LK,LKA,Sri Lanka,1960,1409873949.57983,NA,NA,NA,2025-06-05
KN,KNA,St. Kitts and Nevis,2024,NA,NA,NA,NA,2025-06-05
KN,KNA,St. Kitts and Nevis,2023,1055499777.77778,NA,NA,NA,2025-06-05
KN,KNA,St. Kitts and Nevis,2022,981429629.62963,NA,NA,NA,2025-06-05
KN,KNA,St. Kitts and Nevis,2021,858622222.222222,NA,NA,NA,2025-06-05
KN,KNA,St. Kitts and Nevis,2020,883922222.222222,NA,NA,NA,2025-06-05
KN,KNA,St. Kitts and Nevis,2019,1107855555.55556,NA,NA,NA,2025-06-05
KN,KNA,St. Kitts and Nevis,2018,1076548148.14815,NA,NA,NA,2025-06-05
KN,KNA,St. Kitts and Nevis,2017,1056977777.77778,NA,NA,NA,2025-06-05
KN,KNA,St. Kitts and Nevis,2016,1006818518.51852,NA,NA,NA,2025-06-05
KN,KNA,St. Kitts and Nevis,2015,957222222.222222,NA,NA,NA,2025-06-05
KN,KNA,St. Kitts and Nevis,2014,952111111.111111,NA,NA,NA,2025-06-05
KN,KNA,St. Kitts and Nevis,2013,874548148.148148,NA,NA,NA,2025-06-05
KN,KNA,St. Kitts and Nevis,2012,824585185.185185,NA,NA,NA,2025-06-05
KN,KNA,St. Kitts and Nevis,2011,836092592.592593,NA,NA,NA,2025-06-05
KN,KNA,St. Kitts and Nevis,2010,778718518.518518,NA,NA,NA,2025-06-05
KN,KNA,St. Kitts and Nevis,2009,774274074.074074,NA,NA,NA,2025-06-05
KN,KNA,St. Kitts and Nevis,2008,777692592.592593,NA,NA,NA,2025-06-05
KN,KNA,St. Kitts and Nevis,2007,689285185.185185,NA,NA,NA,2025-06-05
KN,KNA,St. Kitts and Nevis,2006,644414814.814815,NA,NA,NA,2025-06-05
KN,KNA,St. Kitts and Nevis,2005,547203703.703704,NA,NA,NA,2025-06-05
KN,KNA,St. Kitts and Nevis,2004,506900000,NA,NA,NA,2025-06-05
KN,KNA,St. Kitts and Nevis,2003,469869869.86987,NA,NA,NA,2025-06-05
KN,KNA,St. Kitts and Nevis,2002,481077373.669966,NA,NA,NA,2025-06-05
KN,KNA,St. Kitts and Nevis,2001,458643829.014199,NA,NA,NA,2025-06-05
KN,KNA,St. Kitts and Nevis,2000,421695769.843918,NA,NA,NA,2025-06-05
KN,KNA,St. Kitts and Nevis,1999,406595484.373262,NA,NA,NA,2025-06-05
KN,KNA,St. Kitts and Nevis,1998,383257331.40548,NA,NA,NA,2025-06-05
KN,KNA,St. Kitts and Nevis,1997,374641307.974641,NA,NA,NA,2025-06-05
KN,KNA,St. Kitts and Nevis,1996,333944444.444444,NA,NA,NA,2025-06-05
KN,KNA,St. Kitts and Nevis,1995,313485185.185185,NA,NA,NA,2025-06-05
KN,KNA,St. Kitts and Nevis,1994,295159259.259259,NA,NA,NA,2025-06-05
KN,KNA,St. Kitts and Nevis,1993,263755555.555556,NA,NA,NA,2025-06-05
KN,KNA,St. Kitts and Nevis,1992,242137037.037037,NA,NA,NA,2025-06-05
KN,KNA,St. Kitts and Nevis,1991,220540740.740741,NA,NA,NA,2025-06-05
KN,KNA,St. Kitts and Nevis,1990,217259259.259259,NA,NA,NA,2025-06-05
KN,KNA,St. Kitts and Nevis,1989,192518518.518518,NA,NA,NA,2025-06-05
KN,KNA,St. Kitts and Nevis,1988,172692592.592593,NA,NA,NA,2025-06-05
KN,KNA,St. Kitts and Nevis,1987,147748148.148148,NA,NA,NA,2025-06-05
KN,KNA,St. Kitts and Nevis,1986,130685185.185185,NA,NA,NA,2025-06-05
KN,KNA,St. Kitts and Nevis,1985,111007407.407407,NA,NA,NA,2025-06-05
KN,KNA,St. Kitts and Nevis,1984,98603703.7037037,NA,NA,NA,2025-06-05
KN,KNA,St. Kitts and Nevis,1983,86874074.0740741,NA,NA,NA,2025-06-05
KN,KNA,St. Kitts and Nevis,1982,86022222.2222222,NA,NA,NA,2025-06-05
KN,KNA,St. Kitts and Nevis,1981,80888888.8888889,NA,NA,NA,2025-06-05
KN,KNA,St. Kitts and Nevis,1980,68459259.2592593,NA,NA,NA,2025-06-05
KN,KNA,St. Kitts and Nevis,1979,58840740.7407407,NA,NA,NA,2025-06-05
KN,KNA,St. Kitts and Nevis,1978,49433333.3333333,NA,NA,NA,2025-06-05
KN,KNA,St. Kitts and Nevis,1977,44496296.2962963,NA,NA,NA,2025-06-05
KN,KNA,St. Kitts and Nevis,1976,30095602.2944551,NA,NA,NA,2025-06-05
KN,KNA,St. Kitts and Nevis,1975,33364055.2995392,NA,NA,NA,2025-06-05
KN,KNA,St. Kitts and Nevis,1974,31514856.3078422,NA,NA,NA,2025-06-05
KN,KNA,St. Kitts and Nevis,1973,24196018.3767228,NA,NA,NA,2025-06-05
KN,KNA,St. Kitts and Nevis,1972,22944849.1155047,NA,NA,NA,2025-06-05
KN,KNA,St. Kitts and Nevis,1971,19624746.4503043,NA,NA,NA,2025-06-05
KN,KNA,St. Kitts and Nevis,1970,16300000,NA,NA,NA,2025-06-05
KN,KNA,St. Kitts and Nevis,1969,15850000,NA,NA,NA,2025-06-05
KN,KNA,St. Kitts and Nevis,1968,14600000,NA,NA,NA,2025-06-05
KN,KNA,St. Kitts and Nevis,1967,16742338.2519864,NA,NA,NA,2025-06-05
KN,KNA,St. Kitts and Nevis,1966,14469078.1796966,NA,NA,NA,2025-06-05
KN,KNA,St. Kitts and Nevis,1965,13593932.3220537,NA,NA,NA,2025-06-05
KN,KNA,St. Kitts and Nevis,1964,13416633.1250839,NA,NA,NA,2025-06-05
KN,KNA,St. Kitts and Nevis,1963,12833301.2500802,NA,NA,NA,2025-06-05
KN,KNA,St. Kitts and Nevis,1962,12541635.3125784,NA,NA,NA,2025-06-05
KN,KNA,St. Kitts and Nevis,1961,12483302.125078,NA,NA,NA,2025-06-05
KN,KNA,St. Kitts and Nevis,1960,12366635.7500773,NA,NA,NA,2025-06-05
LC,LCA,St. Lucia,2024,NA,NA,NA,NA,2025-06-05
LC,LCA,St. Lucia,2023,2430148148.14815,NA,NA,NA,2025-06-05
LC,LCA,St. Lucia,2022,2342703703.7037,NA,NA,NA,2025-06-05
LC,LCA,St. Lucia,2021,1867185185.18518,NA,NA,NA,2025-06-05
LC,LCA,St. Lucia,2020,1499296296.2963,NA,NA,NA,2025-06-05
LC,LCA,St. Lucia,2019,2095370370.37037,NA,NA,NA,2025-06-05
LC,LCA,St. Lucia,2018,2060962962.96296,NA,NA,NA,2025-06-05
LC,LCA,St. Lucia,2017,1998518518.51852,NA,NA,NA,2025-06-05
LC,LCA,St. Lucia,2016,1868555555.55556,NA,NA,NA,2025-06-05
LC,LCA,St. Lucia,2015,1807629629.62963,NA,NA,NA,2025-06-05
LC,LCA,St. Lucia,2014,1749185185.18518,NA,NA,NA,2025-06-05
LC,LCA,St. Lucia,2013,1660222222.22222,NA,NA,NA,2025-06-05
LC,LCA,St. Lucia,2012,1598207407.40741,NA,NA,NA,2025-06-05
LC,LCA,St. Lucia,2011,1568370370.37037,NA,NA,NA,2025-06-05
LC,LCA,St. Lucia,2010,1482385185.18519,NA,NA,NA,2025-06-05
LC,LCA,St. Lucia,2009,1401507888.88889,NA,NA,NA,2025-06-05
LC,LCA,St. Lucia,2008,1437731111.11111,NA,NA,NA,2025-06-05
LC,LCA,St. Lucia,2007,1336088814.81481,NA,NA,NA,2025-06-05
LC,LCA,St. Lucia,2006,1268319185.18519,NA,NA,NA,2025-06-05
LC,LCA,St. Lucia,2005,1135555555.55556,NA,NA,NA,2025-06-05
LC,LCA,St. Lucia,2004,1066666666.66667,NA,NA,NA,2025-06-05
LC,LCA,St. Lucia,2003,987407407.407407,NA,NA,NA,2025-06-05
LC,LCA,St. Lucia,2002,900000000,NA,NA,NA,2025-06-05
LC,LCA,St. Lucia,2001,892592592.592592,NA,NA,NA,2025-06-05
LC,LCA,St. Lucia,2000,932592592.592592,NA,NA,NA,2025-06-05
LC,LCA,St. Lucia,1999,921851851.851852,NA,NA,NA,2025-06-05
LC,LCA,St. Lucia,1998,877407407.407407,NA,NA,NA,2025-06-05
LC,LCA,St. Lucia,1997,805925925.925926,NA,NA,NA,2025-06-05
LC,LCA,St. Lucia,1996,788888888.888889,NA,NA,NA,2025-06-05
LC,LCA,St. Lucia,1995,762962962.962963,NA,NA,NA,2025-06-05
LC,LCA,St. Lucia,1994,713703703.703704,NA,NA,NA,2025-06-05
LC,LCA,St. Lucia,1993,684814814.814815,NA,NA,NA,2025-06-05
LC,LCA,St. Lucia,1992,674074074.074074,NA,NA,NA,2025-06-05
LC,LCA,St. Lucia,1991,613703703.703704,NA,NA,NA,2025-06-05
LC,LCA,St. Lucia,1990,579629629.62963,NA,NA,NA,2025-06-05
LC,LCA,St. Lucia,1989,486666666.666667,NA,NA,NA,2025-06-05
LC,LCA,St. Lucia,1988,429629629.62963,NA,NA,NA,2025-06-05
LC,LCA,St. Lucia,1987,375555555.555556,NA,NA,NA,2025-06-05
LC,LCA,St. Lucia,1986,340000000,NA,NA,NA,2025-06-05
LC,LCA,St. Lucia,1985,284444444.444444,NA,NA,NA,2025-06-05
LC,LCA,St. Lucia,1984,251481481.481481,NA,NA,NA,2025-06-05
LC,LCA,St. Lucia,1983,197037037.037037,NA,NA,NA,2025-06-05
LC,LCA,St. Lucia,1982,183333333.333333,NA,NA,NA,2025-06-05
LC,LCA,St. Lucia,1981,194444444.444444,NA,NA,NA,2025-06-05
LC,LCA,St. Lucia,1980,170370370.37037,NA,NA,NA,2025-06-05
LC,LCA,St. Lucia,1979,NA,NA,NA,NA,2025-06-05
LC,LCA,St. Lucia,1978,NA,NA,NA,NA,2025-06-05
LC,LCA,St. Lucia,1977,NA,NA,NA,NA,2025-06-05
LC,LCA,St. Lucia,1976,NA,NA,NA,NA,2025-06-05
LC,LCA,St. Lucia,1975,NA,NA,NA,NA,2025-06-05
LC,LCA,St. Lucia,1974,NA,NA,NA,NA,2025-06-05
LC,LCA,St. Lucia,1973,NA,NA,NA,NA,2025-06-05
LC,LCA,St. Lucia,1972,NA,NA,NA,NA,2025-06-05
LC,LCA,St. Lucia,1971,NA,NA,NA,NA,2025-06-05
LC,LCA,St. Lucia,1970,NA,NA,NA,NA,2025-06-05
LC,LCA,St. Lucia,1969,NA,NA,NA,NA,2025-06-05
LC,LCA,St. Lucia,1968,NA,NA,NA,NA,2025-06-05
LC,LCA,St. Lucia,1967,NA,NA,NA,NA,2025-06-05
LC,LCA,St. Lucia,1966,NA,NA,NA,NA,2025-06-05
LC,LCA,St. Lucia,1965,NA,NA,NA,NA,2025-06-05
LC,LCA,St. Lucia,1964,NA,NA,NA,NA,2025-06-05
LC,LCA,St. Lucia,1963,NA,NA,NA,NA,2025-06-05
LC,LCA,St. Lucia,1962,NA,NA,NA,NA,2025-06-05
LC,LCA,St. Lucia,1961,NA,NA,NA,NA,2025-06-05
LC,LCA,St. Lucia,1960,NA,NA,NA,NA,2025-06-05
MF,MAF,St. Martin (French part),2024,NA,NA,NA,NA,2025-06-05
MF,MAF,St. Martin (French part),2023,NA,NA,NA,NA,2025-06-05
MF,MAF,St. Martin (French part),2022,NA,NA,NA,NA,2025-06-05
MF,MAF,St. Martin (French part),2021,649206262.847519,NA,NA,NA,2025-06-05
MF,MAF,St. Martin (French part),2020,NA,NA,NA,NA,2025-06-05
MF,MAF,St. Martin (French part),2019,652206037.103874,NA,NA,NA,2025-06-05
MF,MAF,St. Martin (French part),2018,NA,NA,NA,NA,2025-06-05
MF,MAF,St. Martin (French part),2017,NA,NA,NA,NA,2025-06-05
MF,MAF,St. Martin (French part),2016,NA,NA,NA,NA,2025-06-05
MF,MAF,St. Martin (French part),2015,NA,NA,NA,NA,2025-06-05
MF,MAF,St. Martin (French part),2014,772921958.529509,NA,NA,NA,2025-06-05
MF,MAF,St. Martin (French part),2013,NA,NA,NA,NA,2025-06-05
MF,MAF,St. Martin (French part),2012,NA,NA,NA,NA,2025-06-05
MF,MAF,St. Martin (French part),2011,775875748.523832,NA,NA,NA,2025-06-05
MF,MAF,St. Martin (French part),2010,NA,NA,NA,NA,2025-06-05
MF,MAF,St. Martin (French part),2009,NA,NA,NA,NA,2025-06-05
MF,MAF,St. Martin (French part),2008,NA,NA,NA,NA,2025-06-05
MF,MAF,St. Martin (French part),2007,NA,NA,NA,NA,2025-06-05
MF,MAF,St. Martin (French part),2006,NA,NA,NA,NA,2025-06-05
MF,MAF,St. Martin (French part),2005,NA,NA,NA,NA,2025-06-05
MF,MAF,St. Martin (French part),2004,NA,NA,NA,NA,2025-06-05
MF,MAF,St. Martin (French part),2003,NA,NA,NA,NA,2025-06-05
MF,MAF,St. Martin (French part),2002,NA,NA,NA,NA,2025-06-05
MF,MAF,St. Martin (French part),2001,NA,NA,NA,NA,2025-06-05
MF,MAF,St. Martin (French part),2000,NA,NA,NA,NA,2025-06-05
MF,MAF,St. Martin (French part),1999,NA,NA,NA,NA,2025-06-05
MF,MAF,St. Martin (French part),1998,NA,NA,NA,NA,2025-06-05
MF,MAF,St. Martin (French part),1997,NA,NA,NA,NA,2025-06-05
MF,MAF,St. Martin (French part),1996,NA,NA,NA,NA,2025-06-05
MF,MAF,St. Martin (French part),1995,NA,NA,NA,NA,2025-06-05
MF,MAF,St. Martin (French part),1994,NA,NA,NA,NA,2025-06-05
MF,MAF,St. Martin (French part),1993,NA,NA,NA,NA,2025-06-05
MF,MAF,St. Martin (French part),1992,NA,NA,NA,NA,2025-06-05
MF,MAF,St. Martin (French part),1991,NA,NA,NA,NA,2025-06-05
MF,MAF,St. Martin (French part),1990,NA,NA,NA,NA,2025-06-05
MF,MAF,St. Martin (French part),1989,NA,NA,NA,NA,2025-06-05
MF,MAF,St. Martin (French part),1988,NA,NA,NA,NA,2025-06-05
MF,MAF,St. Martin (French part),1987,NA,NA,NA,NA,2025-06-05
MF,MAF,St. Martin (French part),1986,NA,NA,NA,NA,2025-06-05
MF,MAF,St. Martin (French part),1985,NA,NA,NA,NA,2025-06-05
MF,MAF,St. Martin (French part),1984,NA,NA,NA,NA,2025-06-05
MF,MAF,St. Martin (French part),1983,NA,NA,NA,NA,2025-06-05
MF,MAF,St. Martin (French part),1982,NA,NA,NA,NA,2025-06-05
MF,MAF,St. Martin (French part),1981,NA,NA,NA,NA,2025-06-05
MF,MAF,St. Martin (French part),1980,NA,NA,NA,NA,2025-06-05
MF,MAF,St. Martin (French part),1979,NA,NA,NA,NA,2025-06-05
MF,MAF,St. Martin (French part),1978,NA,NA,NA,NA,2025-06-05
MF,MAF,St. Martin (French part),1977,NA,NA,NA,NA,2025-06-05
MF,MAF,St. Martin (French part),1976,NA,NA,NA,NA,2025-06-05
MF,MAF,St. Martin (French part),1975,NA,NA,NA,NA,2025-06-05
MF,MAF,St. Martin (French part),1974,NA,NA,NA,NA,2025-06-05
MF,MAF,St. Martin (French part),1973,NA,NA,NA,NA,2025-06-05
MF,MAF,St. Martin (French part),1972,NA,NA,NA,NA,2025-06-05
MF,MAF,St. Martin (French part),1971,NA,NA,NA,NA,2025-06-05
MF,MAF,St. Martin (French part),1970,NA,NA,NA,NA,2025-06-05
MF,MAF,St. Martin (French part),1969,NA,NA,NA,NA,2025-06-05
MF,MAF,St. Martin (French part),1968,NA,NA,NA,NA,2025-06-05
MF,MAF,St. Martin (French part),1967,NA,NA,NA,NA,2025-06-05
MF,MAF,St. Martin (French part),1966,NA,NA,NA,NA,2025-06-05
MF,MAF,St. Martin (French part),1965,NA,NA,NA,NA,2025-06-05
MF,MAF,St. Martin (French part),1964,NA,NA,NA,NA,2025-06-05
MF,MAF,St. Martin (French part),1963,NA,NA,NA,NA,2025-06-05
MF,MAF,St. Martin (French part),1962,NA,NA,NA,NA,2025-06-05
MF,MAF,St. Martin (French part),1961,NA,NA,NA,NA,2025-06-05
MF,MAF,St. Martin (French part),1960,NA,NA,NA,NA,2025-06-05
VC,VCT,St. Vincent and the Grenadines,2024,NA,NA,NA,NA,2025-06-05
VC,VCT,St. Vincent and the Grenadines,2023,1065962962.96296,NA,NA,NA,2025-06-05
VC,VCT,St. Vincent and the Grenadines,2022,966492592.592592,NA,NA,NA,2025-06-05
VC,VCT,St. Vincent and the Grenadines,2021,872225925.925926,NA,NA,NA,2025-06-05
VC,VCT,St. Vincent and the Grenadines,2020,869111111.111111,NA,NA,NA,2025-06-05
VC,VCT,St. Vincent and the Grenadines,2019,910766666.666667,NA,NA,NA,2025-06-05
VC,VCT,St. Vincent and the Grenadines,2018,884329629.62963,NA,NA,NA,2025-06-05
VC,VCT,St. Vincent and the Grenadines,2017,844040740.740741,NA,NA,NA,2025-06-05
VC,VCT,St. Vincent and the Grenadines,2016,814303703.703704,NA,NA,NA,2025-06-05
VC,VCT,St. Vincent and the Grenadines,2015,786555555.555555,NA,NA,NA,2025-06-05
VC,VCT,St. Vincent and the Grenadines,2014,770900000,NA,NA,NA,2025-06-05
VC,VCT,St. Vincent and the Grenadines,2013,764781259.259259,NA,NA,NA,2025-06-05
VC,VCT,St. Vincent and the Grenadines,2012,730032592.592593,NA,NA,NA,2025-06-05
VC,VCT,St. Vincent and the Grenadines,2011,713796370.37037,NA,NA,NA,2025-06-05
VC,VCT,St. Vincent and the Grenadines,2010,720447888.888889,NA,NA,NA,2025-06-05
VC,VCT,St. Vincent and the Grenadines,2009,714300259.259259,NA,NA,NA,2025-06-05
VC,VCT,St. Vincent and the Grenadines,2008,732663259.259259,NA,NA,NA,2025-06-05
VC,VCT,St. Vincent and the Grenadines,2007,713596666.666667,NA,NA,NA,2025-06-05
VC,VCT,St. Vincent and the Grenadines,2006,643501148.148148,NA,NA,NA,2025-06-05
VC,VCT,St. Vincent and the Grenadines,2005,579948925.925926,NA,NA,NA,2025-06-05
VC,VCT,St. Vincent and the Grenadines,2004,549900185.185185,NA,NA,NA,2025-06-05
VC,VCT,St. Vincent and the Grenadines,2003,509090888.888889,NA,NA,NA,2025-06-05
VC,VCT,St. Vincent and the Grenadines,2002,487763851.851852,NA,NA,NA,2025-06-05
VC,VCT,St. Vincent and the Grenadines,2001,462072333.333333,NA,NA,NA,2025-06-05
VC,VCT,St. Vincent and the Grenadines,2000,427946037.037037,NA,NA,NA,2025-06-05
VC,VCT,St. Vincent and the Grenadines,1999,390718518.518519,NA,NA,NA,2025-06-05
VC,VCT,St. Vincent and the Grenadines,1998,373618518.518519,NA,NA,NA,2025-06-05
VC,VCT,St. Vincent and the Grenadines,1997,347770370.37037,NA,NA,NA,2025-06-05
VC,VCT,St. Vincent and the Grenadines,1996,331488888.888889,NA,NA,NA,2025-06-05
VC,VCT,St. Vincent and the Grenadines,1995,316007407.407407,NA,NA,NA,2025-06-05
VC,VCT,St. Vincent and the Grenadines,1994,289437037.037037,NA,NA,NA,2025-06-05
VC,VCT,St. Vincent and the Grenadines,1993,286307407.407407,NA,NA,NA,2025-06-05
VC,VCT,St. Vincent and the Grenadines,1992,277955555.555556,NA,NA,NA,2025-06-05
VC,VCT,St. Vincent and the Grenadines,1991,254829629.62963,NA,NA,NA,2025-06-05
VC,VCT,St. Vincent and the Grenadines,1990,240366666.666667,NA,NA,NA,2025-06-05
VC,VCT,St. Vincent and the Grenadines,1989,214745002.222222,NA,NA,NA,2025-06-05
VC,VCT,St. Vincent and the Grenadines,1988,200726712.592593,NA,NA,NA,2025-06-05
VC,VCT,St. Vincent and the Grenadines,1987,175580647.407407,NA,NA,NA,2025-06-05
VC,VCT,St. Vincent and the Grenadines,1986,160846656.666667,NA,NA,NA,2025-06-05
VC,VCT,St. Vincent and the Grenadines,1985,145641705.185185,NA,NA,NA,2025-06-05
VC,VCT,St. Vincent and the Grenadines,1984,135024987.777778,NA,NA,NA,2025-06-05
VC,VCT,St. Vincent and the Grenadines,1983,122255349.62963,NA,NA,NA,2025-06-05
VC,VCT,St. Vincent and the Grenadines,1982,113759203.333333,NA,NA,NA,2025-06-05
VC,VCT,St. Vincent and the Grenadines,1981,102086539.259259,NA,NA,NA,2025-06-05
VC,VCT,St. Vincent and the Grenadines,1980,82340339.6296296,NA,NA,NA,2025-06-05
VC,VCT,St. Vincent and the Grenadines,1979,71096359.6296296,NA,NA,NA,2025-06-05
VC,VCT,St. Vincent and the Grenadines,1978,60844771.4814815,NA,NA,NA,2025-06-05
VC,VCT,St. Vincent and the Grenadines,1977,49353161.8518519,NA,NA,NA,2025-06-05
VC,VCT,St. Vincent and the Grenadines,1976,32792844.6829448,NA,NA,NA,2025-06-05
VC,VCT,St. Vincent and the Grenadines,1975,33237225.9880652,NA,NA,NA,2025-06-05
VC,VCT,St. Vincent and the Grenadines,1974,32923702.7281866,NA,NA,NA,2025-06-05
VC,VCT,St. Vincent and the Grenadines,1973,30165081.0858817,NA,NA,NA,2025-06-05
VC,VCT,St. Vincent and the Grenadines,1972,27585804.8653032,NA,NA,NA,2025-06-05
VC,VCT,St. Vincent and the Grenadines,1971,20051922.3261445,NA,NA,NA,2025-06-05
VC,VCT,St. Vincent and the Grenadines,1970,18450000,NA,NA,NA,2025-06-05
VC,VCT,St. Vincent and the Grenadines,1969,16650000,NA,NA,NA,2025-06-05
VC,VCT,St. Vincent and the Grenadines,1968,15350000,NA,NA,NA,2025-06-05
VC,VCT,St. Vincent and the Grenadines,1967,15835106.0327781,NA,NA,NA,2025-06-05
VC,VCT,St. Vincent and the Grenadines,1966,16099959.7501006,NA,NA,NA,2025-06-05
VC,VCT,St. Vincent and the Grenadines,1965,15108295.5625944,NA,NA,NA,2025-06-05
VC,VCT,St. Vincent and the Grenadines,1964,14758296.4375922,NA,NA,NA,2025-06-05
VC,VCT,St. Vincent and the Grenadines,1963,13708299.0625857,NA,NA,NA,2025-06-05
VC,VCT,St. Vincent and the Grenadines,1962,14524963.6875908,NA,NA,NA,2025-06-05
VC,VCT,St. Vincent and the Grenadines,1961,13999965.0000875,NA,NA,NA,2025-06-05
VC,VCT,St. Vincent and the Grenadines,1960,13066634.0000817,NA,NA,NA,2025-06-05
SD,SDN,Sudan,2024,NA,NA,NA,NA,2025-06-05
SD,SDN,Sudan,2023,109265503110.904,NA,NA,NA,2025-06-05
SD,SDN,Sudan,2022,51666875363.0963,NA,NA,NA,2025-06-05
SD,SDN,Sudan,2021,34229513774.9936,NA,NA,NA,2025-06-05
SD,SDN,Sudan,2020,27034593750,NA,NA,NA,2025-06-05
SD,SDN,Sudan,2019,32338079165.2893,NA,NA,NA,2025-06-05
SD,SDN,Sudan,2018,32333780383.2924,NA,NA,NA,2025-06-05
SD,SDN,Sudan,2017,41283617976.1905,NA,NA,NA,2025-06-05
SD,SDN,Sudan,2016,42630376000,NA,NA,NA,2025-06-05
SD,SDN,Sudan,2015,51726758676.7677,NA,NA,NA,2025-06-05
SD,SDN,Sudan,2014,49516748617.9775,NA,NA,NA,2025-06-05
SD,SDN,Sudan,2013,43024018082.1918,NA,NA,NA,2025-06-05
SD,SDN,Sudan,2012,37632919966.6667,NA,NA,NA,2025-06-05
SD,SDN,Sudan,2011,55018567210.5263,NA,NA,"Excludes South Sudan after July 9, 2011.",2025-06-05
SD,SDN,Sudan,2010,58962978034.4828,NA,NA,NA,2025-06-05
SD,SDN,Sudan,2009,51621044076.9231,NA,NA,NA,2025-06-05
SD,SDN,Sudan,2008,64833083257.1431,NA,NA,NA,2025-06-05
SD,SDN,Sudan,2007,59440139774.8128,NA,NA,NA,2025-06-05
SD,SDN,Sudan,2006,45263831634.1497,NA,NA,NA,2025-06-05
SD,SDN,Sudan,2005,35182711987.974,NA,NA,NA,2025-06-05
SD,SDN,Sudan,2004,26646007250.7319,NA,NA,NA,2025-06-05
SD,SDN,Sudan,2003,21355298459.5955,NA,NA,NA,2025-06-05
SD,SDN,Sudan,2002,18137128388.3606,NA,NA,NA,2025-06-05
SD,SDN,Sudan,2001,15716361792.1926,NA,NA,NA,2025-06-05
SD,SDN,Sudan,2000,12257299147.2936,NA,NA,NA,2025-06-05
SD,SDN,Sudan,1999,10682028339.6898,NA,NA,NA,2025-06-05
SD,SDN,Sudan,1998,11250221536.7484,NA,NA,NA,2025-06-05
SD,SDN,Sudan,1997,11681175864.3383,NA,NA,NA,2025-06-05
SD,SDN,Sudan,1996,9018300724.66086,NA,NA,NA,2025-06-05
SD,SDN,Sudan,1995,13830369852.313,NA,NA,NA,2025-06-05
SD,SDN,Sudan,1994,12793798418.3843,NA,NA,NA,2025-06-05
SD,SDN,Sudan,1993,8881010081.24942,NA,NA,NA,2025-06-05
SD,SDN,Sudan,1992,7031933491.84899,NA,NA,NA,2025-06-05
SD,SDN,Sudan,1991,44171194366.2039,NA,NA,NA,2025-06-05
SD,SDN,Sudan,1990,33641222222.2222,NA,NA,NA,2025-06-05
SD,SDN,Sudan,1989,21408111111.1111,NA,NA,NA,2025-06-05
SD,SDN,Sudan,1988,14372555555.5556,NA,NA,NA,2025-06-05
SD,SDN,Sudan,1987,12093333333.3333,NA,NA,NA,2025-06-05
SD,SDN,Sudan,1986,10092200000,NA,NA,NA,2025-06-05
SD,SDN,Sudan,1985,8075259600.3398,NA,NA,NA,2025-06-05
SD,SDN,Sudan,1984,10447615384.6154,NA,NA,NA,2025-06-05
SD,SDN,Sudan,1983,8230153846.15385,NA,NA,NA,2025-06-05
SD,SDN,Sudan,1982,8732542273.73424,NA,NA,NA,2025-06-05
SD,SDN,Sudan,1981,10753888154.2798,NA,NA,NA,2025-06-05
SD,SDN,Sudan,1980,8951800000,NA,NA,NA,2025-06-05
SD,SDN,Sudan,1979,8418407786.60599,NA,NA,NA,2025-06-05
SD,SDN,Sudan,1978,8128719315.0792,NA,NA,NA,2025-06-05
SD,SDN,Sudan,1977,7499005639.37649,NA,NA,NA,2025-06-05
SD,SDN,Sudan,1976,6013210815.66115,NA,NA,NA,2025-06-05
SD,SDN,Sudan,1975,4823090191.91008,NA,NA,NA,2025-06-05
SD,SDN,Sudan,1974,3958931659.84759,NA,NA,NA,2025-06-05
SD,SDN,Sudan,1973,3077254460.30228,NA,NA,NA,2025-06-05
SD,SDN,Sudan,1972,2483055722.23738,NA,NA,NA,2025-06-05
SD,SDN,Sudan,1971,2288340041.03486,NA,NA,NA,2025-06-05
SD,SDN,Sudan,1970,2100229759.04718,NA,NA,NA,2025-06-05
SD,SDN,Sudan,1969,1847501441.26221,NA,NA,NA,2025-06-05
SD,SDN,Sudan,1968,1677771400.56798,NA,NA,NA,2025-06-05
SD,SDN,Sudan,1967,1607409539.36648,NA,NA,NA,2025-06-05
SD,SDN,Sudan,1966,1484491675.71652,NA,NA,NA,2025-06-05
SD,SDN,Sudan,1965,1446869619.31898,NA,NA,NA,2025-06-05
SD,SDN,Sudan,1964,1388282600.1961,NA,NA,NA,2025-06-05
SD,SDN,Sudan,1963,1351234926.33899,NA,NA,NA,2025-06-05
SD,SDN,Sudan,1962,1328259624.72217,NA,NA,NA,2025-06-05
SD,SDN,Sudan,1961,1222860428.55503,NA,NA,NA,2025-06-05
SD,SDN,Sudan,1960,1126364161.7644,NA,NA,NA,2025-06-05
SR,SUR,Suriname,2024,NA,NA,NA,NA,2025-06-05
SR,SUR,Suriname,2023,3455146280.83975,NA,NA,NA,2025-06-05
SR,SUR,Suriname,2022,3791603200.0259,NA,NA,NA,2025-06-05
SR,SUR,Suriname,2021,3107923197.96954,NA,NA,NA,2025-06-05
SR,SUR,Suriname,2020,2911807496.20227,NA,NA,NA,2025-06-05
SR,SUR,Suriname,2019,4016040575.08796,NA,NA,NA,2025-06-05
SR,SUR,Suriname,2018,3996198866.57453,NA,NA,NA,2025-06-05
SR,SUR,Suriname,2017,3591679430.99988,NA,NA,NA,2025-06-05
SR,SUR,Suriname,2016,3317421648.09918,NA,NA,NA,2025-06-05
SR,SUR,Suriname,2015,5126237646.22072,NA,NA,NA,2025-06-05
SR,SUR,Suriname,2014,5240606060.60606,NA,NA,NA,2025-06-05
SR,SUR,Suriname,2013,5145757575.75758,NA,NA,NA,2025-06-05
SR,SUR,Suriname,2012,4980000000,NA,NA,NA,2025-06-05
SR,SUR,Suriname,2011,4422276621.78703,NA,NA,NA,2025-06-05
SR,SUR,Suriname,2010,4368370997.92126,NA,NA,NA,2025-06-05
SR,SUR,Suriname,2009,3875409836.06557,NA,NA,NA,2025-06-05
SR,SUR,Suriname,2008,3532969034.60838,NA,NA,NA,2025-06-05
SR,SUR,Suriname,2007,2936612021.85792,NA,NA,NA,2025-06-05
SR,SUR,Suriname,2006,2626380435.17877,NA,NA,NA,2025-06-05
SR,SUR,Suriname,2005,1793410397.38738,NA,NA,NA,2025-06-05
SR,SUR,Suriname,2004,1484092538.40527,NA,NA,NA,2025-06-05
SR,SUR,Suriname,2003,1274190311.41869,NA,NA,NA,2025-06-05
SR,SUR,Suriname,2002,1093574468.08511,NA,NA,NA,2025-06-05
SR,SUR,Suriname,2001,834279357.798165,NA,NA,NA,2025-06-05
SR,SUR,Suriname,2000,947671969.69697,NA,NA,NA,2025-06-05
SR,SUR,Suriname,1999,886290697.674419,NA,NA,NA,2025-06-05
SR,SUR,Suriname,1998,1110850000,NA,NA,NA,2025-06-05
SR,SUR,Suriname,1997,926422500,NA,NA,NA,2025-06-05
SR,SUR,Suriname,1996,861372806.2082,NA,NA,NA,2025-06-05
SR,SUR,Suriname,1995,691590497.737557,NA,NA,NA,2025-06-05
SR,SUR,Suriname,1994,605492537.313433,NA,NA,NA,2025-06-05
SR,SUR,Suriname,1993,428764705.882353,NA,NA,NA,2025-06-05
SR,SUR,Suriname,1992,404600000,NA,NA,NA,2025-06-05
SR,SUR,Suriname,1991,448100000,NA,NA,NA,2025-06-05
SR,SUR,Suriname,1990,388400000,NA,NA,NA,2025-06-05
SR,SUR,Suriname,1989,542600000,NA,NA,NA,2025-06-05
SR,SUR,Suriname,1988,1161000000,NA,NA,NA,2025-06-05
SR,SUR,Suriname,1987,980000000,NA,NA,NA,2025-06-05
SR,SUR,Suriname,1986,891000000,NA,NA,NA,2025-06-05
SR,SUR,Suriname,1985,873000000,NA,NA,NA,2025-06-05
SR,SUR,Suriname,1984,864000000,NA,NA,NA,2025-06-05
SR,SUR,Suriname,1983,883500000,NA,NA,NA,2025-06-05
SR,SUR,Suriname,1982,915000000,NA,NA,NA,2025-06-05
SR,SUR,Suriname,1981,889000000,NA,NA,NA,2025-06-05
SR,SUR,Suriname,1980,795000000,NA,NA,NA,2025-06-05
SR,SUR,Suriname,1979,782500000,NA,NA,NA,2025-06-05
SR,SUR,Suriname,1978,735500000,NA,NA,NA,2025-06-05
SR,SUR,Suriname,1977,641500000,NA,NA,NA,2025-06-05
SR,SUR,Suriname,1976,505500000,NA,NA,NA,2025-06-05
SR,SUR,Suriname,1975,465500000,NA,NA,NA,2025-06-05
SR,SUR,Suriname,1974,409850000,NA,NA,NA,2025-06-05
SR,SUR,Suriname,1973,339450000,NA,NA,NA,2025-06-05
SR,SUR,Suriname,1972,311950000,NA,NA,NA,2025-06-05
SR,SUR,Suriname,1971,301000000,NA,NA,NA,2025-06-05
SR,SUR,Suriname,1970,274900000,NA,NA,NA,2025-06-05
SR,SUR,Suriname,1969,259650000,NA,NA,NA,2025-06-05
SR,SUR,Suriname,1968,241350000,NA,NA,NA,2025-06-05
SR,SUR,Suriname,1967,220700000,NA,NA,NA,2025-06-05
SR,SUR,Suriname,1966,190350000,NA,NA,NA,2025-06-05
SR,SUR,Suriname,1965,154150000,NA,NA,NA,2025-06-05
SR,SUR,Suriname,1964,134400000,NA,NA,NA,2025-06-05
SR,SUR,Suriname,1963,125950000,NA,NA,NA,2025-06-05
SR,SUR,Suriname,1962,116150000,NA,NA,NA,2025-06-05
SR,SUR,Suriname,1961,107700000,NA,NA,NA,2025-06-05
SR,SUR,Suriname,1960,99650000,NA,NA,NA,2025-06-05
SE,SWE,Sweden,2024,NA,NA,NA,NA,2025-06-05
SE,SWE,Sweden,2023,584960475767.32,NA,NA,NA,2025-06-05
SE,SWE,Sweden,2022,579895717343.956,NA,NA,NA,2025-06-05
SE,SWE,Sweden,2021,637186904843.636,NA,NA,NA,2025-06-05
SE,SWE,Sweden,2020,545147614972.141,NA,NA,NA,2025-06-05
SE,SWE,Sweden,2019,532169294165.94,NA,NA,NA,2025-06-05
SE,SWE,Sweden,2018,551312498430.164,NA,NA,NA,2025-06-05
SE,SWE,Sweden,2017,536083940228.684,NA,NA,NA,2025-06-05
SE,SWE,Sweden,2016,514218206628.325,NA,NA,NA,2025-06-05
SE,SWE,Sweden,2015,501698263620.663,NA,NA,NA,2025-06-05
SE,SWE,Sweden,2014,577730245154.162,NA,NA,NA,2025-06-05
SE,SWE,Sweden,2013,584128116410.29,NA,NA,NA,2025-06-05
SE,SWE,Sweden,2012,549742183874.355,NA,NA,NA,2025-06-05
SE,SWE,Sweden,2011,570541353128.724,NA,NA,NA,2025-06-05
SE,SWE,Sweden,2010,492753255885.718,NA,NA,NA,2025-06-05
SE,SWE,Sweden,2009,434313804907.366,NA,NA,NA,2025-06-05
SE,SWE,Sweden,2008,514616528348.834,NA,NA,NA,2025-06-05
SE,SWE,Sweden,2007,490050156832.574,NA,NA,NA,2025-06-05
SE,SWE,Sweden,2006,422530427475.536,NA,NA,NA,2025-06-05
SE,SWE,Sweden,2005,391690329314.475,NA,NA,NA,2025-06-05
SE,SWE,Sweden,2004,384547211147.247,NA,NA,NA,2025-06-05
SE,SWE,Sweden,2003,334074051172.972,NA,NA,NA,2025-06-05
SE,SWE,Sweden,2002,267373345246.531,NA,NA,NA,2025-06-05
SE,SWE,Sweden,2001,242499249692.616,NA,NA,NA,2025-06-05
SE,SWE,Sweden,2000,262905197441.662,NA,NA,NA,2025-06-05
SE,SWE,Sweden,1999,274320415375.678,NA,NA,NA,2025-06-05
SE,SWE,Sweden,1998,270889570937.999,NA,NA,NA,2025-06-05
SE,SWE,Sweden,1997,268251974485.586,NA,NA,NA,2025-06-05
SE,SWE,Sweden,1996,291952430659.111,NA,NA,NA,2025-06-05
SE,SWE,Sweden,1995,267052836695.499,NA,NA,NA,2025-06-05
SE,SWE,Sweden,1994,228701658890.617,NA,NA,NA,2025-06-05
SE,SWE,Sweden,1993,212647043708.405,NA,NA,NA,2025-06-05
SE,SWE,Sweden,1992,283912173666.678,NA,NA,NA,2025-06-05
SE,SWE,Sweden,1991,273834608019.843,NA,NA,NA,2025-06-05
SE,SWE,Sweden,1990,261469578630.804,NA,NA,NA,2025-06-05
SE,SWE,Sweden,1989,217634838449.487,NA,NA,NA,2025-06-05
SE,SWE,Sweden,1988,206688963474.344,NA,NA,NA,2025-06-05
SE,SWE,Sweden,1987,182746413790.928,NA,NA,NA,2025-06-05
SE,SWE,Sweden,1986,150281594980.066,NA,NA,NA,2025-06-05
SE,SWE,Sweden,1985,113959392484.803,NA,NA,NA,2025-06-05
SE,SWE,Sweden,1984,109044297250.901,NA,NA,NA,2025-06-05
SE,SWE,Sweden,1983,104863313508.367,NA,NA,NA,2025-06-05
SE,SWE,Sweden,1982,114216043039.506,NA,NA,NA,2025-06-05
SE,SWE,Sweden,1981,129500408223.723,NA,NA,NA,2025-06-05
SE,SWE,Sweden,1980,141887695763.193,NA,NA,NA,2025-06-05
SE,SWE,Sweden,1979,123208942175.363,NA,NA,NA,2025-06-05
SE,SWE,Sweden,1978,104292130795.618,NA,NA,NA,2025-06-05
SE,SWE,Sweden,1977,94332865494.4663,NA,NA,NA,2025-06-05
SE,SWE,Sweden,1976,89233541403.6135,NA,NA,NA,2025-06-05
SE,SWE,Sweden,1975,82766182746.4958,NA,NA,NA,2025-06-05
SE,SWE,Sweden,1974,65918391224.0393,NA,NA,NA,2025-06-05
SE,SWE,Sweden,1973,59319523962.1734,NA,NA,NA,2025-06-05
SE,SWE,Sweden,1972,48883734671.5941,NA,NA,NA,2025-06-05
SE,SWE,Sweden,1971,41506627519.0698,NA,NA,NA,2025-06-05
SE,SWE,Sweden,1970,38037663341.8387,NA,NA,NA,2025-06-05
SE,SWE,Sweden,1969,33967691454.3683,NA,NA,NA,2025-06-05
SE,SWE,Sweden,1968,31278230633.5785,NA,NA,NA,2025-06-05
SE,SWE,Sweden,1967,29475219787.244,NA,NA,NA,2025-06-05
SE,SWE,Sweden,1966,27155028519.9472,NA,NA,NA,2025-06-05
SE,SWE,Sweden,1965,24964233890.5922,NA,NA,NA,2025-06-05
SE,SWE,Sweden,1964,22685750575.2235,NA,NA,NA,2025-06-05
SE,SWE,Sweden,1963,20342365392.2225,NA,NA,NA,2025-06-05
SE,SWE,Sweden,1962,18794282716.8476,NA,NA,NA,2025-06-05
SE,SWE,Sweden,1961,17329819493.9904,NA,NA,NA,2025-06-05
SE,SWE,Sweden,1960,15930258332.069,NA,NA,NA,2025-06-05
CH,CHE,Switzerland,2024,NA,NA,NA,NA,2025-06-05
CH,CHE,Switzerland,2023,884940402230.409,NA,NA,NA,2025-06-05
CH,CHE,Switzerland,2022,818426550206.45,NA,NA,NA,2025-06-05
CH,CHE,Switzerland,2021,813408787222.499,NA,NA,NA,2025-06-05
CH,CHE,Switzerland,2020,741999406005.627,NA,NA,NA,2025-06-05
CH,CHE,Switzerland,2019,721369112726.724,NA,NA,NA,2025-06-05
CH,CHE,Switzerland,2018,725568717468.001,NA,NA,NA,2025-06-05
CH,CHE,Switzerland,2017,695200833086.499,NA,NA,NA,2025-06-05
CH,CHE,Switzerland,2016,687895460902.713,NA,NA,NA,2025-06-05
CH,CHE,Switzerland,2015,694118186379.628,NA,NA,NA,2025-06-05
CH,CHE,Switzerland,2014,726537808338,NA,NA,NA,2025-06-05
CH,CHE,Switzerland,2013,706234937370.968,NA,NA,NA,2025-06-05
CH,CHE,Switzerland,2012,686420221557.99,NA,NA,NA,2025-06-05
CH,CHE,Switzerland,2011,715888126682.396,NA,NA,NA,2025-06-05
CH,CHE,Switzerland,2010,598851028906.58,NA,NA,NA,2025-06-05
CH,CHE,Switzerland,2009,554212916092.271,NA,NA,NA,2025-06-05
CH,CHE,Switzerland,2008,567267767519.158,NA,NA,NA,2025-06-05
CH,CHE,Switzerland,2007,490740715594.802,NA,NA,NA,2025-06-05
CH,CHE,Switzerland,2006,441634672196.523,NA,NA,NA,2025-06-05
CH,CHE,Switzerland,2005,418284865884.998,NA,NA,NA,2025-06-05
CH,CHE,Switzerland,2004,403912891033.374,NA,NA,NA,2025-06-05
CH,CHE,Switzerland,2003,362075086507.76,NA,NA,NA,2025-06-05
CH,CHE,Switzerland,2002,309301422430.386,NA,NA,NA,2025-06-05
CH,CHE,Switzerland,2001,286582672434.226,NA,NA,NA,2025-06-05
CH,CHE,Switzerland,2000,279216033870.204,NA,NA,NA,2025-06-05
CH,CHE,Switzerland,1999,297873643323.126,NA,NA,NA,2025-06-05
CH,CHE,Switzerland,1998,303459014346.806,NA,NA,NA,2025-06-05
CH,CHE,Switzerland,1997,294788198856.198,NA,NA,NA,2025-06-05
CH,CHE,Switzerland,1996,340103959546.926,NA,NA,NA,2025-06-05
CH,CHE,Switzerland,1995,352835806342.495,NA,NA,NA,2025-06-05
CH,CHE,Switzerland,1994,301375055202.164,NA,NA,NA,2025-06-05
CH,CHE,Switzerland,1993,272237527070.926,NA,NA,NA,2025-06-05
CH,CHE,Switzerland,1992,279921425828.474,NA,NA,NA,2025-06-05
CH,CHE,Switzerland,1991,268901693863.319,NA,NA,NA,2025-06-05
CH,CHE,Switzerland,1990,265763573999.424,NA,NA,NA,2025-06-05
CH,CHE,Switzerland,1989,208105846934.409,NA,NA,NA,2025-06-05
CH,CHE,Switzerland,1988,215540625298.982,NA,NA,NA,2025-06-05
CH,CHE,Switzerland,1987,199236370037.554,NA,NA,NA,2025-06-05
CH,CHE,Switzerland,1986,159089921062.872,NA,NA,NA,2025-06-05
CH,CHE,Switzerland,1985,110980314191.527,NA,NA,NA,2025-06-05
CH,CHE,Switzerland,1984,109455312167.511,NA,NA,NA,2025-06-05
CH,CHE,Switzerland,1983,114634358534.61,NA,NA,NA,2025-06-05
CH,CHE,Switzerland,1982,115043365512.486,NA,NA,NA,2025-06-05
CH,CHE,Switzerland,1981,112244805518.786,NA,NA,NA,2025-06-05
CH,CHE,Switzerland,1980,122557843886.137,NA,NA,NA,2025-06-05
CH,CHE,Switzerland,1979,114970094424.731,NA,NA,NA,2025-06-05
CH,CHE,Switzerland,1978,102280472035.794,NA,NA,NA,2025-06-05
CH,CHE,Switzerland,1977,73135771167.048,NA,NA,NA,2025-06-05
CH,CHE,Switzerland,1976,68476524643.943,NA,NA,NA,2025-06-05
CH,CHE,Switzerland,1975,65466081819.2384,NA,NA,NA,2025-06-05
CH,CHE,Switzerland,1974,57103011445.6416,NA,NA,NA,2025-06-05
CH,CHE,Switzerland,1973,49550006319.5147,NA,NA,NA,2025-06-05
CH,CHE,Switzerland,1972,36844318854.2403,NA,NA,NA,2025-06-05
CH,CHE,Switzerland,1971,30040171750.6471,NA,NA,NA,2025-06-05
CH,CHE,Switzerland,1970,24998066773.3821,NA,NA,NA,2025-06-05
CH,CHE,Switzerland,1969,22442043274.074,NA,NA,NA,2025-06-05
CH,CHE,Switzerland,1968,20712102793.8026,NA,NA,NA,2025-06-05
CH,CHE,Switzerland,1967,19397044714.0963,NA,NA,NA,2025-06-05
CH,CHE,Switzerland,1966,18019402373.5388,NA,NA,NA,2025-06-05
CH,CHE,Switzerland,1965,16780226225.085,NA,NA,NA,2025-06-05
CH,CHE,Switzerland,1964,15833133857.6281,NA,NA,NA,2025-06-05
CH,CHE,Switzerland,1963,14283872299.0456,NA,NA,NA,2025-06-05
CH,CHE,Switzerland,1962,12989649694.2812,NA,NA,NA,2025-06-05
CH,CHE,Switzerland,1961,11713348834.3069,NA,NA,NA,2025-06-05
CH,CHE,Switzerland,1960,10412232620.5258,NA,NA,NA,2025-06-05
SY,SYR,Syrian Arab Republic,2024,NA,NA,NA,NA,2025-06-05
SY,SYR,Syrian Arab Republic,2023,NA,NA,NA,NA,2025-06-05
SY,SYR,Syrian Arab Republic,2022,23622827079.5047,NA,NA,NA,2025-06-05
SY,SYR,Syrian Arab Republic,2021,14353205678.4991,NA,NA,NA,2025-06-05
SY,SYR,Syrian Arab Republic,2020,12047752036.091,NA,NA,NA,2025-06-05
SY,SYR,Syrian Arab Republic,2019,22583045060.0821,NA,NA,NA,2025-06-05
SY,SYR,Syrian Arab Republic,2018,21497782867.6426,NA,NA,NA,2025-06-05
SY,SYR,Syrian Arab Republic,2017,16369843352.3453,NA,NA,NA,2025-06-05
SY,SYR,Syrian Arab Republic,2016,12597854877.4254,NA,NA,NA,2025-06-05
SY,SYR,Syrian Arab Republic,2015,16466863117.0009,NA,NA,NA,2025-06-05
SY,SYR,Syrian Arab Republic,2014,21502061465.9498,NA,NA,NA,2025-06-05
SY,SYR,Syrian Arab Republic,2013,21361254635.051,NA,NA,NA,2025-06-05
SY,SYR,Syrian Arab Republic,2012,43190318032.5627,NA,NA,NA,2025-06-05
SY,SYR,Syrian Arab Republic,2011,67539428159.4474,NA,NA,NA,2025-06-05
SY,SYR,Syrian Arab Republic,2010,61390830874.7007,NA,NA,NA,2025-06-05
SY,SYR,Syrian Arab Republic,2009,54111735628.7065,NA,NA,NA,2025-06-05
SY,SYR,Syrian Arab Republic,2008,52557913568.9549,NA,NA,NA,2025-06-05
SY,SYR,Syrian Arab Republic,2007,40465318382.0585,NA,NA,NA,2025-06-05
SY,SYR,Syrian Arab Republic,2006,33751788856.305,NA,NA,NA,2025-06-05
SY,SYR,Syrian Arab Republic,2005,28858965517.2414,NA,NA,NA,2025-06-05
SY,SYR,Syrian Arab Republic,2004,25086950495.0495,NA,NA,NA,2025-06-05
SY,SYR,Syrian Arab Republic,2003,21828144686.0394,NA,NA,NA,2025-06-05
SY,SYR,Syrian Arab Republic,2002,20669357462.3831,NA,NA,NA,2025-06-05
SY,SYR,Syrian Arab Republic,2001,20237024724.7039,NA,NA,NA,2025-06-05
SY,SYR,Syrian Arab Republic,2000,18937052543.4373,NA,NA,NA,2025-06-05
SY,SYR,Syrian Arab Republic,1999,15873875968.9922,NA,NA,NA,2025-06-05
SY,SYR,Syrian Arab Republic,1998,15200846153.8462,NA,NA,NA,2025-06-05
SY,SYR,Syrian Arab Republic,1997,14505233463.035,NA,NA,NA,2025-06-05
SY,SYR,Syrian Arab Republic,1996,13789560878.2435,NA,NA,NA,2025-06-05
SY,SYR,Syrian Arab Republic,1995,11396706586.8263,NA,NA,NA,2025-06-05
SY,SYR,Syrian Arab Republic,1994,10122020000,NA,NA,NA,2025-06-05
SY,SYR,Syrian Arab Republic,1993,13695962055.4771,NA,NA,NA,2025-06-05
SY,SYR,Syrian Arab Republic,1992,13253565861.1424,NA,NA,NA,2025-06-05
SY,SYR,Syrian Arab Republic,1991,12981833333.3333,NA,NA,NA,2025-06-05
SY,SYR,Syrian Arab Republic,1990,12308624417.8268,NA,NA,NA,2025-06-05
SY,SYR,Syrian Arab Republic,1989,9853395761.63227,NA,NA,NA,2025-06-05
SY,SYR,Syrian Arab Republic,1988,10577041644.9944,NA,NA,NA,2025-06-05
SY,SYR,Syrian Arab Republic,1987,11356215543.3043,NA,NA,NA,2025-06-05
SY,SYR,Syrian Arab Republic,1986,13293205278.2803,NA,NA,NA,2025-06-05
SY,SYR,Syrian Arab Republic,1985,16403539892.7783,NA,NA,NA,2025-06-05
SY,SYR,Syrian Arab Republic,1984,17503078174.0039,NA,NA,NA,2025-06-05
SY,SYR,Syrian Arab Republic,1983,17589277143.1314,NA,NA,NA,2025-06-05
SY,SYR,Syrian Arab Republic,1982,16298929011.4681,NA,NA,NA,2025-06-05
SY,SYR,Syrian Arab Republic,1981,15518201335.3151,NA,NA,NA,2025-06-05
SY,SYR,Syrian Arab Republic,1980,13062420382.1656,NA,NA,NA,2025-06-05
SY,SYR,Syrian Arab Republic,1979,9929681528.66242,NA,NA,NA,2025-06-05
SY,SYR,Syrian Arab Republic,1978,9275200458.19015,NA,NA,NA,2025-06-05
SY,SYR,Syrian Arab Republic,1977,7696011396.0114,NA,NA,NA,2025-06-05
SY,SYR,Syrian Arab Republic,1976,7633528866.93424,NA,NA,NA,2025-06-05
SY,SYR,Syrian Arab Republic,1975,6826980444.14982,NA,NA,NA,2025-06-05
SY,SYR,Syrian Arab Republic,1974,5159557147.50895,NA,NA,NA,2025-06-05
SY,SYR,Syrian Arab Republic,1973,3239487516.42576,NA,NA,NA,2025-06-05
SY,SYR,Syrian Arab Republic,1972,3059681697.61273,NA,NA,NA,2025-06-05
SY,SYR,Syrian Arab Republic,1971,2589851325.14544,NA,NA,NA,2025-06-05
SY,SYR,Syrian Arab Republic,1970,2140384010.0724,NA,NA,NA,2025-06-05
SY,SYR,Syrian Arab Republic,1969,2245011514.55676,NA,NA,NA,2025-06-05
SY,SYR,Syrian Arab Republic,1968,1753746429.62092,NA,NA,NA,2025-06-05
SY,SYR,Syrian Arab Republic,1967,1580229799.42693,NA,NA,NA,2025-06-05
SY,SYR,Syrian Arab Republic,1966,1342287553.19149,NA,NA,NA,2025-06-05
SY,SYR,Syrian Arab Republic,1965,1472036540.13329,NA,NA,NA,2025-06-05
SY,SYR,Syrian Arab Republic,1964,1339494267.01571,NA,NA,NA,2025-06-05
SY,SYR,Syrian Arab Republic,1963,1200447408.37696,NA,NA,NA,2025-06-05
SY,SYR,Syrian Arab Republic,1962,1110565880.75881,NA,NA,NA,2025-06-05
SY,SYR,Syrian Arab Republic,1961,945244972.067039,NA,NA,NA,2025-06-05
SY,SYR,Syrian Arab Republic,1960,857704413.407821,NA,NA,NA,2025-06-05
TJ,TJK,Tajikistan,2024,NA,NA,NA,NA,2025-06-05
TJ,TJK,Tajikistan,2023,12060602008.8478,NA,NA,NA,2025-06-05
TJ,TJK,Tajikistan,2022,10713525200.3998,NA,NA,NA,2025-06-05
TJ,TJK,Tajikistan,2021,8937805347.13963,NA,NA,NA,2025-06-05
TJ,TJK,Tajikistan,2020,8133963550.65742,NA,NA,NA,2025-06-05
TJ,TJK,Tajikistan,2019,8300813599.3084,NA,NA,NA,2025-06-05
TJ,TJK,Tajikistan,2018,7764999999.45362,NA,NA,NA,2025-06-05
TJ,TJK,Tajikistan,2017,7536402852.85802,NA,NA,NA,2025-06-05
TJ,TJK,Tajikistan,2016,6992416096.89018,NA,NA,NA,2025-06-05
TJ,TJK,Tajikistan,2015,8271431485.07484,NA,NA,NA,2025-06-05
TJ,TJK,Tajikistan,2014,9112605459.32845,NA,NA,NA,2025-06-05
TJ,TJK,Tajikistan,2013,8448411318.25417,NA,NA,NA,2025-06-05
TJ,TJK,Tajikistan,2012,7633036903.07634,NA,NA,NA,2025-06-05
TJ,TJK,Tajikistan,2011,6522756255.012,NA,NA,NA,2025-06-05
TJ,TJK,Tajikistan,2010,5642221099.17704,NA,NA,NA,2025-06-05
TJ,TJK,Tajikistan,2009,4979472364.4534,NA,NA,NA,2025-06-05
TJ,TJK,Tajikistan,2008,5161299725.27673,NA,NA,NA,2025-06-05
TJ,TJK,Tajikistan,2007,3719524540.86193,NA,NA,NA,2025-06-05
TJ,TJK,Tajikistan,2006,2830213848.6203,NA,NA,NA,2025-06-05
TJ,TJK,Tajikistan,2005,2312352020.6689,NA,NA,NA,2025-06-05
TJ,TJK,Tajikistan,2004,2076176869.41089,NA,NA,NA,2025-06-05
TJ,TJK,Tajikistan,2003,1555318261.4172,NA,NA,NA,2025-06-05
TJ,TJK,Tajikistan,2002,1221106220.2868,NA,NA,NA,2025-06-05
TJ,TJK,Tajikistan,2001,1080772551.29433,NA,NA,NA,2025-06-05
TJ,TJK,Tajikistan,2000,860541842.263697,NA,NA,NA,2025-06-05
TJ,TJK,Tajikistan,1999,1086612290.27171,NA,NA,NA,2025-06-05
TJ,TJK,Tajikistan,1998,1320199581.52261,NA,NA,NA,2025-06-05
TJ,TJK,Tajikistan,1997,921518032.909326,NA,NA,NA,2025-06-05
TJ,TJK,Tajikistan,1996,1043654822.33503,NA,NA,NA,2025-06-05
TJ,TJK,Tajikistan,1995,1231561860.39946,NA,NA,NA,2025-06-05
TJ,TJK,Tajikistan,1994,1522001205.54551,NA,NA,NA,2025-06-05
TJ,TJK,Tajikistan,1993,1646623195.15603,NA,NA,NA,2025-06-05
TJ,TJK,Tajikistan,1992,1908554572.27139,NA,NA,NA,2025-06-05
TJ,TJK,Tajikistan,1991,2536585365.85366,NA,NA,NA,2025-06-05
TJ,TJK,Tajikistan,1990,2629395066.27017,NA,NA,NA,2025-06-05
TJ,TJK,Tajikistan,1989,NA,NA,NA,NA,2025-06-05
TJ,TJK,Tajikistan,1988,NA,NA,NA,NA,2025-06-05
TJ,TJK,Tajikistan,1987,NA,NA,NA,NA,2025-06-05
TJ,TJK,Tajikistan,1986,NA,NA,NA,NA,2025-06-05
TJ,TJK,Tajikistan,1985,NA,NA,NA,NA,2025-06-05
TJ,TJK,Tajikistan,1984,NA,NA,NA,NA,2025-06-05
TJ,TJK,Tajikistan,1983,NA,NA,NA,NA,2025-06-05
TJ,TJK,Tajikistan,1982,NA,NA,NA,NA,2025-06-05
TJ,TJK,Tajikistan,1981,NA,NA,NA,NA,2025-06-05
TJ,TJK,Tajikistan,1980,NA,NA,NA,NA,2025-06-05
TJ,TJK,Tajikistan,1979,NA,NA,NA,NA,2025-06-05
TJ,TJK,Tajikistan,1978,NA,NA,NA,NA,2025-06-05
TJ,TJK,Tajikistan,1977,NA,NA,NA,NA,2025-06-05
TJ,TJK,Tajikistan,1976,NA,NA,NA,NA,2025-06-05
TJ,TJK,Tajikistan,1975,NA,NA,NA,NA,2025-06-05
TJ,TJK,Tajikistan,1974,NA,NA,NA,NA,2025-06-05
TJ,TJK,Tajikistan,1973,NA,NA,NA,NA,2025-06-05
TJ,TJK,Tajikistan,1972,NA,NA,NA,NA,2025-06-05
TJ,TJK,Tajikistan,1971,NA,NA,NA,NA,2025-06-05
TJ,TJK,Tajikistan,1970,NA,NA,NA,NA,2025-06-05
TJ,TJK,Tajikistan,1969,NA,NA,NA,NA,2025-06-05
TJ,TJK,Tajikistan,1968,NA,NA,NA,NA,2025-06-05
TJ,TJK,Tajikistan,1967,NA,NA,NA,NA,2025-06-05
TJ,TJK,Tajikistan,1966,NA,NA,NA,NA,2025-06-05
TJ,TJK,Tajikistan,1965,NA,NA,NA,NA,2025-06-05
TJ,TJK,Tajikistan,1964,NA,NA,NA,NA,2025-06-05
TJ,TJK,Tajikistan,1963,NA,NA,NA,NA,2025-06-05
TJ,TJK,Tajikistan,1962,NA,NA,NA,NA,2025-06-05
TJ,TJK,Tajikistan,1961,NA,NA,NA,NA,2025-06-05
TJ,TJK,Tajikistan,1960,NA,NA,NA,NA,2025-06-05
TZ,TZA,Tanzania,2024,NA,NA,NA,NA,2025-06-05
TZ,TZA,Tanzania,2023,79062403820.892,NA,NA,NA,2025-06-05
TZ,TZA,Tanzania,2022,75769974505.0106,NA,NA,NA,2025-06-05
TZ,TZA,Tanzania,2021,70655628147.8986,NA,NA,NA,2025-06-05
TZ,TZA,Tanzania,2020,66068737786.063904,NA,NA,NA,2025-06-05
TZ,TZA,Tanzania,2019,61026731925.9213,NA,NA,NA,2025-06-05
TZ,TZA,Tanzania,2018,57003712892.0858,NA,NA,NA,2025-06-05
TZ,TZA,Tanzania,2017,53274884532.7886,NA,NA,NA,2025-06-05
TZ,TZA,Tanzania,2016,49774409374.4538,NA,NA,NA,2025-06-05
TZ,TZA,Tanzania,2015,47413919817.124,NA,NA,NA,2025-06-05
TZ,TZA,Tanzania,2014,49986726460.6805,NA,NA,NA,2025-06-05
TZ,TZA,Tanzania,2013,45648857242.315,NA,NA,NA,2025-06-05
TZ,TZA,Tanzania,2012,39650394362.9287,NA,NA,NA,2025-06-05
TZ,TZA,Tanzania,2011,34657140096.4836,NA,NA,NA,2025-06-05
TZ,TZA,Tanzania,2010,32012892919.37,NA,NA,NA,2025-06-05
TZ,TZA,Tanzania,2009,29400573553.6075,NA,NA,NA,2025-06-05
TZ,TZA,Tanzania,2008,27947821397.9272,NA,NA,NA,2025-06-05
TZ,TZA,Tanzania,2007,21860434823.4808,NA,NA,NA,2025-06-05
TZ,TZA,Tanzania,2006,18619859795.2852,NA,NA,NA,2025-06-05
TZ,TZA,Tanzania,2005,18395383647.4975,NA,NA,NA,2025-06-05
TZ,TZA,Tanzania,2004,16673062473.3981,NA,NA,NA,2025-06-05
TZ,TZA,Tanzania,2003,15211487708.7684,NA,NA,NA,2025-06-05
TZ,TZA,Tanzania,2002,14129651895.6911,NA,NA,NA,2025-06-05
TZ,TZA,Tanzania,2001,13563990022.3641,NA,NA,NA,2025-06-05
TZ,TZA,Tanzania,2000,13371767081.7428,NA,NA,NA,2025-06-05
TZ,TZA,Tanzania,1999,12704334195.8151,NA,NA,NA,2025-06-05
TZ,TZA,Tanzania,1998,12172790056.3733,NA,NA,NA,2025-06-05
TZ,TZA,Tanzania,1997,11158197941.9152,NA,NA,NA,2025-06-05
TZ,TZA,Tanzania,1996,9433528150.36609,NA,NA,NA,2025-06-05
TZ,TZA,Tanzania,1995,7631431840.49992,NA,NA,NA,2025-06-05
TZ,TZA,Tanzania,1994,6550480483.9385,NA,NA,NA,2025-06-05
TZ,TZA,Tanzania,1993,6182872707.82523,NA,NA,NA,2025-06-05
TZ,TZA,Tanzania,1992,6681997469.31292,NA,NA,NA,2025-06-05
TZ,TZA,Tanzania,1991,7197768158.58347,NA,NA,NA,2025-06-05
TZ,TZA,Tanzania,1990,6184384225.02712,NA,NA,NA,2025-06-05
TZ,TZA,Tanzania,1989,6418799006.80247,NA,NA,NA,2025-06-05
TZ,TZA,Tanzania,1988,7406614407.46127,NA,NA,NA,2025-06-05
TZ,TZA,Tanzania,1987,7824193222.11908,NA,NA,NA,2025-06-05
TZ,TZA,Tanzania,1986,10840864521.2338,NA,NA,NA,2025-06-05
TZ,TZA,Tanzania,1985,15328295175.4067,NA,NA,NA,2025-06-05
TZ,TZA,Tanzania,1984,12906635133.1557,NA,NA,NA,2025-06-05
TZ,TZA,Tanzania,1983,14049883809.0089,NA,NA,NA,2025-06-05
TZ,TZA,Tanzania,1982,13927383239.8322,NA,NA,NA,2025-06-05
TZ,TZA,Tanzania,1981,13161540377.5792,NA,NA,NA,2025-06-05
TZ,TZA,Tanzania,1980,11409228086.7463,NA,NA,NA,2025-06-05
TZ,TZA,Tanzania,1979,9804637490.81892,NA,NA,NA,2025-06-05
TZ,TZA,Tanzania,1978,9261675709.83072,NA,NA,NA,2025-06-05
TZ,TZA,Tanzania,1977,7732598995.10303,NA,NA,NA,2025-06-05
TZ,TZA,Tanzania,1976,6472511987.84735,NA,NA,NA,2025-06-05
TZ,TZA,Tanzania,1975,5729917839.54264,NA,NA,NA,2025-06-05
TZ,TZA,Tanzania,1974,4977337978.35959,NA,NA,NA,2025-06-05
TZ,TZA,Tanzania,1973,4144104535.49655,NA,NA,NA,2025-06-05
TZ,TZA,Tanzania,1972,3472787266.0964,NA,NA,NA,2025-06-05
TZ,TZA,Tanzania,1971,3050673517.33059,NA,NA,NA,2025-06-05
TZ,TZA,Tanzania,1970,2851419386.07225,NA,NA,NA,2025-06-05
TZ,TZA,Tanzania,1969,5142066811.47328,NA,NA,NA,2025-06-05
TZ,TZA,Tanzania,1968,4895251824.05927,NA,NA,NA,2025-06-05
TZ,TZA,Tanzania,1967,4565132047.52718,NA,NA,NA,2025-06-05
TZ,TZA,Tanzania,1966,4377998825.12047,NA,NA,NA,2025-06-05
TZ,TZA,Tanzania,1965,3817226546.22938,NA,NA,NA,2025-06-05
TZ,TZA,Tanzania,1964,3748840925.06363,NA,NA,NA,2025-06-05
TZ,TZA,Tanzania,1963,3456579293.44828,NA,NA,NA,2025-06-05
TZ,TZA,Tanzania,1962,3101589992.664,NA,NA,NA,2025-06-05
TZ,TZA,Tanzania,1961,2826179031.22839,NA,NA,NA,2025-06-05
TZ,TZA,Tanzania,1960,2651729807.38808,NA,NA,NA,2025-06-05
TH,THA,Thailand,2024,NA,NA,NA,NA,2025-06-05
TH,THA,Thailand,2023,514968699239.005,NA,NA,NA,2025-06-05
TH,THA,Thailand,2022,495645210972.751,NA,NA,NA,2025-06-05
TH,THA,Thailand,2021,506256494297.34,NA,NA,NA,2025-06-05
TH,THA,Thailand,2020,500461898480.246,NA,NA,NA,2025-06-05
TH,THA,Thailand,2019,543976691793.886,NA,NA,NA,2025-06-05
TH,THA,Thailand,2018,506754208404.485,NA,NA,NA,2025-06-05
TH,THA,Thailand,2017,456356813536.764,NA,NA,NA,2025-06-05
TH,THA,Thailand,2016,413366349747.508,NA,NA,NA,2025-06-05
TH,THA,Thailand,2015,401296238228.084,NA,NA,NA,2025-06-05
TH,THA,Thailand,2014,407339040197.651,NA,NA,NA,2025-06-05
TH,THA,Thailand,2013,420333654592.547,NA,NA,NA,2025-06-05
TH,THA,Thailand,2012,397558325278.579,NA,NA,NA,2025-06-05
TH,THA,Thailand,2011,370818739623.622,NA,NA,NA,2025-06-05
TH,THA,Thailand,2010,341104766329.17,NA,NA,NA,2025-06-05
TH,THA,Thailand,2009,281710630187.319,NA,NA,NA,2025-06-05
TH,THA,Thailand,2008,291382982430.951,NA,NA,NA,2025-06-05
TH,THA,Thailand,2007,262942621455.053,NA,NA,NA,2025-06-05
TH,THA,Thailand,2006,221758296021.621,NA,NA,NA,2025-06-05
TH,THA,Thailand,2005,189318408468.595,NA,NA,NA,2025-06-05
TH,THA,Thailand,2004,172895685154.658,NA,NA,NA,2025-06-05
TH,THA,Thailand,2003,152280615245.887,NA,NA,NA,2025-06-05
TH,THA,Thailand,2002,134300904400.022,NA,NA,NA,2025-06-05
TH,THA,Thailand,2001,120296476180.402,NA,NA,NA,2025-06-05
TH,THA,Thailand,2000,126392224253.794,NA,NA,NA,2025-06-05
TH,THA,Thailand,1999,126669211778.94,NA,NA,NA,2025-06-05
TH,THA,Thailand,1998,113675596787.738,NA,NA,NA,2025-06-05
TH,THA,Thailand,1997,150180456565.728,NA,NA,NA,2025-06-05
TH,THA,Thailand,1996,183035237429.281,NA,NA,NA,2025-06-05
TH,THA,Thailand,1995,169278916592.843,NA,NA,NA,2025-06-05
TH,THA,Thailand,1994,146683778959.101,NA,NA,NA,2025-06-05
TH,THA,Thailand,1993,128889262951.157,NA,NA,NA,2025-06-05
TH,THA,Thailand,1992,111452746517.655,NA,NA,NA,2025-06-05
TH,THA,Thailand,1991,98234714971.0612,NA,NA,NA,2025-06-05
TH,THA,Thailand,1990,85343190719.0107,NA,NA,NA,2025-06-05
TH,THA,Thailand,1989,72250748099.9762,NA,NA,NA,2025-06-05
TH,THA,Thailand,1988,61667253471.3736,NA,NA,NA,2025-06-05
TH,THA,Thailand,1987,50535446554.8769,NA,NA,NA,2025-06-05
TH,THA,Thailand,1986,43096773980.8569,NA,NA,NA,2025-06-05
TH,THA,Thailand,1985,38900711332.5373,NA,NA,NA,2025-06-05
TH,THA,Thailand,1984,41797647775.6238,NA,NA,NA,2025-06-05
TH,THA,Thailand,1983,40042798388.4951,NA,NA,NA,2025-06-05
TH,THA,Thailand,1982,36589772403.7566,NA,NA,NA,2025-06-05
TH,THA,Thailand,1981,34846039193.6131,NA,NA,NA,2025-06-05
TH,THA,Thailand,1980,32353514988.7287,NA,NA,NA,2025-06-05
TH,THA,Thailand,1979,27371650824.5092,NA,NA,NA,2025-06-05
TH,THA,Thailand,1978,24006566636.6855,NA,NA,NA,2025-06-05
TH,THA,Thailand,1977,19779312261.3155,NA,NA,NA,2025-06-05
TH,THA,Thailand,1976,16985208648.2112,NA,NA,NA,2025-06-05
TH,THA,Thailand,1975,14882770593.9796,NA,NA,NA,2025-06-05
TH,THA,Thailand,1974,13702998512.4492,NA,NA,NA,2025-06-05
TH,THA,Thailand,1973,10838587357.7466,NA,NA,NA,2025-06-05
TH,THA,Thailand,1972,8177873151.04224,NA,NA,NA,2025-06-05
TH,THA,Thailand,1971,7375000024.03846,NA,NA,NA,2025-06-05
TH,THA,Thailand,1970,7086538437.5,NA,NA,NA,2025-06-05
TH,THA,Thailand,1969,6695336567.30769,NA,NA,NA,2025-06-05
TH,THA,Thailand,1968,6081009427.88461,NA,NA,NA,2025-06-05
TH,THA,Thailand,1967,5638461442.30769,NA,NA,NA,2025-06-05
TH,THA,Thailand,1966,5279230817.30769,NA,NA,NA,2025-06-05
TH,THA,Thailand,1965,4388937649.03846,NA,NA,NA,2025-06-05
TH,THA,Thailand,1964,3889129942.30769,NA,NA,NA,2025-06-05
TH,THA,Thailand,1963,3540403456.55305,NA,NA,NA,2025-06-05
TH,THA,Thailand,1962,3308912796.93487,NA,NA,NA,2025-06-05
TH,THA,Thailand,1961,3034037810.96795,NA,NA,NA,2025-06-05
TH,THA,Thailand,1960,2760750860.62197,NA,NA,NA,2025-06-05
TL,TLS,Timor-Leste,2024,NA,NA,NA,NA,2025-06-05
TL,TLS,Timor-Leste,2023,2079916900,NA,NA,NA,2025-06-05
TL,TLS,Timor-Leste,2022,3208594000,NA,NA,NA,2025-06-05
TL,TLS,Timor-Leste,2021,3624889700,NA,NA,NA,2025-06-05
TL,TLS,Timor-Leste,2020,2162619200,NA,NA,NA,2025-06-05
TL,TLS,Timor-Leste,2019,2032550400,NA,NA,NA,2025-06-05
TL,TLS,Timor-Leste,2018,1555988600,NA,NA,NA,2025-06-05
TL,TLS,Timor-Leste,2017,1584878400,NA,NA,NA,2025-06-05
TL,TLS,Timor-Leste,2016,1640464600,NA,NA,NA,2025-06-05
TL,TLS,Timor-Leste,2015,1590282400,NA,NA,NA,2025-06-05
TL,TLS,Timor-Leste,2014,1447535200,NA,NA,NA,2025-06-05
TL,TLS,Timor-Leste,2013,1395727400,NA,NA,NA,2025-06-05
TL,TLS,Timor-Leste,2012,1160555000,NA,NA,NA,2025-06-05
TL,TLS,Timor-Leste,2011,1042534600,NA,NA,NA,2025-06-05
TL,TLS,Timor-Leste,2010,881909300,NA,NA,NA,2025-06-05
TL,TLS,Timor-Leste,2009,726937800,NA,NA,NA,2025-06-05
TL,TLS,Timor-Leste,2008,648523600,NA,NA,NA,2025-06-05
TL,TLS,Timor-Leste,2007,542795400,NA,NA,NA,2025-06-05
TL,TLS,Timor-Leste,2006,453792400,NA,NA,NA,2025-06-05
TL,TLS,Timor-Leste,2005,462268000,NA,NA,NA,2025-06-05
TL,TLS,Timor-Leste,2004,440772000,NA,NA,NA,2025-06-05
TL,TLS,Timor-Leste,2003,490439100,NA,NA,NA,2025-06-05
TL,TLS,Timor-Leste,2002,469455500,NA,NA,NA,2025-06-05
TL,TLS,Timor-Leste,2001,477443500,NA,NA,NA,2025-06-05
TL,TLS,Timor-Leste,2000,366924300,NA,NA,NA,2025-06-05
TL,TLS,Timor-Leste,1999,225357600,NA,NA,NA,2025-06-05
TL,TLS,Timor-Leste,1998,325729800,NA,NA,NA,2025-06-05
TL,TLS,Timor-Leste,1997,319972700,NA,NA,NA,2025-06-05
TL,TLS,Timor-Leste,1996,306956900,NA,NA,NA,2025-06-05
TL,TLS,Timor-Leste,1995,262819900,NA,NA,NA,2025-06-05
TL,TLS,Timor-Leste,1994,239040500,NA,NA,NA,2025-06-05
TL,TLS,Timor-Leste,1993,216914400,NA,NA,NA,2025-06-05
TL,TLS,Timor-Leste,1992,187891500,NA,NA,NA,2025-06-05
TL,TLS,Timor-Leste,1991,147713000,NA,NA,NA,2025-06-05
TL,TLS,Timor-Leste,1990,128210142,NA,NA,NA,2025-06-05
TL,TLS,Timor-Leste,1989,NA,NA,NA,NA,2025-06-05
TL,TLS,Timor-Leste,1988,NA,NA,NA,NA,2025-06-05
TL,TLS,Timor-Leste,1987,NA,NA,NA,NA,2025-06-05
TL,TLS,Timor-Leste,1986,NA,NA,NA,NA,2025-06-05
TL,TLS,Timor-Leste,1985,NA,NA,NA,NA,2025-06-05
TL,TLS,Timor-Leste,1984,NA,NA,NA,NA,2025-06-05
TL,TLS,Timor-Leste,1983,NA,NA,NA,NA,2025-06-05
TL,TLS,Timor-Leste,1982,NA,NA,NA,NA,2025-06-05
TL,TLS,Timor-Leste,1981,NA,NA,NA,NA,2025-06-05
TL,TLS,Timor-Leste,1980,NA,NA,NA,NA,2025-06-05
TL,TLS,Timor-Leste,1979,NA,NA,NA,NA,2025-06-05
TL,TLS,Timor-Leste,1978,NA,NA,NA,NA,2025-06-05
TL,TLS,Timor-Leste,1977,NA,NA,NA,NA,2025-06-05
TL,TLS,Timor-Leste,1976,NA,NA,NA,NA,2025-06-05
TL,TLS,Timor-Leste,1975,NA,NA,NA,NA,2025-06-05
TL,TLS,Timor-Leste,1974,NA,NA,NA,NA,2025-06-05
TL,TLS,Timor-Leste,1973,NA,NA,NA,NA,2025-06-05
TL,TLS,Timor-Leste,1972,NA,NA,NA,NA,2025-06-05
TL,TLS,Timor-Leste,1971,NA,NA,NA,NA,2025-06-05
TL,TLS,Timor-Leste,1970,NA,NA,NA,NA,2025-06-05
TL,TLS,Timor-Leste,1969,NA,NA,NA,NA,2025-06-05
TL,TLS,Timor-Leste,1968,NA,NA,NA,NA,2025-06-05
TL,TLS,Timor-Leste,1967,NA,NA,NA,NA,2025-06-05
TL,TLS,Timor-Leste,1966,NA,NA,NA,NA,2025-06-05
TL,TLS,Timor-Leste,1965,NA,NA,NA,NA,2025-06-05
TL,TLS,Timor-Leste,1964,NA,NA,NA,NA,2025-06-05
TL,TLS,Timor-Leste,1963,NA,NA,NA,NA,2025-06-05
TL,TLS,Timor-Leste,1962,NA,NA,NA,NA,2025-06-05
TL,TLS,Timor-Leste,1961,NA,NA,NA,NA,2025-06-05
TL,TLS,Timor-Leste,1960,NA,NA,NA,NA,2025-06-05
TG,TGO,Togo,2024,NA,NA,NA,NA,2025-06-05
TG,TGO,Togo,2023,9171261837.57103,NA,NA,NA,2025-06-05
TG,TGO,Togo,2022,8169476148.95692,NA,NA,NA,2025-06-05
TG,TGO,Togo,2021,8342243645.94438,NA,NA,NA,2025-06-05
TG,TGO,Togo,2020,7400284167.78479,NA,NA,NA,2025-06-05
TG,TGO,Togo,2019,6992700101.37188,NA,NA,NA,2025-06-05
TG,TGO,Togo,2018,7029300383.08031,NA,NA,NA,2025-06-05
TG,TGO,Togo,2017,6387422517.69225,NA,NA,NA,2025-06-05
TG,TGO,Togo,2016,6071170959.12093,NA,NA,NA,2025-06-05
TG,TGO,Togo,2015,5755461035.38026,NA,NA,NA,2025-06-05
TG,TGO,Togo,2014,6393318261.82712,NA,NA,NA,2025-06-05
TG,TGO,Togo,2013,6021732977.26584,NA,NA,NA,2025-06-05
TG,TGO,Togo,2012,5413544658.41535,NA,NA,NA,2025-06-05
TG,TGO,Togo,2011,5422442166.44146,NA,NA,NA,2025-06-05
TG,TGO,Togo,2010,4746389531.6959,NA,NA,NA,2025-06-05
TG,TGO,Togo,2009,4721890900.22635,NA,NA,NA,2025-06-05
TG,TGO,Togo,2008,4578849657.99813,NA,NA,NA,2025-06-05
TG,TGO,Togo,2007,3759964943.38078,NA,NA,NA,2025-06-05
TG,TGO,Togo,2006,3320907721.74508,NA,NA,NA,2025-06-05
TG,TGO,Togo,2005,3221910408.46516,NA,NA,NA,2025-06-05
TG,TGO,Togo,2004,3191561508.69088,NA,NA,NA,2025-06-05
TG,TGO,Togo,2003,2987984050.99318,NA,NA,NA,2025-06-05
TG,TGO,Togo,2002,2410199032.43102,NA,NA,NA,2025-06-05
TG,TGO,Togo,2001,2093498674.49678,NA,NA,NA,2025-06-05
TG,TGO,Togo,2000,2106848752.27753,NA,NA,NA,2025-06-05
TG,TGO,Togo,1999,2226577203.91399,NA,NA,NA,2025-06-05
TG,TGO,Togo,1998,2241650112.33333,NA,NA,NA,2025-06-05
TG,TGO,Togo,1997,2116818622.95834,NA,NA,NA,2025-06-05
TG,TGO,Togo,1996,2069506014.46659,NA,NA,NA,2025-06-05
TG,TGO,Togo,1995,1849110468.19569,NA,NA,NA,2025-06-05
TG,TGO,Togo,1994,1387662121.46736,NA,NA,NA,2025-06-05
TG,TGO,Togo,1993,1741944426.20894,NA,NA,NA,2025-06-05
TG,TGO,Togo,1992,2390796915.91958,NA,NA,NA,2025-06-05
TG,TGO,Togo,1991,2262767860.10937,NA,NA,NA,2025-06-05
TG,TGO,Togo,1990,2299665505.61434,NA,NA,NA,2025-06-05
TG,TGO,Togo,1989,1910635575.38044,NA,NA,NA,2025-06-05
TG,TGO,Togo,1988,1947208354.22555,NA,NA,NA,2025-06-05
TG,TGO,Togo,1987,1763978065.8368,NA,NA,NA,2025-06-05
TG,TGO,Togo,1986,1498219578.86978,NA,NA,NA,2025-06-05
TG,TGO,Togo,1985,1076604520.42427,NA,NA,NA,2025-06-05
TG,TGO,Togo,1984,1014170069.21689,NA,NA,NA,2025-06-05
TG,TGO,Togo,1983,1081387264.60786,NA,NA,NA,2025-06-05
TG,TGO,Togo,1982,1160337039.38068,NA,NA,NA,2025-06-05
TG,TGO,Togo,1981,1359026709.45126,NA,NA,NA,2025-06-05
TG,TGO,Togo,1980,1604836915.96662,NA,NA,NA,2025-06-05
TG,TGO,Togo,1979,1259365711.53521,NA,NA,NA,2025-06-05
TG,TGO,Togo,1978,1164025637.26464,NA,NA,NA,2025-06-05
TG,TGO,Togo,1977,1097893825.98815,NA,NA,NA,2025-06-05
TG,TGO,Togo,1976,874681611.928369,NA,NA,NA,2025-06-05
TG,TGO,Togo,1975,871781686.907321,NA,NA,NA,2025-06-05
TG,TGO,Togo,1974,791450308.362944,NA,NA,NA,2025-06-05
TG,TGO,Togo,1973,574030983.980053,NA,NA,NA,2025-06-05
TG,TGO,Togo,1972,474043921.843537,NA,NA,NA,2025-06-05
TG,TGO,Togo,1971,404648367.76644,NA,NA,NA,2025-06-05
TG,TGO,Togo,1970,358665753.909298,NA,NA,NA,2025-06-05
TG,TGO,Togo,1969,378091809.602636,NA,NA,NA,2025-06-05
TG,TGO,Togo,1968,341691567.465593,NA,NA,NA,2025-06-05
TG,TGO,Togo,1967,327215843.636336,NA,NA,NA,2025-06-05
TG,TGO,Togo,1966,305227594.821437,NA,NA,NA,2025-06-05
TG,TGO,Togo,1965,264505506.022433,NA,NA,NA,2025-06-05
TG,TGO,Togo,1964,234572186.455851,NA,NA,NA,2025-06-05
TG,TGO,Togo,1963,202305865.235908,NA,NA,NA,2025-06-05
TG,TGO,Togo,1962,186745757.859216,NA,NA,NA,2025-06-05
TG,TGO,Togo,1961,178497098.264275,NA,NA,NA,2025-06-05
TG,TGO,Togo,1960,171057069.137772,NA,NA,NA,2025-06-05
TO,TON,Tonga,2024,NA,NA,NA,NA,2025-06-05
TO,TON,Tonga,2023,NA,NA,NA,NA,2025-06-05
TO,TON,Tonga,2022,518180042.241509,NA,NA,NA,2025-06-05
TO,TON,Tonga,2021,518228012.09129,NA,NA,NA,2025-06-05
TO,TON,Tonga,2020,496856295.76752,NA,NA,NA,2025-06-05
TO,TON,Tonga,2019,494197841.113077,NA,NA,NA,2025-06-05
TO,TON,Tonga,2018,489714518.002333,NA,NA,NA,2025-06-05
TO,TON,Tonga,2017,459976850.268529,NA,NA,NA,2025-06-05
TO,TON,Tonga,2016,420828262.317922,NA,NA,NA,2025-06-05
TO,TON,Tonga,2015,437525514.240726,NA,NA,NA,2025-06-05
TO,TON,Tonga,2014,440997738.014078,NA,NA,NA,2025-06-05
TO,TON,Tonga,2013,451788486.864637,NA,NA,NA,2025-06-05
TO,TON,Tonga,2012,471122970.872337,NA,NA,NA,2025-06-05
TO,TON,Tonga,2011,414143823.181648,NA,NA,NA,2025-06-05
TO,TON,Tonga,2010,366887376.561955,NA,NA,NA,2025-06-05
TO,TON,Tonga,2009,312415046.412413,NA,NA,NA,2025-06-05
TO,TON,Tonga,2008,344438839.641883,NA,NA,NA,2025-06-05
TO,TON,Tonga,2007,298519618.087539,NA,NA,NA,2025-06-05
TO,TON,Tonga,2006,292232681.61217,NA,NA,NA,2025-06-05
TO,TON,Tonga,2005,261823827.381488,NA,NA,NA,2025-06-05
TO,TON,Tonga,2004,230677994.614233,NA,NA,NA,2025-06-05
TO,TON,Tonga,2003,202246611.77407,NA,NA,NA,2025-06-05
TO,TON,Tonga,2002,182764260.095439,NA,NA,NA,2025-06-05
TO,TON,Tonga,2001,181117222.026288,NA,NA,NA,2025-06-05
TO,TON,Tonga,2000,204848470.149169,NA,NA,NA,2025-06-05
TO,TON,Tonga,1999,199208705.408314,NA,NA,NA,2025-06-05
TO,TON,Tonga,1998,191504899.645243,NA,NA,NA,2025-06-05
TO,TON,Tonga,1997,214991477.847365,NA,NA,NA,2025-06-05
TO,TON,Tonga,1996,222100545.630873,NA,NA,NA,2025-06-05
TO,TON,Tonga,1995,208871687.556137,NA,NA,NA,2025-06-05
TO,TON,Tonga,1994,195990966.964273,NA,NA,NA,2025-06-05
TO,TON,Tonga,1993,138489884.393064,NA,NA,NA,2025-06-05
TO,TON,Tonga,1992,137066290.550071,NA,NA,NA,2025-06-05
TO,TON,Tonga,1991,132201141.446861,NA,NA,NA,2025-06-05
TO,TON,Tonga,1990,113563821.577404,NA,NA,NA,2025-06-05
TO,TON,Tonga,1989,106344854.986095,NA,NA,NA,2025-06-05
TO,TON,Tonga,1988,106657267.367342,NA,NA,NA,2025-06-05
TO,TON,Tonga,1987,81667133.4546982,NA,NA,NA,2025-06-05
TO,TON,Tonga,1986,68195855.6149733,NA,NA,NA,2025-06-05
TO,TON,Tonga,1985,60058663.3144773,NA,NA,NA,2025-06-05
TO,TON,Tonga,1984,64248354.5414656,NA,NA,NA,2025-06-05
TO,TON,Tonga,1983,60863963.963964,NA,NA,NA,2025-06-05
TO,TON,Tonga,1982,62068161.0711025,NA,NA,NA,2025-06-05
TO,TON,Tonga,1981,62242013.3302689,NA,NA,NA,2025-06-05
TO,TON,Tonga,1980,53260077.4311091,NA,NA,NA,2025-06-05
TO,TON,Tonga,1979,44667002.0120724,NA,NA,NA,2025-06-05
TO,TON,Tonga,1978,41567471.6721987,NA,NA,NA,2025-06-05
TO,TON,Tonga,1977,34139387.8908849,NA,NA,NA,2025-06-05
TO,TON,Tonga,1976,30036416.9619944,NA,NA,NA,2025-06-05
TO,TON,Tonga,1975,32506741.7201204,NA,NA,NA,2025-06-05
TO,TON,Tonga,1974,NA,NA,NA,NA,2025-06-05
TO,TON,Tonga,1973,NA,NA,NA,NA,2025-06-05
TO,TON,Tonga,1972,NA,NA,NA,NA,2025-06-05
TO,TON,Tonga,1971,NA,NA,NA,NA,2025-06-05
TO,TON,Tonga,1970,NA,NA,NA,NA,2025-06-05
TO,TON,Tonga,1969,NA,NA,NA,NA,2025-06-05
TO,TON,Tonga,1968,NA,NA,NA,NA,2025-06-05
TO,TON,Tonga,1967,NA,NA,NA,NA,2025-06-05
TO,TON,Tonga,1966,NA,NA,NA,NA,2025-06-05
TO,TON,Tonga,1965,NA,NA,NA,NA,2025-06-05
TO,TON,Tonga,1964,NA,NA,NA,NA,2025-06-05
TO,TON,Tonga,1963,NA,NA,NA,NA,2025-06-05
TO,TON,Tonga,1962,NA,NA,NA,NA,2025-06-05
TO,TON,Tonga,1961,NA,NA,NA,NA,2025-06-05
TO,TON,Tonga,1960,NA,NA,NA,NA,2025-06-05
TT,TTO,Trinidad and Tobago,2024,NA,NA,NA,NA,2025-06-05
TT,TTO,Trinidad and Tobago,2023,27372285697.9477,NA,NA,NA,2025-06-05
TT,TTO,Trinidad and Tobago,2022,30053446092.0128,NA,NA,NA,2025-06-05
TT,TTO,Trinidad and Tobago,2021,24496397204.7176,NA,NA,NA,2025-06-05
TT,TTO,Trinidad and Tobago,2020,20807716174.0546,NA,NA,NA,2025-06-05
TT,TTO,Trinidad and Tobago,2019,23775659262.5735,NA,NA,NA,2025-06-05
TT,TTO,Trinidad and Tobago,2018,24569257295.0918,NA,NA,NA,2025-06-05
TT,TTO,Trinidad and Tobago,2017,24040211327.4898,NA,NA,NA,2025-06-05
TT,TTO,Trinidad and Tobago,2016,23722678429.8078,NA,NA,NA,2025-06-05
TT,TTO,Trinidad and Tobago,2015,27026750552.9647,NA,NA,NA,2025-06-05
TT,TTO,Trinidad and Tobago,2014,29697674913.5408,NA,NA,NA,2025-06-05
TT,TTO,Trinidad and Tobago,2013,28709859468.8597,NA,NA,NA,2025-06-05
TT,TTO,Trinidad and Tobago,2012,27334568806.1922,NA,NA,NA,2025-06-05
TT,TTO,Trinidad and Tobago,2011,25433007437.1605,NA,NA,NA,2025-06-05
TT,TTO,Trinidad and Tobago,2010,22157920592.3669,NA,NA,NA,2025-06-05
TT,TTO,Trinidad and Tobago,2009,19172165225.5015,NA,NA,NA,2025-06-05
TT,TTO,Trinidad and Tobago,2008,27871587349.5413,NA,NA,NA,2025-06-05
TT,TTO,Trinidad and Tobago,2007,21641620049.9352,NA,NA,NA,2025-06-05
TT,TTO,Trinidad and Tobago,2006,18369361094.3886,NA,NA,NA,2025-06-05
TT,TTO,Trinidad and Tobago,2005,15982389018.4041,NA,NA,NA,2025-06-05
TT,TTO,Trinidad and Tobago,2004,13280291989.5755,NA,NA,NA,2025-06-05
TT,TTO,Trinidad and Tobago,2003,11305459802.0683,NA,NA,NA,2025-06-05
TT,TTO,Trinidad and Tobago,2002,9008298228.60273,NA,NA,NA,2025-06-05
TT,TTO,Trinidad and Tobago,2001,8824849191.03571,NA,NA,NA,2025-06-05
TT,TTO,Trinidad and Tobago,2000,8154342116.10311,NA,NA,NA,2025-06-05
TT,TTO,Trinidad and Tobago,1999,6808982520.75759,NA,NA,NA,2025-06-05
TT,TTO,Trinidad and Tobago,1998,6043686653.62189,NA,NA,NA,2025-06-05
TT,TTO,Trinidad and Tobago,1997,5737771523.10148,NA,NA,NA,2025-06-05
TT,TTO,Trinidad and Tobago,1996,5759570336.11287,NA,NA,NA,2025-06-05
TT,TTO,Trinidad and Tobago,1995,5329217747.21258,NA,NA,NA,2025-06-05
TT,TTO,Trinidad and Tobago,1994,4947181645.55221,NA,NA,NA,2025-06-05
TT,TTO,Trinidad and Tobago,1993,4669491134.2478,NA,NA,NA,2025-06-05
TT,TTO,Trinidad and Tobago,1992,5439552941.17647,NA,NA,NA,2025-06-05
TT,TTO,Trinidad and Tobago,1991,5307905882.35294,NA,NA,NA,2025-06-05
TT,TTO,Trinidad and Tobago,1990,5068000000,NA,NA,NA,2025-06-05
TT,TTO,Trinidad and Tobago,1989,4323058823.52941,NA,NA,NA,2025-06-05
TT,TTO,Trinidad and Tobago,1988,4496910569.10569,NA,NA,NA,2025-06-05
TT,TTO,Trinidad and Tobago,1987,4797777777.77778,NA,NA,NA,2025-06-05
TT,TTO,Trinidad and Tobago,1986,4794444444.44444,NA,NA,NA,2025-06-05
TT,TTO,Trinidad and Tobago,1985,7375918367.34694,NA,NA,NA,2025-06-05
TT,TTO,Trinidad and Tobago,1984,7757083334.68006,NA,NA,NA,2025-06-05
TT,TTO,Trinidad and Tobago,1983,7763750003.2349,NA,NA,NA,2025-06-05
TT,TTO,Trinidad and Tobago,1982,8140416670.05851,NA,NA,NA,2025-06-05
TT,TTO,Trinidad and Tobago,1981,6992083336.2467,NA,NA,NA,2025-06-05
TT,TTO,Trinidad and Tobago,1980,6235833335.9316,NA,NA,NA,2025-06-05
TT,TTO,Trinidad and Tobago,1979,4602416626.91767,NA,NA,NA,2025-06-05
TT,TTO,Trinidad and Tobago,1978,3562333459.81764,NA,NA,NA,2025-06-05
TT,TTO,Trinidad and Tobago,1977,3138666667.97444,NA,NA,NA,2025-06-05
TT,TTO,Trinidad and Tobago,1976,2500424955.23006,NA,NA,NA,2025-06-05
TT,TTO,Trinidad and Tobago,1975,2442669824.56431,NA,NA,NA,2025-06-05
TT,TTO,Trinidad and Tobago,1974,2042001070.5079,NA,NA,NA,2025-06-05
TT,TTO,Trinidad and Tobago,1973,1308785430.53591,NA,NA,NA,2025-06-05
TT,TTO,Trinidad and Tobago,1972,1083391757.89486,NA,NA,NA,2025-06-05
TT,TTO,Trinidad and Tobago,1971,896765214.626133,NA,NA,NA,2025-06-05
TT,TTO,Trinidad and Tobago,1970,821850000,NA,NA,NA,2025-06-05
TT,TTO,Trinidad and Tobago,1969,779200000,NA,NA,NA,2025-06-05
TT,TTO,Trinidad and Tobago,1968,758899950,NA,NA,NA,2025-06-05
TT,TTO,Trinidad and Tobago,1967,761981912.42271,NA,NA,NA,2025-06-05
TT,TTO,Trinidad and Tobago,1966,723739857.015464,NA,NA,NA,2025-06-05
TT,TTO,Trinidad and Tobago,1965,736573158.260197,NA,NA,NA,2025-06-05
TT,TTO,Trinidad and Tobago,1964,711897519.959574,NA,NA,NA,2025-06-05
TT,TTO,Trinidad and Tobago,1963,678239329.119076,NA,NA,NA,2025-06-05
TT,TTO,Trinidad and Tobago,1962,619322809.768256,NA,NA,NA,2025-06-05
TT,TTO,Trinidad and Tobago,1961,584964620.678045,NA,NA,NA,2025-06-05
TT,TTO,Trinidad and Tobago,1960,535673252.260337,NA,NA,NA,2025-06-05
TN,TUN,Tunisia,2024,NA,NA,NA,NA,2025-06-05
TN,TUN,Tunisia,2023,48529595416.6533,NA,NA,NA,2025-06-05
TN,TUN,Tunisia,2022,44579761022.8993,NA,NA,NA,2025-06-05
TN,TUN,Tunisia,2021,46812290143.344,NA,NA,NA,2025-06-05
TN,TUN,Tunisia,2020,42491780918.361,NA,NA,NA,2025-06-05
TN,TUN,Tunisia,2019,41905642418.825,NA,NA,NA,2025-06-05
TN,TUN,Tunisia,2018,42686504459.801,NA,NA,NA,2025-06-05
TN,TUN,Tunisia,2017,42163530590.9462,NA,NA,NA,2025-06-05
TN,TUN,Tunisia,2016,44360072680.4476,NA,NA,NA,2025-06-05
TN,TUN,Tunisia,2015,45779494041.9295,NA,NA,NA,2025-06-05
TN,TUN,Tunisia,2014,50271812920.612,NA,NA,NA,2025-06-05
TN,TUN,Tunisia,2013,48685446413.953,NA,NA,NA,2025-06-05
TN,TUN,Tunisia,2012,47311401812.6733,NA,NA,NA,2025-06-05
TN,TUN,Tunisia,2011,48123325825.0739,NA,NA,NA,2025-06-05
TN,TUN,Tunisia,2010,46206091937.9628,NA,NA,NA,2025-06-05
TN,TUN,Tunisia,2009,43455740497.3061,NA,NA,NA,2025-06-05
TN,TUN,Tunisia,2008,44859439902.2191,NA,NA,NA,2025-06-05
TN,TUN,Tunisia,2007,38915353866.757,NA,NA,NA,2025-06-05
TN,TUN,Tunisia,2006,34376664600.5898,NA,NA,NA,2025-06-05
TN,TUN,Tunisia,2005,32272186694.8043,NA,NA,NA,2025-06-05
TN,TUN,Tunisia,2004,31183885241.4396,NA,NA,NA,2025-06-05
TN,TUN,Tunisia,2003,27453902261.4629,NA,NA,NA,2025-06-05
TN,TUN,Tunisia,2002,23141616604.5242,NA,NA,NA,2025-06-05
TN,TUN,Tunisia,2001,22065832448.8623,NA,NA,NA,2025-06-05
TN,TUN,Tunisia,2000,21473528160.7782,NA,NA,NA,2025-06-05
TN,TUN,Tunisia,1999,22943202174.9668,NA,NA,NA,2025-06-05
TN,TUN,Tunisia,1998,21802893587.126,NA,NA,NA,2025-06-05
TN,TUN,Tunisia,1997,20746210353.845,NA,NA,NA,2025-06-05
TN,TUN,Tunisia,1996,19587161806.7655,NA,NA,NA,2025-06-05
TN,TUN,Tunisia,1995,18030876599.3444,NA,NA,NA,2025-06-05
TN,TUN,Tunisia,1994,15633174304.0905,NA,NA,NA,2025-06-05
TN,TUN,Tunisia,1993,14608335608.1543,NA,NA,NA,2025-06-05
TN,TUN,Tunisia,1992,15496708060.4184,NA,NA,NA,2025-06-05
TN,TUN,Tunisia,1991,13074782608.6957,NA,NA,NA,2025-06-05
TN,TUN,Tunisia,1990,12290568181.8182,NA,NA,NA,2025-06-05
TN,TUN,Tunisia,1989,10101851744.5627,NA,NA,NA,2025-06-05
TN,TUN,Tunisia,1988,10096245762.4352,NA,NA,NA,2025-06-05
TN,TUN,Tunisia,1987,9696715910.70907,NA,NA,NA,2025-06-05
TN,TUN,Tunisia,1986,9017806654.4169,NA,NA,NA,2025-06-05
TN,TUN,Tunisia,1985,8410226052.6114,NA,NA,NA,2025-06-05
TN,TUN,Tunisia,1984,8254541194.82566,NA,NA,NA,2025-06-05
TN,TUN,Tunisia,1983,8350582747.83541,NA,NA,NA,2025-06-05
TN,TUN,Tunisia,1982,8133580051.70251,NA,NA,NA,2025-06-05
TN,TUN,Tunisia,1981,8428445294.08429,NA,NA,NA,2025-06-05
TN,TUN,Tunisia,1980,8744134354.16152,NA,NA,NA,2025-06-05
TN,TUN,Tunisia,1979,7188863903.63675,NA,NA,NA,2025-06-05
TN,TUN,Tunisia,1978,5968460080.1113,NA,NA,NA,2025-06-05
TN,TUN,Tunisia,1977,5109324009.32401,NA,NA,NA,2025-06-05
TN,TUN,Tunisia,1976,4508191942.16081,NA,NA,NA,2025-06-05
TN,TUN,Tunisia,1975,4328965587.53266,NA,NA,NA,2025-06-05
TN,TUN,Tunisia,1974,3545868575.14639,NA,NA,NA,2025-06-05
TN,TUN,Tunisia,1973,2730813385.32624,NA,NA,NA,2025-06-05
TN,TUN,Tunisia,1972,2237556148.51085,NA,NA,NA,2025-06-05
TN,TUN,Tunisia,1971,1685162272.40652,NA,NA,NA,2025-06-05
TN,TUN,Tunisia,1970,1439238095.2381,NA,NA,NA,2025-06-05
TN,TUN,Tunisia,1969,1289904761.90476,NA,NA,NA,2025-06-05
TN,TUN,Tunisia,1968,1214666666.66667,NA,NA,NA,2025-06-05
TN,TUN,Tunisia,1967,1085714285.71429,NA,NA,NA,2025-06-05
TN,TUN,Tunisia,1966,1040952380.95238,NA,NA,NA,2025-06-05
TN,TUN,Tunisia,1965,991047619.047619,NA,NA,NA,2025-06-05
TN,TUN,Tunisia,1964,1025866792.15686,NA,NA,NA,2025-06-05
TN,TUN,Tunisia,1963,1026737600,NA,NA,NA,2025-06-05
TN,TUN,Tunisia,1962,880027733.333333,NA,NA,NA,2025-06-05
TN,TUN,Tunisia,1961,866155428.571429,NA,NA,NA,2025-06-05
TN,TUN,Tunisia,1960,NA,NA,NA,NA,2025-06-05
TR,TUR,Turkiye,2024,NA,NA,NA,NA,2025-06-05
TR,TUR,Turkiye,2023,1118252964260.77,NA,NA,NA,2025-06-05
TR,TUR,Turkiye,2022,907118434653.505,NA,NA,NA,2025-06-05
TR,TUR,Turkiye,2021,819865223976.115,NA,NA,NA,2025-06-05
TR,TUR,Turkiye,2020,720338490327.248,NA,NA,NA,2025-06-05
TR,TUR,Turkiye,2019,761005915750.925,NA,NA,NA,2025-06-05
TR,TUR,Turkiye,2018,778972108040.602,NA,NA,NA,2025-06-05
TR,TUR,Turkiye,2017,858988492853.742,NA,NA,NA,2025-06-05
TR,TUR,Turkiye,2016,869682881593.041,NA,NA,NA,2025-06-05
TR,TUR,Turkiye,2015,864313810469.009,NA,NA,NA,2025-06-05
TR,TUR,Turkiye,2014,938934609296.966,NA,NA,NA,2025-06-05
TR,TUR,Turkiye,2013,957799120008.32,NA,NA,NA,2025-06-05
TR,TUR,Turkiye,2012,880555885492.269,NA,NA,NA,2025-06-05
TR,TUR,Turkiye,2011,838785289694.35,NA,NA,NA,2025-06-05
TR,TUR,Turkiye,2010,776967266305.53,NA,NA,NA,2025-06-05
TR,TUR,Turkiye,2009,649289324627.732,NA,NA,NA,2025-06-05
TR,TUR,Turkiye,2008,770449132861.373,NA,NA,NA,2025-06-05
TR,TUR,Turkiye,2007,681321124295.914,NA,NA,NA,2025-06-05
TR,TUR,Turkiye,2006,557076157773.479,NA,NA,NA,2025-06-05
TR,TUR,Turkiye,2005,506314717661.655,NA,NA,NA,2025-06-05
TR,TUR,Turkiye,2004,408865430220.331,NA,NA,NA,2025-06-05
TR,TUR,Turkiye,2003,314595572145.767,NA,NA,NA,2025-06-05
TR,TUR,Turkiye,2002,240249071871.106,NA,NA,NA,2025-06-05
TR,TUR,Turkiye,2001,201753123806.695,NA,NA,NA,2025-06-05
TR,TUR,Turkiye,2000,274294623164.043,NA,NA,NA,2025-06-05
TR,TUR,Turkiye,1999,256395932738.435,NA,NA,NA,2025-06-05
TR,TUR,Turkiye,1998,275941990764.18,NA,NA,NA,2025-06-05
TR,TUR,Turkiye,1997,189878399894.643,NA,NA,NA,2025-06-05
TR,TUR,Turkiye,1996,181464408820.097,NA,NA,NA,2025-06-05
TR,TUR,Turkiye,1995,169319579016.25,NA,NA,NA,2025-06-05
TR,TUR,Turkiye,1994,130650447499.071,NA,NA,NA,2025-06-05
TR,TUR,Turkiye,1993,180415757851.616,NA,NA,NA,2025-06-05
TR,TUR,Turkiye,1992,159104772991.851,NA,NA,NA,2025-06-05
TR,TUR,Turkiye,1991,151034731543.624,NA,NA,NA,2025-06-05
TR,TUR,Turkiye,1990,150655500191.644,NA,NA,NA,2025-06-05
TR,TUR,Turkiye,1989,107127191328.935,NA,NA,NA,2025-06-05
TR,TUR,Turkiye,1988,90875175808.7201,NA,NA,NA,2025-06-05
TR,TUR,Turkiye,1987,87190081680.28,NA,NA,NA,2025-06-05
TR,TUR,Turkiye,1986,75673037037.037,NA,NA,NA,2025-06-05
TR,TUR,Turkiye,1985,67232758620.6897,NA,NA,NA,2025-06-05
TR,TUR,Turkiye,1984,59937602179.8365,NA,NA,NA,2025-06-05
TR,TUR,Turkiye,1983,61803555555.5556,NA,NA,NA,2025-06-05
TR,TUR,Turkiye,1982,64369325153.3742,NA,NA,NA,2025-06-05
TR,TUR,Turkiye,1981,71180180180.1802,NA,NA,NA,2025-06-05
TR,TUR,Turkiye,1980,68823684210.5263,NA,NA,NA,2025-06-05
TR,TUR,Turkiye,1979,89616129032.2581,NA,NA,NA,2025-06-05
TR,TUR,Turkiye,1978,65912500000,NA,NA,NA,2025-06-05
TR,TUR,Turkiye,1977,58683333333.3333,NA,NA,NA,2025-06-05
TR,TUR,Turkiye,1976,51450000000,NA,NA,NA,2025-06-05
TR,TUR,Turkiye,1975,46042857142.8571,NA,NA,NA,2025-06-05
TR,TUR,Turkiye,1974,35414285714.2857,NA,NA,NA,2025-06-05
TR,TUR,Turkiye,1973,26000000000,NA,NA,NA,2025-06-05
TR,TUR,Turkiye,1972,20650000000,NA,NA,NA,2025-06-05
TR,TUR,Turkiye,1971,16166666666.6667,NA,NA,NA,2025-06-05
TR,TUR,Turkiye,1970,17863636363.6364,NA,NA,NA,2025-06-05
TR,TUR,Turkiye,1969,19466666666.6667,NA,NA,NA,2025-06-05
TR,TUR,Turkiye,1968,17500000000,NA,NA,NA,2025-06-05
TR,TUR,Turkiye,1967,15644444444.4444,NA,NA,NA,2025-06-05
TR,TUR,Turkiye,1966,14100000000,NA,NA,NA,2025-06-05
TR,TUR,Turkiye,1965,11966666666.6667,NA,NA,NA,2025-06-05
TR,TUR,Turkiye,1964,11177777777.7778,NA,NA,NA,2025-06-05
TR,TUR,Turkiye,1963,10355555555.5556,NA,NA,NA,2025-06-05
TR,TUR,Turkiye,1962,8922222222.22222,NA,NA,NA,2025-06-05
TR,TUR,Turkiye,1961,7988888888.88889,NA,NA,NA,2025-06-05
TR,TUR,Turkiye,1960,7566666666.66667,NA,NA,NA,2025-06-05
TM,TKM,Turkmenistan,2024,NA,NA,NA,NA,2025-06-05
TM,TKM,Turkmenistan,2023,60628857142.8571,NA,NA,Based on official data. Official data is not aligned with IMF GDDS standards.,2025-06-05
TM,TKM,Turkmenistan,2022,58972000000,NA,NA,Based on official data. Official data is not aligned with IMF GDDS standards.,2025-06-05
TM,TKM,Turkmenistan,2021,50007428571.4286,NA,NA,Based on official data. Official data is not aligned with IMF GDDS standards.,2025-06-05
TM,TKM,Turkmenistan,2020,45818000000,NA,NA,Based on official data. Official data is not aligned with IMF GDDS standards.,2025-06-05
TM,TKM,Turkmenistan,2019,45232857142.8571,NA,NA,Based on official data. Official data is not aligned with IMF GDDS standards.,2025-06-05
TM,TKM,Turkmenistan,2018,40765428571.4286,NA,NA,Based on official data. Official data is not aligned with IMF GDDS standards.,2025-06-05
TM,TKM,Turkmenistan,2017,37926285714.2857,NA,NA,Based on official data. Official data is not aligned with IMF GDDS standards.,2025-06-05
TM,TKM,Turkmenistan,2016,36169428571.4286,NA,NA,Based on official data. Official data is not aligned with IMF GDDS standards.,2025-06-05
TM,TKM,Turkmenistan,2015,35799714285.7143,NA,NA,Based on official data. Official data is not aligned with IMF GDDS standards.,2025-06-05
TM,TKM,Turkmenistan,2014,43524210526.3158,NA,NA,NA,2025-06-05
TM,TKM,Turkmenistan,2013,39197543859.6491,NA,NA,NA,2025-06-05
TM,TKM,Turkmenistan,2012,35164210526.3158,NA,NA,NA,2025-06-05
TM,TKM,Turkmenistan,2011,29233333333.3333,NA,NA,NA,2025-06-05
TM,TKM,Turkmenistan,2010,22583157894.7368,NA,NA,NA,2025-06-05
TM,TKM,Turkmenistan,2009,20214385964.9123,NA,NA,NA,2025-06-05
TM,TKM,Turkmenistan,2008,19271523178.8079,NA,NA,NA,2025-06-05
TM,TKM,Turkmenistan,2007,12664165103.1895,NA,NA,NA,2025-06-05
TM,TKM,Turkmenistan,2006,10276674364.8961,NA,NA,NA,2025-06-05
TM,TKM,Turkmenistan,2005,8103901996.37024,NA,NA,NA,2025-06-05
TM,TKM,Turkmenistan,2004,6838351088.46688,NA,NA,NA,2025-06-05
TM,TKM,Turkmenistan,2003,5977440582.80171,NA,NA,NA,2025-06-05
TM,TKM,Turkmenistan,2002,4462029108.72349,NA,NA,NA,2025-06-05
TM,TKM,Turkmenistan,2001,3534772732.39746,NA,NA,NA,2025-06-05
TM,TKM,Turkmenistan,2000,2904663310.9825,NA,NA,NA,2025-06-05
TM,TKM,Turkmenistan,1999,2450564100.18292,NA,NA,NA,2025-06-05
TM,TKM,Turkmenistan,1998,2605689134.49042,NA,NA,NA,2025-06-05
TM,TKM,Turkmenistan,1997,2450350625.10407,NA,NA,NA,2025-06-05
TM,TKM,Turkmenistan,1996,2378759975.44506,NA,NA,NA,2025-06-05
TM,TKM,Turkmenistan,1995,2482228439.71407,NA,NA,NA,2025-06-05
TM,TKM,Turkmenistan,1994,2561118608.35516,NA,NA,NA,2025-06-05
TM,TKM,Turkmenistan,1993,3179225948.58114,NA,NA,NA,2025-06-05
TM,TKM,Turkmenistan,1992,3200539816.0601,NA,NA,NA,2025-06-05
TM,TKM,Turkmenistan,1991,3208098919.0146,NA,NA,NA,2025-06-05
TM,TKM,Turkmenistan,1990,3189539641.3171,NA,NA,NA,2025-06-05
TM,TKM,Turkmenistan,1989,3006988216.55045,NA,NA,NA,2025-06-05
TM,TKM,Turkmenistan,1988,3010982414.24425,NA,NA,NA,2025-06-05
TM,TKM,Turkmenistan,1987,2331358819.75954,NA,NA,NA,2025-06-05
TM,TKM,Turkmenistan,1986,NA,NA,NA,NA,2025-06-05
TM,TKM,Turkmenistan,1985,NA,NA,NA,NA,2025-06-05
TM,TKM,Turkmenistan,1984,NA,NA,NA,NA,2025-06-05
TM,TKM,Turkmenistan,1983,NA,NA,NA,NA,2025-06-05
TM,TKM,Turkmenistan,1982,NA,NA,NA,NA,2025-06-05
TM,TKM,Turkmenistan,1981,NA,NA,NA,NA,2025-06-05
TM,TKM,Turkmenistan,1980,NA,NA,NA,NA,2025-06-05
TM,TKM,Turkmenistan,1979,NA,NA,NA,NA,2025-06-05
TM,TKM,Turkmenistan,1978,NA,NA,NA,NA,2025-06-05
TM,TKM,Turkmenistan,1977,NA,NA,NA,NA,2025-06-05
TM,TKM,Turkmenistan,1976,NA,NA,NA,NA,2025-06-05
TM,TKM,Turkmenistan,1975,NA,NA,NA,NA,2025-06-05
TM,TKM,Turkmenistan,1974,NA,NA,NA,NA,2025-06-05
TM,TKM,Turkmenistan,1973,NA,NA,NA,NA,2025-06-05
TM,TKM,Turkmenistan,1972,NA,NA,NA,NA,2025-06-05
TM,TKM,Turkmenistan,1971,NA,NA,NA,NA,2025-06-05
TM,TKM,Turkmenistan,1970,NA,NA,NA,NA,2025-06-05
TM,TKM,Turkmenistan,1969,NA,NA,NA,NA,2025-06-05
TM,TKM,Turkmenistan,1968,NA,NA,NA,NA,2025-06-05
TM,TKM,Turkmenistan,1967,NA,NA,NA,NA,2025-06-05
TM,TKM,Turkmenistan,1966,NA,NA,NA,NA,2025-06-05
TM,TKM,Turkmenistan,1965,NA,NA,NA,NA,2025-06-05
TM,TKM,Turkmenistan,1964,NA,NA,NA,NA,2025-06-05
TM,TKM,Turkmenistan,1963,NA,NA,NA,NA,2025-06-05
TM,TKM,Turkmenistan,1962,NA,NA,NA,NA,2025-06-05
TM,TKM,Turkmenistan,1961,NA,NA,NA,NA,2025-06-05
TM,TKM,Turkmenistan,1960,NA,NA,NA,NA,2025-06-05
TC,TCA,Turks and Caicos Islands,2024,NA,NA,NA,NA,2025-06-05
TC,TCA,Turks and Caicos Islands,2023,1402054390.94734,NA,NA,NA,2025-06-05
TC,TCA,Turks and Caicos Islands,2022,1228794382.95121,NA,NA,NA,2025-06-05
TC,TCA,Turks and Caicos Islands,2021,1045782453.5755,NA,NA,NA,2025-06-05
TC,TCA,Turks and Caicos Islands,2020,774653669.315186,NA,NA,NA,2025-06-05
TC,TCA,Turks and Caicos Islands,2019,1177285211.72521,NA,NA,NA,2025-06-05
TC,TCA,Turks and Caicos Islands,2018,1128749004.5304,NA,NA,NA,2025-06-05
TC,TCA,Turks and Caicos Islands,2017,1028941663.2,NA,NA,NA,2025-06-05
TC,TCA,Turks and Caicos Islands,2016,1032452000,NA,NA,NA,2025-06-05
TC,TCA,Turks and Caicos Islands,2015,942070000,NA,NA,NA,2025-06-05
TC,TCA,Turks and Caicos Islands,2014,841070000,NA,NA,NA,2025-06-05
TC,TCA,Turks and Caicos Islands,2013,754238000,NA,NA,NA,2025-06-05
TC,TCA,Turks and Caicos Islands,2012,727161000,NA,NA,NA,2025-06-05
TC,TCA,Turks and Caicos Islands,2011,728789600,NA,NA,NA,2025-06-05
TC,TCA,Turks and Caicos Islands,2010,686787800,NA,NA,NA,2025-06-05
TC,TCA,Turks and Caicos Islands,2009,703175800,NA,NA,NA,2025-06-05
TC,TCA,Turks and Caicos Islands,2008,862683600,NA,NA,NA,2025-06-05
TC,TCA,Turks and Caicos Islands,2007,773489700,NA,NA,NA,2025-06-05
TC,TCA,Turks and Caicos Islands,2006,721891500,NA,NA,NA,2025-06-05
TC,TCA,Turks and Caicos Islands,2005,578645800,NA,NA,NA,2025-06-05
TC,TCA,Turks and Caicos Islands,2004,485598800,NA,NA,NA,2025-06-05
TC,TCA,Turks and Caicos Islands,2003,409753600,NA,NA,NA,2025-06-05
TC,TCA,Turks and Caicos Islands,2002,366707900,NA,NA,NA,2025-06-05
TC,TCA,Turks and Caicos Islands,2001,358744800,NA,NA,NA,2025-06-05
TC,TCA,Turks and Caicos Islands,2000,NA,NA,NA,NA,2025-06-05
TC,TCA,Turks and Caicos Islands,1999,NA,NA,NA,NA,2025-06-05
TC,TCA,Turks and Caicos Islands,1998,NA,NA,NA,NA,2025-06-05
TC,TCA,Turks and Caicos Islands,1997,NA,NA,NA,NA,2025-06-05
TC,TCA,Turks and Caicos Islands,1996,NA,NA,NA,NA,2025-06-05
TC,TCA,Turks and Caicos Islands,1995,NA,NA,NA,NA,2025-06-05
TC,TCA,Turks and Caicos Islands,1994,NA,NA,NA,NA,2025-06-05
TC,TCA,Turks and Caicos Islands,1993,NA,NA,NA,NA,2025-06-05
TC,TCA,Turks and Caicos Islands,1992,NA,NA,NA,NA,2025-06-05
TC,TCA,Turks and Caicos Islands,1991,NA,NA,NA,NA,2025-06-05
TC,TCA,Turks and Caicos Islands,1990,NA,NA,NA,NA,2025-06-05
TC,TCA,Turks and Caicos Islands,1989,NA,NA,NA,NA,2025-06-05
TC,TCA,Turks and Caicos Islands,1988,NA,NA,NA,NA,2025-06-05
TC,TCA,Turks and Caicos Islands,1987,NA,NA,NA,NA,2025-06-05
TC,TCA,Turks and Caicos Islands,1986,NA,NA,NA,NA,2025-06-05
TC,TCA,Turks and Caicos Islands,1985,NA,NA,NA,NA,2025-06-05
TC,TCA,Turks and Caicos Islands,1984,NA,NA,NA,NA,2025-06-05
TC,TCA,Turks and Caicos Islands,1983,NA,NA,NA,NA,2025-06-05
TC,TCA,Turks and Caicos Islands,1982,NA,NA,NA,NA,2025-06-05
TC,TCA,Turks and Caicos Islands,1981,NA,NA,NA,NA,2025-06-05
TC,TCA,Turks and Caicos Islands,1980,NA,NA,NA,NA,2025-06-05
TC,TCA,Turks and Caicos Islands,1979,NA,NA,NA,NA,2025-06-05
TC,TCA,Turks and Caicos Islands,1978,NA,NA,NA,NA,2025-06-05
TC,TCA,Turks and Caicos Islands,1977,NA,NA,NA,NA,2025-06-05
TC,TCA,Turks and Caicos Islands,1976,NA,NA,NA,NA,2025-06-05
TC,TCA,Turks and Caicos Islands,1975,NA,NA,NA,NA,2025-06-05
TC,TCA,Turks and Caicos Islands,1974,NA,NA,NA,NA,2025-06-05
TC,TCA,Turks and Caicos Islands,1973,NA,NA,NA,NA,2025-06-05
TC,TCA,Turks and Caicos Islands,1972,NA,NA,NA,NA,2025-06-05
TC,TCA,Turks and Caicos Islands,1971,NA,NA,NA,NA,2025-06-05
TC,TCA,Turks and Caicos Islands,1970,NA,NA,NA,NA,2025-06-05
TC,TCA,Turks and Caicos Islands,1969,NA,NA,NA,NA,2025-06-05
TC,TCA,Turks and Caicos Islands,1968,NA,NA,NA,NA,2025-06-05
TC,TCA,Turks and Caicos Islands,1967,NA,NA,NA,NA,2025-06-05
TC,TCA,Turks and Caicos Islands,1966,NA,NA,NA,NA,2025-06-05
TC,TCA,Turks and Caicos Islands,1965,NA,NA,NA,NA,2025-06-05
TC,TCA,Turks and Caicos Islands,1964,NA,NA,NA,NA,2025-06-05
TC,TCA,Turks and Caicos Islands,1963,NA,NA,NA,NA,2025-06-05
TC,TCA,Turks and Caicos Islands,1962,NA,NA,NA,NA,2025-06-05
TC,TCA,Turks and Caicos Islands,1961,NA,NA,NA,NA,2025-06-05
TC,TCA,Turks and Caicos Islands,1960,NA,NA,NA,NA,2025-06-05
TV,TUV,Tuvalu,2024,NA,NA,NA,NA,2025-06-05
TV,TUV,Tuvalu,2023,62280311.5852172,NA,NA,NA,2025-06-05
TV,TUV,Tuvalu,2022,59065982.0873657,NA,NA,NA,2025-06-05
TV,TUV,Tuvalu,2021,60196405.7138393,NA,NA,NA,2025-06-05
TV,TUV,Tuvalu,2020,51746594.3148543,NA,NA,NA,2025-06-05
TV,TUV,Tuvalu,2019,54123198.5662913,NA,NA,NA,2025-06-05
TV,TUV,Tuvalu,2018,48015259.8751356,NA,NA,NA,2025-06-05
TV,TUV,Tuvalu,2017,45276595.3533146,NA,NA,NA,2025-06-05
TV,TUV,Tuvalu,2016,41629064.2232388,NA,NA,NA,2025-06-05
TV,TUV,Tuvalu,2015,36811936.0824587,NA,NA,NA,2025-06-05
TV,TUV,Tuvalu,2014,38760982.6540096,NA,NA,NA,2025-06-05
TV,TUV,Tuvalu,2013,38615890.6320745,NA,NA,NA,2025-06-05
TV,TUV,Tuvalu,2012,39345579.4723758,NA,NA,NA,2025-06-05
TV,TUV,Tuvalu,2011,39196957.4908996,NA,NA,NA,2025-06-05
TV,TUV,Tuvalu,2010,32105408.4771121,NA,NA,NA,2025-06-05
TV,TUV,Tuvalu,2009,28076983.9703819,NA,NA,NA,2025-06-05
TV,TUV,Tuvalu,2008,31874434.857882,NA,NA,NA,2025-06-05
TV,TUV,Tuvalu,2007,28450168.692765,NA,NA,NA,2025-06-05
TV,TUV,Tuvalu,2006,24096875.4635825,NA,NA,NA,2025-06-05
TV,TUV,Tuvalu,2005,22909979.8163078,NA,NA,NA,2025-06-05
TV,TUV,Tuvalu,2004,22798274.9795551,NA,NA,NA,2025-06-05
TV,TUV,Tuvalu,2003,19456338.0318228,NA,NA,NA,2025-06-05
TV,TUV,Tuvalu,2002,16842672.5952874,NA,NA,NA,2025-06-05
TV,TUV,Tuvalu,2001,13964732.327114,NA,NA,NA,2025-06-05
TV,TUV,Tuvalu,2000,15073975.5349377,NA,NA,NA,2025-06-05
TV,TUV,Tuvalu,1999,14800503.2582747,NA,NA,NA,2025-06-05
TV,TUV,Tuvalu,1998,13795146.2092638,NA,NA,NA,2025-06-05
TV,TUV,Tuvalu,1997,13734210.096632,NA,NA,NA,2025-06-05
TV,TUV,Tuvalu,1996,13338597.3300737,NA,NA,NA,2025-06-05
TV,TUV,Tuvalu,1995,11922614.1984666,NA,NA,NA,2025-06-05
TV,TUV,Tuvalu,1994,11772610.6579341,NA,NA,NA,2025-06-05
TV,TUV,Tuvalu,1993,10414399.9564792,NA,NA,NA,2025-06-05
TV,TUV,Tuvalu,1992,10535028.1423687,NA,NA,NA,2025-06-05
TV,TUV,Tuvalu,1991,10127313.9132358,NA,NA,NA,2025-06-05
TV,TUV,Tuvalu,1990,9542900.90136505,NA,NA,NA,2025-06-05
TV,TUV,Tuvalu,1989,8454523.24729257,NA,NA,NA,2025-06-05
TV,TUV,Tuvalu,1988,7011059.37136204,NA,NA,NA,2025-06-05
TV,TUV,Tuvalu,1987,5020513.49920593,NA,NA,NA,2025-06-05
TV,TUV,Tuvalu,1986,4574706.2115277,NA,NA,NA,2025-06-05
TV,TUV,Tuvalu,1985,3862851.88310194,NA,NA,NA,2025-06-05
TV,TUV,Tuvalu,1984,4481977.90255389,NA,NA,NA,2025-06-05
TV,TUV,Tuvalu,1983,4152550.30416472,NA,NA,NA,2025-06-05
TV,TUV,Tuvalu,1982,4118945.16164625,NA,NA,NA,2025-06-05
TV,TUV,Tuvalu,1981,4773017.53163822,NA,NA,NA,2025-06-05
TV,TUV,Tuvalu,1980,4206128.13370474,NA,NA,NA,2025-06-05
TV,TUV,Tuvalu,1979,4065659.43428377,NA,NA,NA,2025-06-05
TV,TUV,Tuvalu,1978,3798781.86329799,NA,NA,NA,2025-06-05
TV,TUV,Tuvalu,1977,3669419.59164946,NA,NA,NA,2025-06-05
TV,TUV,Tuvalu,1976,3919072.22992563,NA,NA,NA,2025-06-05
TV,TUV,Tuvalu,1975,4014748.0540762,NA,NA,NA,2025-06-05
TV,TUV,Tuvalu,1974,4122328.66617539,NA,NA,NA,2025-06-05
TV,TUV,Tuvalu,1973,3411915.43882127,NA,NA,NA,2025-06-05
TV,TUV,Tuvalu,1972,2968457.94392523,NA,NA,NA,2025-06-05
TV,TUV,Tuvalu,1971,2716989.58449994,NA,NA,NA,2025-06-05
TV,TUV,Tuvalu,1970,2585955.87411804,NA,NA,NA,2025-06-05
TV,TUV,Tuvalu,1969,NA,NA,NA,NA,2025-06-05
TV,TUV,Tuvalu,1968,NA,NA,NA,NA,2025-06-05
TV,TUV,Tuvalu,1967,NA,NA,NA,NA,2025-06-05
TV,TUV,Tuvalu,1966,NA,NA,NA,NA,2025-06-05
TV,TUV,Tuvalu,1965,NA,NA,NA,NA,2025-06-05
TV,TUV,Tuvalu,1964,NA,NA,NA,NA,2025-06-05
TV,TUV,Tuvalu,1963,NA,NA,NA,NA,2025-06-05
TV,TUV,Tuvalu,1962,NA,NA,NA,NA,2025-06-05
TV,TUV,Tuvalu,1961,NA,NA,NA,NA,2025-06-05
TV,TUV,Tuvalu,1960,NA,NA,NA,NA,2025-06-05
UG,UGA,Uganda,2024,NA,NA,NA,NA,2025-06-05
UG,UGA,Uganda,2023,48768955863.3175,NA,NA,NA,2025-06-05
UG,UGA,Uganda,2022,45565333210.9108,NA,NA,NA,2025-06-05
UG,UGA,Uganda,2021,40529788748.6737,NA,NA,NA,2025-06-05
UG,UGA,Uganda,2020,37600368241.6657,NA,NA,NA,2025-06-05
UG,UGA,Uganda,2019,35348155095.4215,NA,NA,NA,2025-06-05
UG,UGA,Uganda,2018,32927025619.6795,NA,NA,NA,2025-06-05
UG,UGA,Uganda,2017,30744473841.424,NA,NA,NA,2025-06-05
UG,UGA,Uganda,2016,29203988696.2626,NA,NA,NA,2025-06-05
UG,UGA,Uganda,2015,32387183730.1002,NA,NA,NA,2025-06-05
UG,UGA,Uganda,2014,32612397257.4458,NA,NA,NA,2025-06-05
UG,UGA,Uganda,2013,28915786516.6123,NA,NA,NA,2025-06-05
UG,UGA,Uganda,2012,27305915910.7877,NA,NA,NA,2025-06-05
UG,UGA,Uganda,2011,27871725241.4723,NA,NA,NA,2025-06-05
UG,UGA,Uganda,2010,26673441430.7857,NA,NA,NA,2025-06-05
UG,UGA,Uganda,2009,25127805566.6584,NA,NA,NA,2025-06-05
UG,UGA,Uganda,2008,14440404132.2047,NA,NA,NA,2025-06-05
UG,UGA,Uganda,2007,11902564494.8833,NA,NA,NA,2025-06-05
UG,UGA,Uganda,2006,9977647682.96954,NA,NA,NA,2025-06-05
UG,UGA,Uganda,2005,9239221763.05793,NA,NA,NA,2025-06-05
UG,UGA,Uganda,2004,7939487547.77384,NA,NA,NA,2025-06-05
UG,UGA,Uganda,2003,6606884275.23087,NA,NA,NA,2025-06-05
UG,UGA,Uganda,2002,6178563591.12051,NA,NA,NA,2025-06-05
UG,UGA,Uganda,2001,5840503868.51573,NA,NA,NA,2025-06-05
UG,UGA,Uganda,2000,6193246837.09687,NA,NA,NA,2025-06-05
UG,UGA,Uganda,1999,5998563257.94659,NA,NA,NA,2025-06-05
UG,UGA,Uganda,1998,6584815846.52754,NA,NA,NA,2025-06-05
UG,UGA,Uganda,1997,6269333313.17108,NA,NA,NA,2025-06-05
UG,UGA,Uganda,1996,6044585326.938,NA,NA,NA,2025-06-05
UG,UGA,Uganda,1995,5755818842.49246,NA,NA,NA,2025-06-05
UG,UGA,Uganda,1994,3990430446.71216,NA,NA,NA,2025-06-05
UG,UGA,Uganda,1993,3220439044.18949,NA,NA,NA,2025-06-05
UG,UGA,Uganda,1992,2857457761.90922,NA,NA,NA,2025-06-05
UG,UGA,Uganda,1991,3321729159.62277,NA,NA,NA,2025-06-05
UG,UGA,Uganda,1990,4304399310.30967,NA,NA,NA,2025-06-05
UG,UGA,Uganda,1989,5276480799.33868,NA,NA,NA,2025-06-05
UG,UGA,Uganda,1988,6508931651.66667,NA,NA,NA,2025-06-05
UG,UGA,Uganda,1987,6269522042.11556,NA,NA,NA,2025-06-05
UG,UGA,Uganda,1986,3923244049.95796,NA,NA,NA,2025-06-05
UG,UGA,Uganda,1985,3519695443.52516,NA,NA,NA,2025-06-05
UG,UGA,Uganda,1984,3615647477.05434,NA,NA,NA,2025-06-05
UG,UGA,Uganda,1983,2240333333.33333,NA,NA,NA,2025-06-05
UG,UGA,Uganda,1982,2177500000,NA,NA,NA,2025-06-05
UG,UGA,Uganda,1981,1337300000,NA,NA,NA,2025-06-05
UG,UGA,Uganda,1980,1244610000,NA,NA,NA,2025-06-05
UG,UGA,Uganda,1979,2139025000,NA,NA,NA,2025-06-05
UG,UGA,Uganda,1978,2420260869.56522,NA,NA,NA,2025-06-05
UG,UGA,Uganda,1977,2936470588.23529,NA,NA,NA,2025-06-05
UG,UGA,Uganda,1976,2447300000,NA,NA,NA,2025-06-05
UG,UGA,Uganda,1975,2359555555.55556,NA,NA,NA,2025-06-05
UG,UGA,Uganda,1974,2098944967.20844,NA,NA,NA,2025-06-05
UG,UGA,Uganda,1973,1701829789.02127,NA,NA,NA,2025-06-05
UG,UGA,Uganda,1972,1490970180.59639,NA,NA,NA,2025-06-05
UG,UGA,Uganda,1971,1417191656.16688,NA,NA,NA,2025-06-05
UG,UGA,Uganda,1970,1259554808.90382,NA,NA,NA,2025-06-05
UG,UGA,Uganda,1969,1168556628.86742,NA,NA,NA,2025-06-05
UG,UGA,Uganda,1968,1037379252.41495,NA,NA,NA,2025-06-05
UG,UGA,Uganda,1967,967240655.186896,NA,NA,NA,2025-06-05
UG,UGA,Uganda,1966,925381492.370153,NA,NA,NA,2025-06-05
UG,UGA,Uganda,1965,884502309.953801,NA,NA,NA,2025-06-05
UG,UGA,Uganda,1964,589247687.30035,NA,NA,NA,2025-06-05
UG,UGA,Uganda,1963,516315231.449087,NA,NA,NA,2025-06-05
UG,UGA,Uganda,1962,449158233.391351,NA,NA,NA,2025-06-05
UG,UGA,Uganda,1961,441667334.611947,NA,NA,NA,2025-06-05
UG,UGA,Uganda,1960,423145605.043164,NA,NA,NA,2025-06-05
UA,UKR,Ukraine,2024,NA,NA,NA,NA,2025-06-05
UA,UKR,Ukraine,2023,178757021965.008,NA,NA,NA,2025-06-05
UA,UKR,Ukraine,2022,161989520721.19,NA,NA,NA,2025-06-05
UA,UKR,Ukraine,2021,199765859570.935,NA,NA,NA,2025-06-05
UA,UKR,Ukraine,2020,156617722013.342,NA,NA,NA,2025-06-05
UA,UKR,Ukraine,2019,153883047509.577,NA,NA,NA,2025-06-05
UA,UKR,Ukraine,2018,130891088293.55,NA,NA,NA,2025-06-05
UA,UKR,Ukraine,2017,112090505081.739,NA,NA,NA,2025-06-05
UA,UKR,Ukraine,2016,93355869403.9223,NA,NA,NA,2025-06-05
UA,UKR,Ukraine,2015,91030967789.0717,NA,NA,"Based on data from official statistics of Ukraine and Russian Federation; by relying on these data, the World Bank does not intend to make any judgment on the legal or other status of the territories concerned or to prejudice the final determination of the parties' claims.",2025-06-05
UA,UKR,Ukraine,2014,133503871861.723,NA,NA,"Based on data from official statistics of Ukraine and Russian Federation; by relying on these data, the World Bank does not intend to make any judgment on the legal or other status of the territories concerned or to prejudice the final determination of the parties' claims.",2025-06-05
UA,UKR,Ukraine,2013,190498811460.028,NA,NA,NA,2025-06-05
UA,UKR,Ukraine,2012,182591753827.949,NA,NA,NA,2025-06-05
UA,UKR,Ukraine,2011,169333835201.554,NA,NA,NA,2025-06-05
UA,UKR,Ukraine,2010,141209170427.233,NA,NA,NA,2025-06-05
UA,UKR,Ukraine,2009,121552153444.124,NA,NA,NA,2025-06-05
UA,UKR,Ukraine,2008,188110390659.515,NA,NA,NA,2025-06-05
UA,UKR,Ukraine,2007,148733861386.139,NA,NA,NA,2025-06-05
UA,UKR,Ukraine,2006,111884752475.248,NA,NA,NA,2025-06-05
UA,UKR,Ukraine,2005,89238865118.5263,NA,NA,NA,2025-06-05
UA,UKR,Ukraine,2004,67220154164.3166,NA,NA,NA,2025-06-05
UA,UKR,Ukraine,2003,52010355753.0461,NA,NA,NA,2025-06-05
UA,UKR,Ukraine,2002,43956163612.0433,NA,NA,NA,2025-06-05
UA,UKR,Ukraine,2001,39309580983.2282,NA,NA,NA,2025-06-05
UA,UKR,Ukraine,2000,32375083934.8241,NA,NA,NA,2025-06-05
UA,UKR,Ukraine,1999,31580639553.8298,NA,NA,NA,2025-06-05
UA,UKR,Ukraine,1998,41882523345.1804,NA,NA,NA,2025-06-05
UA,UKR,Ukraine,1997,50151531591.7317,NA,NA,NA,2025-06-05
UA,UKR,Ukraine,1996,44558831005.0621,NA,NA,NA,2025-06-05
UA,UKR,Ukraine,1995,48213856468.5718,NA,NA,NA,2025-06-05
UA,UKR,Ukraine,1994,52549553403.0304,NA,NA,NA,2025-06-05
UA,UKR,Ukraine,1993,65648559903.0571,NA,NA,NA,2025-06-05
UA,UKR,Ukraine,1992,73945908383.7046,NA,NA,NA,2025-06-05
UA,UKR,Ukraine,1991,77350733982.4458,NA,NA,NA,2025-06-05
UA,UKR,Ukraine,1990,81393558423.4406,NA,NA,NA,2025-06-05
UA,UKR,Ukraine,1989,82709161099.1244,NA,NA,NA,2025-06-05
UA,UKR,Ukraine,1988,74703517902.6642,NA,NA,NA,2025-06-05
UA,UKR,Ukraine,1987,64087694038.2333,NA,NA,NA,2025-06-05
UA,UKR,Ukraine,1986,NA,NA,NA,NA,2025-06-05
UA,UKR,Ukraine,1985,NA,NA,NA,NA,2025-06-05
UA,UKR,Ukraine,1984,NA,NA,NA,NA,2025-06-05
UA,UKR,Ukraine,1983,NA,NA,NA,NA,2025-06-05
UA,UKR,Ukraine,1982,NA,NA,NA,NA,2025-06-05
UA,UKR,Ukraine,1981,NA,NA,NA,NA,2025-06-05
UA,UKR,Ukraine,1980,NA,NA,NA,NA,2025-06-05
UA,UKR,Ukraine,1979,NA,NA,NA,NA,2025-06-05
UA,UKR,Ukraine,1978,NA,NA,NA,NA,2025-06-05
UA,UKR,Ukraine,1977,NA,NA,NA,NA,2025-06-05
UA,UKR,Ukraine,1976,NA,NA,NA,NA,2025-06-05
UA,UKR,Ukraine,1975,NA,NA,NA,NA,2025-06-05
UA,UKR,Ukraine,1974,NA,NA,NA,NA,2025-06-05
UA,UKR,Ukraine,1973,NA,NA,NA,NA,2025-06-05
UA,UKR,Ukraine,1972,NA,NA,NA,NA,2025-06-05
UA,UKR,Ukraine,1971,NA,NA,NA,NA,2025-06-05
UA,UKR,Ukraine,1970,NA,NA,NA,NA,2025-06-05
UA,UKR,Ukraine,1969,NA,NA,NA,NA,2025-06-05
UA,UKR,Ukraine,1968,NA,NA,NA,NA,2025-06-05
UA,UKR,Ukraine,1967,NA,NA,NA,NA,2025-06-05
UA,UKR,Ukraine,1966,NA,NA,NA,NA,2025-06-05
UA,UKR,Ukraine,1965,NA,NA,NA,NA,2025-06-05
UA,UKR,Ukraine,1964,NA,NA,NA,NA,2025-06-05
UA,UKR,Ukraine,1963,NA,NA,NA,NA,2025-06-05
UA,UKR,Ukraine,1962,NA,NA,NA,NA,2025-06-05
UA,UKR,Ukraine,1961,NA,NA,NA,NA,2025-06-05
UA,UKR,Ukraine,1960,NA,NA,NA,NA,2025-06-05
AE,ARE,United Arab Emirates,2024,NA,NA,NA,NA,2025-06-05
AE,ARE,United Arab Emirates,2023,514130432653.081,NA,NA,NA,2025-06-05
AE,ARE,United Arab Emirates,2022,502731935197.487,NA,NA,NA,2025-06-05
AE,ARE,United Arab Emirates,2021,415178792769.884,NA,NA,NA,2025-06-05
AE,ARE,United Arab Emirates,2020,349473015336.939,NA,NA,NA,2025-06-05
AE,ARE,United Arab Emirates,2019,417989721734.494,NA,NA,NA,2025-06-05
AE,ARE,United Arab Emirates,2018,427049432149.345,NA,NA,NA,2025-06-05
AE,ARE,United Arab Emirates,2017,390516804016.501,NA,NA,NA,2025-06-05
AE,ARE,United Arab Emirates,2016,369255326235.771,NA,NA,NA,2025-06-05
AE,ARE,United Arab Emirates,2015,370275469560.166,NA,NA,NA,2025-06-05
AE,ARE,United Arab Emirates,2014,414105366758.911,NA,NA,NA,2025-06-05
AE,ARE,United Arab Emirates,2013,400218529747.597,NA,NA,NA,2025-06-05
AE,ARE,United Arab Emirates,2012,384610125384.033,NA,NA,NA,2025-06-05
AE,ARE,United Arab Emirates,2011,360832739558.385,NA,NA,NA,2025-06-05
AE,ARE,United Arab Emirates,2010,300189052694.029,NA,NA,NA,2025-06-05
AE,ARE,United Arab Emirates,2009,253547358747.447,NA,NA,NA,2025-06-05
AE,ARE,United Arab Emirates,2008,315474615738.598,NA,NA,NA,2025-06-05
AE,ARE,United Arab Emirates,2007,257916133424.098,NA,NA,NA,2025-06-05
AE,ARE,United Arab Emirates,2006,222116541865.214,NA,NA,NA,2025-06-05
AE,ARE,United Arab Emirates,2005,180617467964.602,NA,NA,NA,2025-06-05
AE,ARE,United Arab Emirates,2004,147824370319.946,NA,NA,NA,2025-06-05
AE,ARE,United Arab Emirates,2003,124346358066.712,NA,NA,NA,2025-06-05
AE,ARE,United Arab Emirates,2002,109816201497.617,NA,NA,NA,2025-06-05
AE,ARE,United Arab Emirates,2001,103311640571.818,NA,NA,NA,2025-06-05
AE,ARE,United Arab Emirates,2000,104337372362.151,NA,NA,NA,2025-06-05
AE,ARE,United Arab Emirates,1999,84445473110.9598,NA,NA,NA,2025-06-05
AE,ARE,United Arab Emirates,1998,75674336283.1858,NA,NA,NA,2025-06-05
AE,ARE,United Arab Emirates,1997,78839008444.5655,NA,NA,NA,2025-06-05
AE,ARE,United Arab Emirates,1996,73571233996.1863,NA,NA,NA,2025-06-05
AE,ARE,United Arab Emirates,1995,65743666575.8649,NA,NA,NA,2025-06-05
AE,ARE,United Arab Emirates,1994,59305093979.842,NA,NA,NA,2025-06-05
AE,ARE,United Arab Emirates,1993,55625170253.337,NA,NA,NA,2025-06-05
AE,ARE,United Arab Emirates,1992,54239171887.769,NA,NA,NA,2025-06-05
AE,ARE,United Arab Emirates,1991,51552165622.4462,NA,NA,NA,2025-06-05
AE,ARE,United Arab Emirates,1990,50701443748.2975,NA,NA,NA,2025-06-05
AE,ARE,United Arab Emirates,1989,41464995913.9199,NA,NA,NA,2025-06-05
AE,ARE,United Arab Emirates,1988,36275674203.2144,NA,NA,NA,2025-06-05
AE,ARE,United Arab Emirates,1987,36384908744.2114,NA,NA,NA,2025-06-05
AE,ARE,United Arab Emirates,1986,33943612094.7971,NA,NA,NA,2025-06-05
AE,ARE,United Arab Emirates,1985,40603650231.5445,NA,NA,NA,2025-06-05
AE,ARE,United Arab Emirates,1984,41807954235.903,NA,NA,NA,2025-06-05
AE,ARE,United Arab Emirates,1983,42803323345.1376,NA,NA,NA,2025-06-05
AE,ARE,United Arab Emirates,1982,46622718605.2847,NA,NA,NA,2025-06-05
AE,ARE,United Arab Emirates,1981,49333424135.1131,NA,NA,NA,2025-06-05
AE,ARE,United Arab Emirates,1980,43599160050.3322,NA,NA,NA,2025-06-05
AE,ARE,United Arab Emirates,1979,31225659620.9951,NA,NA,NA,2025-06-05
AE,ARE,United Arab Emirates,1978,23775764224.6832,NA,NA,NA,2025-06-05
AE,ARE,United Arab Emirates,1977,24871775164.6043,NA,NA,NA,2025-06-05
AE,ARE,United Arab Emirates,1976,19213158778.7928,NA,NA,NA,2025-06-05
AE,ARE,United Arab Emirates,1975,14720728248.5355,NA,NA,NA,2025-06-05
AE,ARE,United Arab Emirates,1974,11651505689.4244,NA,NA,NA,2025-06-05
AE,ARE,United Arab Emirates,1973,4231243615.86089,NA,NA,NA,2025-06-05
AE,ARE,United Arab Emirates,1972,1415086929.3006,NA,NA,NA,2025-06-05
AE,ARE,United Arab Emirates,1971,939893599.634201,NA,NA,NA,2025-06-05
AE,ARE,United Arab Emirates,1970,685986701.316701,NA,NA,NA,2025-06-05
AE,ARE,United Arab Emirates,1969,NA,NA,NA,NA,2025-06-05
AE,ARE,United Arab Emirates,1968,NA,NA,NA,NA,2025-06-05
AE,ARE,United Arab Emirates,1967,NA,NA,NA,NA,2025-06-05
AE,ARE,United Arab Emirates,1966,NA,NA,NA,NA,2025-06-05
AE,ARE,United Arab Emirates,1965,NA,NA,NA,NA,2025-06-05
AE,ARE,United Arab Emirates,1964,NA,NA,NA,NA,2025-06-05
AE,ARE,United Arab Emirates,1963,NA,NA,NA,NA,2025-06-05
AE,ARE,United Arab Emirates,1962,NA,NA,NA,NA,2025-06-05
AE,ARE,United Arab Emirates,1961,NA,NA,NA,NA,2025-06-05
AE,ARE,United Arab Emirates,1960,NA,NA,NA,NA,2025-06-05
GB,GBR,United Kingdom,2024,NA,NA,NA,NA,2025-06-05
GB,GBR,United Kingdom,2023,3380854520809.54,NA,NA,NA,2025-06-05
GB,GBR,United Kingdom,2022,3114042471144.39,NA,NA,NA,2025-06-05
GB,GBR,United Kingdom,2021,3143323050707.26,NA,NA,NA,2025-06-05
GB,GBR,United Kingdom,2020,2696778386607.65,NA,NA,NA,2025-06-05
GB,GBR,United Kingdom,2019,2851407164907.81,NA,NA,NA,2025-06-05
GB,GBR,United Kingdom,2018,2871340347581.79,NA,NA,NA,2025-06-05
GB,GBR,United Kingdom,2017,2680148052335.3,NA,NA,NA,2025-06-05
GB,GBR,United Kingdom,2016,2689106566899.61,NA,NA,NA,2025-06-05
GB,GBR,United Kingdom,2015,2927911140916.73,NA,NA,NA,2025-06-05
GB,GBR,United Kingdom,2014,3064708247921.43,NA,NA,NA,2025-06-05
GB,GBR,United Kingdom,2013,2784853502534.29,NA,NA,NA,2025-06-05
GB,GBR,United Kingdom,2012,2707089726614.64,NA,NA,NA,2025-06-05
GB,GBR,United Kingdom,2011,2663805834828.07,NA,NA,NA,2025-06-05
GB,GBR,United Kingdom,2010,2485482596184.71,NA,NA,NA,2025-06-05
GB,GBR,United Kingdom,2009,2412840006231.5,NA,NA,NA,2025-06-05
GB,GBR,United Kingdom,2008,2929411764705.88,NA,NA,NA,2025-06-05
GB,GBR,United Kingdom,2007,3090510204081.63,NA,NA,NA,2025-06-05
GB,GBR,United Kingdom,2006,2708441582336.71,NA,NA,NA,2025-06-05
GB,GBR,United Kingdom,2005,2543180000000,NA,NA,NA,2025-06-05
GB,GBR,United Kingdom,2004,2421525082387.4,NA,NA,NA,2025-06-05
GB,GBR,United Kingdom,2003,2054422857142.86,NA,NA,NA,2025-06-05
GB,GBR,United Kingdom,2002,1785729916067.15,NA,NA,NA,2025-06-05
GB,GBR,United Kingdom,2001,1649827263567.01,NA,NA,NA,2025-06-05
GB,GBR,United Kingdom,2000,1665534876683.31,NA,NA,NA,2025-06-05
GB,GBR,United Kingdom,1999,1687830448147.55,NA,NA,NA,2025-06-05
GB,GBR,United Kingdom,1998,1653694932096.72,NA,NA,NA,2025-06-05
GB,GBR,United Kingdom,1997,1560911918795.02,NA,NA,NA,2025-06-05
GB,GBR,United Kingdom,1996,1419645865834.63,NA,NA,NA,2025-06-05
GB,GBR,United Kingdom,1995,1344240176739.78,NA,NA,NA,2025-06-05
GB,GBR,United Kingdom,1994,1140489745944.29,NA,NA,NA,2025-06-05
GB,GBR,United Kingdom,1993,1061388722255.55,NA,NA,NA,2025-06-05
GB,GBR,United Kingdom,1992,1179659529659.53,NA,NA,NA,2025-06-05
GB,GBR,United Kingdom,1991,1142797178130.51,NA,NA,NA,2025-06-05
GB,GBR,United Kingdom,1990,1093169389204.55,NA,NA,NA,2025-06-05
GB,GBR,United Kingdom,1989,926884816753.927,NA,NA,NA,2025-06-05
GB,GBR,United Kingdom,1988,910122732123.799,NA,NA,NA,2025-06-05
GB,GBR,United Kingdom,1987,745162608269.325,NA,NA,NA,2025-06-05
GB,GBR,United Kingdom,1986,601452653180.885,NA,NA,NA,2025-06-05
GB,GBR,United Kingdom,1985,489285164271.047,NA,NA,NA,2025-06-05
GB,GBR,United Kingdom,1984,461487097632.349,NA,NA,NA,2025-06-05
GB,GBR,United Kingdom,1983,489618008185.539,NA,NA,NA,2025-06-05
GB,GBR,United Kingdom,1982,515048916841.37,NA,NA,NA,2025-06-05
GB,GBR,United Kingdom,1981,540765675241.158,NA,NA,NA,2025-06-05
GB,GBR,United Kingdom,1980,564947710899.373,NA,NA,NA,2025-06-05
GB,GBR,United Kingdom,1979,438994070309.191,NA,NA,NA,2025-06-05
GB,GBR,United Kingdom,1978,335883029721.956,NA,NA,NA,2025-06-05
GB,GBR,United Kingdom,1977,263066457352.172,NA,NA,NA,2025-06-05
GB,GBR,United Kingdom,1976,232614555256.065,NA,NA,NA,2025-06-05
GB,GBR,United Kingdom,1975,241756637168.142,NA,NA,NA,2025-06-05
GB,GBR,United Kingdom,1974,206131369798.971,NA,NA,NA,2025-06-05
GB,GBR,United Kingdom,1973,192537971582.558,NA,NA,NA,2025-06-05
GB,GBR,United Kingdom,1972,169965034965.035,NA,NA,NA,2025-06-05
GB,GBR,United Kingdom,1971,148113896325.14,NA,NA,NA,2025-06-05
GB,GBR,United Kingdom,1970,130671946244.3,NA,NA,NA,2025-06-05
GB,GBR,United Kingdom,1969,116464702803.218,NA,NA,NA,2025-06-05
GB,GBR,United Kingdom,1968,107759910067.889,NA,NA,NA,2025-06-05
GB,GBR,United Kingdom,1967,113116888210.787,NA,NA,NA,2025-06-05
GB,GBR,United Kingdom,1966,108572752102.045,NA,NA,NA,2025-06-05
GB,GBR,United Kingdom,1965,101824755078.991,NA,NA,NA,2025-06-05
GB,GBR,United Kingdom,1964,94407558351.1616,NA,NA,NA,2025-06-05
GB,GBR,United Kingdom,1963,86561961812.3249,NA,NA,NA,2025-06-05
GB,GBR,United Kingdom,1962,81247564156.8246,NA,NA,NA,2025-06-05
GB,GBR,United Kingdom,1961,77741965703.3544,NA,NA,NA,2025-06-05
GB,GBR,United Kingdom,1960,73233967692.1028,NA,NA,NA,2025-06-05
US,USA,United States,2024,NA,NA,NA,NA,2025-06-05
US,USA,United States,2023,27720709000000,NA,NA,NA,2025-06-05
US,USA,United States,2022,26006893000000,NA,NA,NA,2025-06-05
US,USA,United States,2021,23681171000000,NA,NA,NA,2025-06-05
US,USA,United States,2020,21354105000000,NA,NA,NA,2025-06-05
US,USA,United States,2019,21539982000000,NA,NA,NA,2025-06-05
US,USA,United States,2018,20656516000000,NA,NA,NA,2025-06-05
US,USA,United States,2017,19612102000000,NA,NA,NA,2025-06-05
US,USA,United States,2016,18804913000000,NA,NA,NA,2025-06-05
US,USA,United States,2015,18295019000000,NA,NA,NA,2025-06-05
US,USA,United States,2014,17608138000000,NA,NA,NA,2025-06-05
US,USA,United States,2013,16880683000000,NA,NA,NA,2025-06-05
US,USA,United States,2012,16253970000000,NA,NA,NA,2025-06-05
US,USA,United States,2011,15599732000000,NA,NA,NA,2025-06-05
US,USA,United States,2010,15048971000000,NA,NA,NA,2025-06-05
US,USA,United States,2009,14478067000000,NA,NA,NA,2025-06-05
US,USA,United States,2008,14769862000000,NA,NA,NA,2025-06-05
US,USA,United States,2007,14474228000000,NA,NA,NA,2025-06-05
US,USA,United States,2006,13815583000000,NA,NA,NA,2025-06-05
US,USA,United States,2005,13039197000000,NA,NA,NA,2025-06-05
US,USA,United States,2004,12217196000000,NA,NA,NA,2025-06-05
US,USA,United States,2003,11456450000000,NA,NA,NA,2025-06-05
US,USA,United States,2002,10929108000000,NA,NA,NA,2025-06-05
US,USA,United States,2001,10581929000000,NA,NA,NA,2025-06-05
US,USA,United States,2000,10250952000000,NA,NA,NA,2025-06-05
US,USA,United States,1999,9631172000000,NA,NA,NA,2025-06-05
US,USA,United States,1998,9062817000000,NA,NA,NA,2025-06-05
US,USA,United States,1997,8577552000000,NA,NA,NA,2025-06-05
US,USA,United States,1996,8073122000000,NA,NA,NA,2025-06-05
US,USA,United States,1995,7639749000000,NA,NA,NA,2025-06-05
US,USA,United States,1994,7287236000000,NA,NA,NA,2025-06-05
US,USA,United States,1993,6858559000000,NA,NA,NA,2025-06-05
US,USA,United States,1992,6520327000000,NA,NA,NA,2025-06-05
US,USA,United States,1991,6158129000000,NA,NA,NA,2025-06-05
US,USA,United States,1990,5963144000000,NA,NA,NA,2025-06-05
US,USA,United States,1989,5641580000000,NA,NA,NA,2025-06-05
US,USA,United States,1988,5236438000000,NA,NA,NA,2025-06-05
US,USA,United States,1987,4855215000000,NA,NA,NA,2025-06-05
US,USA,United States,1986,4579631000000,NA,NA,NA,2025-06-05
US,USA,United States,1985,4338979000000,NA,NA,NA,2025-06-05
US,USA,United States,1984,4037613000000,NA,NA,NA,2025-06-05
US,USA,United States,1983,3634038000000,NA,NA,NA,2025-06-05
US,USA,United States,1982,3343789000000,NA,NA,NA,2025-06-05
US,USA,United States,1981,3207041000000,NA,NA,NA,2025-06-05
US,USA,United States,1980,2857307000000,NA,NA,NA,2025-06-05
US,USA,United States,1979,2627333000000,NA,NA,NA,2025-06-05
US,USA,United States,1978,2351599000000,NA,NA,NA,2025-06-05
US,USA,United States,1977,2081826000000,NA,NA,NA,2025-06-05
US,USA,United States,1976,1873412000000,NA,NA,NA,2025-06-05
US,USA,United States,1975,1684904000000,NA,NA,NA,2025-06-05
US,USA,United States,1974,1545243000000,NA,NA,NA,2025-06-05
US,USA,United States,1973,1425376000000,NA,NA,NA,2025-06-05
US,USA,United States,1972,1279110000000,NA,NA,NA,2025-06-05
US,USA,United States,1971,1164850000000,NA,NA,NA,2025-06-05
US,USA,United States,1970,1073303000000,NA,NA,NA,2025-06-05
US,USA,United States,1969,1017438172413.79,NA,NA,NA,2025-06-05
US,USA,United States,1968,940225000000,NA,NA,NA,2025-06-05
US,USA,United States,1967,859620034482.759,NA,NA,NA,2025-06-05
US,USA,United States,1966,813032758620.69,NA,NA,NA,2025-06-05
US,USA,United States,1965,741904862068.965,NA,NA,NA,2025-06-05
US,USA,United States,1964,684144620689.655,NA,NA,NA,2025-06-05
US,USA,United States,1963,637058551724.138,NA,NA,NA,2025-06-05
US,USA,United States,1962,603639413793.103,NA,NA,NA,2025-06-05
US,USA,United States,1961,561940310344.828,NA,NA,NA,2025-06-05
US,USA,United States,1960,541988586206.897,NA,NA,NA,2025-06-05
UY,URY,Uruguay,2024,NA,NA,NA,NA,2025-06-05
UY,URY,Uruguay,2023,77240830877.4597,NA,NA,NA,2025-06-05
UY,URY,Uruguay,2022,70164683290.3776,NA,NA,NA,2025-06-05
UY,URY,Uruguay,2021,60760798595.5436,NA,NA,NA,2025-06-05
UY,URY,Uruguay,2020,53668636567.8667,NA,NA,NA,2025-06-05
UY,URY,Uruguay,2019,62222325807.0578,NA,NA,NA,2025-06-05
UY,URY,Uruguay,2018,65344576348.2279,NA,NA,NA,2025-06-05
UY,URY,Uruguay,2017,65006039994.56,NA,NA,NA,2025-06-05
UY,URY,Uruguay,2016,57480788390.2581,NA,NA,NA,2025-06-05
UY,URY,Uruguay,2015,57680327998.6689,NA,NA,NA,2025-06-05
UY,URY,Uruguay,2014,61496186973.902,NA,NA,NA,2025-06-05
UY,URY,Uruguay,2013,61337621933.7857,NA,NA,NA,2025-06-05
UY,URY,Uruguay,2012,54232266358.7811,NA,NA,NA,2025-06-05
UY,URY,Uruguay,2011,50342406067.0777,NA,NA,NA,2025-06-05
UY,URY,Uruguay,2010,41950361211.9581,NA,NA,NA,2025-06-05
UY,URY,Uruguay,2009,32708319077.5179,NA,NA,NA,2025-06-05
UY,URY,Uruguay,2008,31119602538.8322,NA,NA,NA,2025-06-05
UY,URY,Uruguay,2007,23797773024.3992,NA,NA,NA,2025-06-05
UY,URY,Uruguay,2006,19741420739.8901,NA,NA,NA,2025-06-05
UY,URY,Uruguay,2005,17362857683.8545,NA,NA,NA,2025-06-05
UY,URY,Uruguay,2004,13686329890.1191,NA,NA,NA,2025-06-05
UY,URY,Uruguay,2003,12045638351.8507,NA,NA,NA,2025-06-05
UY,URY,Uruguay,2002,13606515722.5864,NA,NA,NA,2025-06-05
UY,URY,Uruguay,2001,20898761742.2386,NA,NA,NA,2025-06-05
UY,URY,Uruguay,2000,22823270892.1094,NA,NA,NA,2025-06-05
UY,URY,Uruguay,1999,23983945190.6202,NA,NA,NA,2025-06-05
UY,URY,Uruguay,1998,25385886977.5228,NA,NA,NA,2025-06-05
UY,URY,Uruguay,1997,23969739233.8966,NA,NA,NA,2025-06-05
UY,URY,Uruguay,1996,20515458113.5857,NA,NA,NA,2025-06-05
UY,URY,Uruguay,1995,19297663096.5506,NA,NA,NA,2025-06-05
UY,URY,Uruguay,1994,17474588895.8918,NA,NA,NA,2025-06-05
UY,URY,Uruguay,1993,15002136971.1745,NA,NA,NA,2025-06-05
UY,URY,Uruguay,1992,12878148790.7348,NA,NA,NA,2025-06-05
UY,URY,Uruguay,1991,11206176650.9075,NA,NA,NA,2025-06-05
UY,URY,Uruguay,1990,9298807850.29979,NA,NA,NA,2025-06-05
UY,URY,Uruguay,1989,8438951476.06644,NA,NA,NA,2025-06-05
UY,URY,Uruguay,1988,8213538368.84635,NA,NA,NA,2025-06-05
UY,URY,Uruguay,1987,7367494080.40014,NA,NA,NA,2025-06-05
UY,URY,Uruguay,1986,5880112788.40947,NA,NA,NA,2025-06-05
UY,URY,Uruguay,1985,4732017873.38369,NA,NA,NA,2025-06-05
UY,URY,Uruguay,1984,4850238549.61832,NA,NA,NA,2025-06-05
UY,URY,Uruguay,1983,5102276308.45313,NA,NA,NA,2025-06-05
UY,URY,Uruguay,1982,9178780076.99713,NA,NA,NA,2025-06-05
UY,URY,Uruguay,1981,11048301420.6301,NA,NA,NA,2025-06-05
UY,URY,Uruguay,1980,10163020115.7344,NA,NA,NA,2025-06-05
UY,URY,Uruguay,1979,7181182224.11227,NA,NA,NA,2025-06-05
UY,URY,Uruguay,1978,4910254565.57831,NA,NA,NA,2025-06-05
UY,URY,Uruguay,1977,4114670014.3472,NA,NA,NA,2025-06-05
UY,URY,Uruguay,1976,3667161241.48372,NA,NA,NA,2025-06-05
UY,URY,Uruguay,1975,3538278046.96236,NA,NA,NA,2025-06-05
UY,URY,Uruguay,1974,4090209681.97172,NA,NA,NA,2025-06-05
UY,URY,Uruguay,1973,3964296443.35254,NA,NA,NA,2025-06-05
UY,URY,Uruguay,1972,2189418688.80408,NA,NA,NA,2025-06-05
UY,URY,Uruguay,1971,2807258064.51613,NA,NA,NA,2025-06-05
UY,URY,Uruguay,1970,2137096774.19355,NA,NA,NA,2025-06-05
UY,URY,Uruguay,1969,2004435483.87097,NA,NA,NA,2025-06-05
UY,URY,Uruguay,1968,1593674184.56285,NA,NA,NA,2025-06-05
UY,URY,Uruguay,1967,1597713469.09611,NA,NA,NA,2025-06-05
UY,URY,Uruguay,1966,1809185093.55188,NA,NA,NA,2025-06-05
UY,URY,Uruguay,1965,1890767155.52622,NA,NA,NA,2025-06-05
UY,URY,Uruguay,1964,1975701816.46615,NA,NA,NA,2025-06-05
UY,URY,Uruguay,1963,1539681490.78174,NA,NA,NA,2025-06-05
UY,URY,Uruguay,1962,1710004407.22785,NA,NA,NA,2025-06-05
UY,URY,Uruguay,1961,1547388781.43133,NA,NA,NA,2025-06-05
UY,URY,Uruguay,1960,1242289239.20493,NA,NA,NA,2025-06-05
UZ,UZB,Uzbekistan,2024,NA,NA,NA,NA,2025-06-05
UZ,UZB,Uzbekistan,2023,101591769702.343,NA,NA,NA,2025-06-05
UZ,UZB,Uzbekistan,2022,90095926567.4359,NA,NA,NA,2025-06-05
UZ,UZB,Uzbekistan,2021,77340060003.0347,NA,NA,NA,2025-06-05
UZ,UZB,Uzbekistan,2020,66443265418.3086,NA,NA,NA,2025-06-05
UZ,UZB,Uzbekistan,2019,67293639798.3996,NA,NA,NA,2025-06-05
UZ,UZB,Uzbekistan,2018,58695899092.1083,NA,NA,NA,2025-06-05
UZ,UZB,Uzbekistan,2017,69703222282.7278,NA,NA,NA,2025-06-05
UZ,UZB,Uzbekistan,2016,86138288644.171,NA,NA,NA,2025-06-05
UZ,UZB,Uzbekistan,2015,86196264755.3105,NA,NA,NA,2025-06-05
UZ,UZB,Uzbekistan,2014,80845385809.4529,NA,NA,NA,2025-06-05
UZ,UZB,Uzbekistan,2013,73180037914.9104,NA,NA,NA,2025-06-05
UZ,UZB,Uzbekistan,2012,67517349212.0609,NA,NA,NA,2025-06-05
UZ,UZB,Uzbekistan,2011,60178909297.208,NA,NA,NA,2025-06-05
UZ,UZB,Uzbekistan,2010,49765676402.4495,NA,NA,NA,2025-06-05
UZ,UZB,Uzbekistan,2009,33689223673.2577,NA,NA,NA,2025-06-05
UZ,UZB,Uzbekistan,2008,29549438883.8338,NA,NA,NA,2025-06-05
UZ,UZB,Uzbekistan,2007,22311393927.8817,NA,NA,NA,2025-06-05
UZ,UZB,Uzbekistan,2006,17330833852.919,NA,NA,NA,2025-06-05
UZ,UZB,Uzbekistan,2005,14307509838.8053,NA,NA,NA,2025-06-05
UZ,UZB,Uzbekistan,2004,12030023547.8807,NA,NA,NA,2025-06-05
UZ,UZB,Uzbekistan,2003,10134453435.4603,NA,NA,NA,2025-06-05
UZ,UZB,Uzbekistan,2002,9687788512.80184,NA,NA,NA,2025-06-05
UZ,UZB,Uzbekistan,2001,11401421329.1974,NA,NA,NA,2025-06-05
UZ,UZB,Uzbekistan,2000,13760513969.314,NA,NA,NA,2025-06-05
UZ,UZB,Uzbekistan,1999,17078465982.0282,NA,NA,NA,2025-06-05
UZ,UZB,Uzbekistan,1998,14988971210.8383,NA,NA,NA,2025-06-05
UZ,UZB,Uzbekistan,1997,14744603773.5849,NA,NA,NA,2025-06-05
UZ,UZB,Uzbekistan,1996,13948892215.5689,NA,NA,NA,2025-06-05
UZ,UZB,Uzbekistan,1995,13350461264.9969,NA,NA,NA,2025-06-05
UZ,UZB,Uzbekistan,1994,12899074922.38,NA,NA,NA,2025-06-05
UZ,UZB,Uzbekistan,1993,13099928447.4768,NA,NA,NA,2025-06-05
UZ,UZB,Uzbekistan,1992,12953801760.2414,NA,NA,NA,2025-06-05
UZ,UZB,Uzbekistan,1991,13800167711.5003,NA,NA,NA,2025-06-05
UZ,UZB,Uzbekistan,1990,13362340337.8657,NA,NA,NA,2025-06-05
UZ,UZB,Uzbekistan,1989,11948815258.1132,NA,NA,NA,2025-06-05
UZ,UZB,Uzbekistan,1988,10722799639.3121,NA,NA,NA,2025-06-05
UZ,UZB,Uzbekistan,1987,8523160592.61112,NA,NA,NA,2025-06-05
UZ,UZB,Uzbekistan,1986,NA,NA,NA,NA,2025-06-05
UZ,UZB,Uzbekistan,1985,NA,NA,NA,NA,2025-06-05
UZ,UZB,Uzbekistan,1984,NA,NA,NA,NA,2025-06-05
UZ,UZB,Uzbekistan,1983,NA,NA,NA,NA,2025-06-05
UZ,UZB,Uzbekistan,1982,NA,NA,NA,NA,2025-06-05
UZ,UZB,Uzbekistan,1981,NA,NA,NA,NA,2025-06-05
UZ,UZB,Uzbekistan,1980,NA,NA,NA,NA,2025-06-05
UZ,UZB,Uzbekistan,1979,NA,NA,NA,NA,2025-06-05
UZ,UZB,Uzbekistan,1978,NA,NA,NA,NA,2025-06-05
UZ,UZB,Uzbekistan,1977,NA,NA,NA,NA,2025-06-05
UZ,UZB,Uzbekistan,1976,NA,NA,NA,NA,2025-06-05
UZ,UZB,Uzbekistan,1975,NA,NA,NA,NA,2025-06-05
UZ,UZB,Uzbekistan,1974,NA,NA,NA,NA,2025-06-05
UZ,UZB,Uzbekistan,1973,NA,NA,NA,NA,2025-06-05
UZ,UZB,Uzbekistan,1972,NA,NA,NA,NA,2025-06-05
UZ,UZB,Uzbekistan,1971,NA,NA,NA,NA,2025-06-05
UZ,UZB,Uzbekistan,1970,NA,NA,NA,NA,2025-06-05
UZ,UZB,Uzbekistan,1969,NA,NA,NA,NA,2025-06-05
UZ,UZB,Uzbekistan,1968,NA,NA,NA,NA,2025-06-05
UZ,UZB,Uzbekistan,1967,NA,NA,NA,NA,2025-06-05
UZ,UZB,Uzbekistan,1966,NA,NA,NA,NA,2025-06-05
UZ,UZB,Uzbekistan,1965,NA,NA,NA,NA,2025-06-05
UZ,UZB,Uzbekistan,1964,NA,NA,NA,NA,2025-06-05
UZ,UZB,Uzbekistan,1963,NA,NA,NA,NA,2025-06-05
UZ,UZB,Uzbekistan,1962,NA,NA,NA,NA,2025-06-05
UZ,UZB,Uzbekistan,1961,NA,NA,NA,NA,2025-06-05
UZ,UZB,Uzbekistan,1960,NA,NA,NA,NA,2025-06-05
VU,VUT,Vanuatu,2024,NA,NA,NA,NA,2025-06-05
VU,VUT,Vanuatu,2023,1126313359.21923,NA,NA,NA,2025-06-05
VU,VUT,Vanuatu,2022,1022219297.50335,NA,NA,NA,2025-06-05
VU,VUT,Vanuatu,2021,950394006.532514,NA,NA,NA,2025-06-05
VU,VUT,Vanuatu,2020,909421043.508407,NA,NA,NA,2025-06-05
VU,VUT,Vanuatu,2019,936526267.622513,NA,NA,NA,2025-06-05
VU,VUT,Vanuatu,2018,914736985.430944,NA,NA,NA,2025-06-05
VU,VUT,Vanuatu,2017,880061833.690341,NA,NA,NA,2025-06-05
VU,VUT,Vanuatu,2016,780889605.899977,NA,NA,NA,2025-06-05
VU,VUT,Vanuatu,2015,730870802.967051,NA,NA,NA,2025-06-05
VU,VUT,Vanuatu,2014,772315983.81843,NA,NA,NA,2025-06-05
VU,VUT,Vanuatu,2013,758304466.245339,NA,NA,NA,2025-06-05
VU,VUT,Vanuatu,2012,747839697.746593,NA,NA,NA,2025-06-05
VU,VUT,Vanuatu,2011,770153588.218833,NA,NA,NA,2025-06-05
VU,VUT,Vanuatu,2010,670712979.682038,NA,NA,NA,2025-06-05
VU,VUT,Vanuatu,2009,592622319.145664,NA,NA,NA,2025-06-05
VU,VUT,Vanuatu,2008,590748429.401902,NA,NA,NA,2025-06-05
VU,VUT,Vanuatu,2007,516392922.513728,NA,NA,NA,2025-06-05
VU,VUT,Vanuatu,2006,439358586.535588,NA,NA,NA,2025-06-05
VU,VUT,Vanuatu,2005,394962433.029368,NA,NA,NA,2025-06-05
VU,VUT,Vanuatu,2004,364996869.129618,NA,NA,NA,2025-06-05
VU,VUT,Vanuatu,2003,314471413.001776,NA,NA,NA,2025-06-05
VU,VUT,Vanuatu,2002,262596535.549028,NA,NA,NA,2025-06-05
VU,VUT,Vanuatu,2001,257926881.72043,NA,NA,NA,2025-06-05
VU,VUT,Vanuatu,2000,272014627.835262,NA,NA,NA,2025-06-05
VU,VUT,Vanuatu,1999,268006972.690296,NA,NA,NA,2025-06-05
VU,VUT,Vanuatu,1998,262293410.708334,NA,NA,NA,2025-06-05
VU,VUT,Vanuatu,1997,272771209.113662,NA,NA,NA,2025-06-05
VU,VUT,Vanuatu,1996,261370044.486614,NA,NA,NA,2025-06-05
VU,VUT,Vanuatu,1995,249333250.082507,NA,NA,NA,2025-06-05
VU,VUT,Vanuatu,1994,233701301.490486,NA,NA,NA,2025-06-05
VU,VUT,Vanuatu,1993,200491853.167847,NA,NA,NA,2025-06-05
VU,VUT,Vanuatu,1992,209088824.608438,NA,NA,NA,2025-06-05
VU,VUT,Vanuatu,1991,201334169.054441,NA,NA,NA,2025-06-05
VU,VUT,Vanuatu,1990,168879207.244148,NA,NA,NA,2025-06-05
VU,VUT,Vanuatu,1989,154013202.116475,NA,NA,NA,2025-06-05
VU,VUT,Vanuatu,1988,158351368.433149,NA,NA,NA,2025-06-05
VU,VUT,Vanuatu,1987,139464173.547324,NA,NA,NA,2025-06-05
VU,VUT,Vanuatu,1986,126498935.335649,NA,NA,NA,2025-06-05
VU,VUT,Vanuatu,1985,131856420.703184,NA,NA,NA,2025-06-05
VU,VUT,Vanuatu,1984,144482515.368336,NA,NA,NA,2025-06-05
VU,VUT,Vanuatu,1983,117389554.191406,NA,NA,NA,2025-06-05
VU,VUT,Vanuatu,1982,114501912.522867,NA,NA,NA,2025-06-05
VU,VUT,Vanuatu,1981,113781795.82356,NA,NA,NA,2025-06-05
VU,VUT,Vanuatu,1980,121185497.569261,NA,NA,NA,2025-06-05
VU,VUT,Vanuatu,1979,119258835.335525,NA,NA,NA,2025-06-05
VU,VUT,Vanuatu,1978,NA,NA,NA,NA,2025-06-05
VU,VUT,Vanuatu,1977,NA,NA,NA,NA,2025-06-05
VU,VUT,Vanuatu,1976,NA,NA,NA,NA,2025-06-05
VU,VUT,Vanuatu,1975,NA,NA,NA,NA,2025-06-05
VU,VUT,Vanuatu,1974,NA,NA,NA,NA,2025-06-05
VU,VUT,Vanuatu,1973,NA,NA,NA,NA,2025-06-05
VU,VUT,Vanuatu,1972,NA,NA,NA,NA,2025-06-05
VU,VUT,Vanuatu,1971,NA,NA,NA,NA,2025-06-05
VU,VUT,Vanuatu,1970,NA,NA,NA,NA,2025-06-05
VU,VUT,Vanuatu,1969,NA,NA,NA,NA,2025-06-05
VU,VUT,Vanuatu,1968,NA,NA,NA,NA,2025-06-05
VU,VUT,Vanuatu,1967,NA,NA,NA,NA,2025-06-05
VU,VUT,Vanuatu,1966,NA,NA,NA,NA,2025-06-05
VU,VUT,Vanuatu,1965,NA,NA,NA,NA,2025-06-05
VU,VUT,Vanuatu,1964,NA,NA,NA,NA,2025-06-05
VU,VUT,Vanuatu,1963,NA,NA,NA,NA,2025-06-05
VU,VUT,Vanuatu,1962,NA,NA,NA,NA,2025-06-05
VU,VUT,Vanuatu,1961,NA,NA,NA,NA,2025-06-05
VU,VUT,Vanuatu,1960,NA,NA,NA,NA,2025-06-05
VE,VEN,"Venezuela, RB",2024,NA,NA,NA,NA,2025-06-05
VE,VEN,"Venezuela, RB",2023,NA,NA,NA,NA,2025-06-05
VE,VEN,"Venezuela, RB",2022,NA,NA,NA,NA,2025-06-05
VE,VEN,"Venezuela, RB",2021,NA,NA,NA,NA,2025-06-05
VE,VEN,"Venezuela, RB",2020,NA,NA,NA,NA,2025-06-05
VE,VEN,"Venezuela, RB",2019,NA,NA,NA,NA,2025-06-05
VE,VEN,"Venezuela, RB",2018,NA,NA,NA,NA,2025-06-05
VE,VEN,"Venezuela, RB",2017,NA,NA,NA,NA,2025-06-05
VE,VEN,"Venezuela, RB",2016,NA,NA,NA,NA,2025-06-05
VE,VEN,"Venezuela, RB",2015,NA,NA,NA,NA,2025-06-05
VE,VEN,"Venezuela, RB",2014,482359318767.703,NA,NA,NA,2025-06-05
VE,VEN,"Venezuela, RB",2013,371005379786.566,NA,NA,NA,2025-06-05
VE,VEN,"Venezuela, RB",2012,381286237847.667,NA,NA,NA,2025-06-05
VE,VEN,"Venezuela, RB",2011,316482190800.364,NA,NA,NA,2025-06-05
VE,VEN,"Venezuela, RB",2010,393192354510.653,NA,NA,NA,2025-06-05
VE,VEN,"Venezuela, RB",2009,329787628928.471,NA,NA,NA,2025-06-05
VE,VEN,"Venezuela, RB",2008,315953388510.678,NA,NA,NA,2025-06-05
VE,VEN,"Venezuela, RB",2007,230364012575.687,NA,NA,NA,2025-06-05
VE,VEN,"Venezuela, RB",2006,183477522123.894,NA,NA,NA,2025-06-05
VE,VEN,"Venezuela, RB",2005,145513489651.872,NA,NA,NA,2025-06-05
VE,VEN,"Venezuela, RB",2004,112451400424.964,NA,NA,NA,2025-06-05
VE,VEN,"Venezuela, RB",2003,83620628582.1082,NA,NA,NA,2025-06-05
VE,VEN,"Venezuela, RB",2002,92893587733.6549,NA,NA,NA,2025-06-05
VE,VEN,"Venezuela, RB",2001,122911036746.729,NA,NA,NA,2025-06-05
VE,VEN,"Venezuela, RB",2000,117146466002.661,NA,NA,NA,2025-06-05
VE,VEN,"Venezuela, RB",1999,97972842461.5131,NA,NA,NA,2025-06-05
VE,VEN,"Venezuela, RB",1998,91336763255.0597,NA,NA,NA,2025-06-05
VE,VEN,"Venezuela, RB",1997,85837678559.8324,NA,NA,NA,2025-06-05
VE,VEN,"Venezuela, RB",1996,70543211119.099,NA,NA,NA,2025-06-05
VE,VEN,"Venezuela, RB",1995,77389487770.0883,NA,NA,NA,2025-06-05
VE,VEN,"Venezuela, RB",1994,58418666666.6667,NA,NA,NA,2025-06-05
VE,VEN,"Venezuela, RB",1993,60037460783.1941,NA,NA,NA,2025-06-05
VE,VEN,"Venezuela, RB",1992,60416519620.0849,NA,NA,NA,2025-06-05
VE,VEN,"Venezuela, RB",1991,53453444786.6256,NA,NA,NA,2025-06-05
VE,VEN,"Venezuela, RB",1990,48606952194.7752,NA,NA,NA,2025-06-05
VE,VEN,"Venezuela, RB",1989,43536709104.0115,NA,NA,NA,2025-06-05
VE,VEN,"Venezuela, RB",1988,60226413793.1034,NA,NA,NA,2025-06-05
VE,VEN,"Venezuela, RB",1987,48029034482.7586,NA,NA,NA,2025-06-05
VE,VEN,"Venezuela, RB",1986,60516123711.3402,NA,NA,NA,2025-06-05
VE,VEN,"Venezuela, RB",1985,61965466666.6667,NA,NA,NA,2025-06-05
VE,VEN,"Venezuela, RB",1984,59867743467.9335,NA,NA,NA,2025-06-05
VE,VEN,"Venezuela, RB",1983,67556279069.7674,NA,NA,NA,2025-06-05
VE,VEN,"Venezuela, RB",1982,67736744186.0465,NA,NA,NA,2025-06-05
VE,VEN,"Venezuela, RB",1981,66327441860.4651,NA,NA,NA,2025-06-05
VE,VEN,"Venezuela, RB",1980,59116511627.907,NA,NA,NA,2025-06-05
VE,VEN,"Venezuela, RB",1979,48310930232.5581,NA,NA,NA,2025-06-05
VE,VEN,"Venezuela, RB",1978,39316279069.7674,NA,NA,NA,2025-06-05
VE,VEN,"Venezuela, RB",1977,36210697674.4186,NA,NA,NA,2025-06-05
VE,VEN,"Venezuela, RB",1976,31419534883.7209,NA,NA,NA,2025-06-05
VE,VEN,"Venezuela, RB",1975,27464651162.7907,NA,NA,NA,2025-06-05
VE,VEN,"Venezuela, RB",1974,26100930232.5581,NA,NA,NA,2025-06-05
VE,VEN,"Venezuela, RB",1973,17035581395.3488,NA,NA,NA,2025-06-05
VE,VEN,"Venezuela, RB",1972,13977727272.7273,NA,NA,NA,2025-06-05
VE,VEN,"Venezuela, RB",1971,12986590909.0909,NA,NA,NA,2025-06-05
VE,VEN,"Venezuela, RB",1970,11561111111.1111,NA,NA,NA,2025-06-05
VE,VEN,"Venezuela, RB",1969,10285111111.1111,NA,NA,NA,2025-06-05
VE,VEN,"Venezuela, RB",1968,10034444444.4444,NA,NA,NA,2025-06-05
VE,VEN,"Venezuela, RB",1967,9250000000,NA,NA,NA,2025-06-05
VE,VEN,"Venezuela, RB",1966,8781333333.33333,NA,NA,NA,2025-06-05
VE,VEN,"Venezuela, RB",1965,8427777777.77778,NA,NA,NA,2025-06-05
VE,VEN,"Venezuela, RB",1964,8192413793.10345,NA,NA,NA,2025-06-05
VE,VEN,"Venezuela, RB",1963,9608717288.17057,NA,NA,NA,2025-06-05
VE,VEN,"Venezuela, RB",1962,8814309884.21165,NA,NA,NA,2025-06-05
VE,VEN,"Venezuela, RB",1961,8067267030.61863,NA,NA,NA,2025-06-05
VE,VEN,"Venezuela, RB",1960,7663938303.07172,NA,NA,NA,2025-06-05
VN,VNM,Viet Nam,2024,NA,NA,NA,NA,2025-06-05
VN,VNM,Viet Nam,2023,429716969043.572,NA,NA,NA,2025-06-05
VN,VNM,Viet Nam,2022,410324028883.325,NA,NA,NA,2025-06-05
VN,VNM,Viet Nam,2021,366474752771.009,NA,NA,NA,2025-06-05
VN,VNM,Viet Nam,2020,346615738537.796,NA,NA,NA,2025-06-05
VN,VNM,Viet Nam,2019,334365270496.667,NA,NA,NA,2025-06-05
VN,VNM,Viet Nam,2018,310106478394.659,NA,NA,NA,2025-06-05
VN,VNM,Viet Nam,2017,281353605986.903,NA,NA,NA,2025-06-05
VN,VNM,Viet Nam,2016,257096001177.982,NA,NA,NA,2025-06-05
VN,VNM,Viet Nam,2015,239258328381.741,NA,NA,NA,2025-06-05
VN,VNM,Viet Nam,2014,233451469642.519,NA,NA,NA,2025-06-05
VN,VNM,Viet Nam,2013,213708811665.34,NA,NA,NA,2025-06-05
VN,VNM,Viet Nam,2012,195590661129.249,NA,NA,NA,2025-06-05
VN,VNM,Viet Nam,2011,172595049183.925,NA,NA,NA,2025-06-05
VN,VNM,Viet Nam,2010,147201173196.979,NA,NA,NA,2025-06-05
VN,VNM,Viet Nam,2009,106014659565.214,NA,NA,NA,2025-06-05
VN,VNM,Viet Nam,2008,99130304099.1274,NA,NA,NA,2025-06-05
VN,VNM,Viet Nam,2007,77414425532.2452,NA,NA,NA,2025-06-05
VN,VNM,Viet Nam,2006,66371664817.0436,NA,NA,NA,2025-06-05
VN,VNM,Viet Nam,2005,57633255738.1992,NA,NA,NA,2025-06-05
VN,VNM,Viet Nam,2004,45427854693.2554,NA,NA,NA,2025-06-05
VN,VNM,Viet Nam,2003,39552513231.9169,NA,NA,NA,2025-06-05
VN,VNM,Viet Nam,2002,35064105500.8344,NA,NA,NA,2025-06-05
VN,VNM,Viet Nam,2001,32685198808.5549,NA,NA,NA,2025-06-05
VN,VNM,Viet Nam,2000,31172518403.3162,NA,NA,NA,2025-06-05
VN,VNM,Viet Nam,1999,28683659006.7752,NA,NA,NA,2025-06-05
VN,VNM,Viet Nam,1998,27209602050.0452,NA,NA,NA,2025-06-05
VN,VNM,Viet Nam,1997,26843700441.5482,NA,NA,NA,2025-06-05
VN,VNM,Viet Nam,1996,24657470574.7501,NA,NA,NA,2025-06-05
VN,VNM,Viet Nam,1995,20736164458.9505,NA,NA,NA,2025-06-05
VN,VNM,Viet Nam,1994,16286433533.3228,NA,NA,NA,2025-06-05
VN,VNM,Viet Nam,1993,13180953598.1716,NA,NA,NA,2025-06-05
VN,VNM,Viet Nam,1992,9866990236.43587,NA,NA,NA,2025-06-05
VN,VNM,Viet Nam,1991,9613369520.41885,NA,NA,NA,2025-06-05
VN,VNM,Viet Nam,1990,6471740805.56984,NA,NA,NA,2025-06-05
VN,VNM,Viet Nam,1989,6293304974.59403,NA,NA,NA,2025-06-05
VN,VNM,Viet Nam,1988,25423812648.5941,NA,NA,NA,2025-06-05
VN,VNM,Viet Nam,1987,36658108850.3148,NA,NA,NA,2025-06-05
VN,VNM,Viet Nam,1986,26336616250.4397,NA,NA,NA,2025-06-05
VN,VNM,Viet Nam,1985,14094687820.7445,NA,NA,NA,2025-06-05
VN,VNM,Viet Nam,1984,NA,NA,NA,NA,2025-06-05
VN,VNM,Viet Nam,1983,NA,NA,NA,NA,2025-06-05
VN,VNM,Viet Nam,1982,NA,NA,NA,NA,2025-06-05
VN,VNM,Viet Nam,1981,NA,NA,NA,NA,2025-06-05
VN,VNM,Viet Nam,1980,NA,NA,NA,NA,2025-06-05
VN,VNM,Viet Nam,1979,NA,NA,NA,NA,2025-06-05
VN,VNM,Viet Nam,1978,NA,NA,NA,NA,2025-06-05
VN,VNM,Viet Nam,1977,NA,NA,NA,NA,2025-06-05
VN,VNM,Viet Nam,1976,NA,NA,NA,NA,2025-06-05
VN,VNM,Viet Nam,1975,NA,NA,NA,NA,2025-06-05
VN,VNM,Viet Nam,1974,NA,NA,NA,NA,2025-06-05
VN,VNM,Viet Nam,1973,NA,NA,NA,NA,2025-06-05
VN,VNM,Viet Nam,1972,NA,NA,NA,NA,2025-06-05
VN,VNM,Viet Nam,1971,NA,NA,NA,NA,2025-06-05
VN,VNM,Viet Nam,1970,NA,NA,NA,NA,2025-06-05
VN,VNM,Viet Nam,1969,NA,NA,NA,NA,2025-06-05
VN,VNM,Viet Nam,1968,NA,NA,NA,NA,2025-06-05
VN,VNM,Viet Nam,1967,NA,NA,NA,NA,2025-06-05
VN,VNM,Viet Nam,1966,NA,NA,NA,NA,2025-06-05
VN,VNM,Viet Nam,1965,NA,NA,NA,NA,2025-06-05
VN,VNM,Viet Nam,1964,NA,NA,NA,NA,2025-06-05
VN,VNM,Viet Nam,1963,NA,NA,NA,NA,2025-06-05
VN,VNM,Viet Nam,1962,NA,NA,NA,NA,2025-06-05
VN,VNM,Viet Nam,1961,NA,NA,NA,NA,2025-06-05
VN,VNM,Viet Nam,1960,NA,NA,NA,NA,2025-06-05
VI,VIR,Virgin Islands (U.S.),2024,NA,NA,NA,NA,2025-06-05
VI,VIR,Virgin Islands (U.S.),2023,NA,NA,NA,NA,2025-06-05
VI,VIR,Virgin Islands (U.S.),2022,4672000000,NA,NA,NA,2025-06-05
VI,VIR,Virgin Islands (U.S.),2021,4507000000,NA,NA,NA,2025-06-05
VI,VIR,Virgin Islands (U.S.),2020,4229000000,NA,NA,NA,2025-06-05
VI,VIR,Virgin Islands (U.S.),2019,4121000000,NA,NA,NA,2025-06-05
VI,VIR,Virgin Islands (U.S.),2018,3923000000,NA,NA,NA,2025-06-05
VI,VIR,Virgin Islands (U.S.),2017,3794000000,NA,NA,NA,2025-06-05
VI,VIR,Virgin Islands (U.S.),2016,3798000000,NA,NA,NA,2025-06-05
VI,VIR,Virgin Islands (U.S.),2015,3663000000,NA,NA,NA,2025-06-05
VI,VIR,Virgin Islands (U.S.),2014,3565000000,NA,NA,NA,2025-06-05
VI,VIR,Virgin Islands (U.S.),2013,3738000000,NA,NA,NA,2025-06-05
VI,VIR,Virgin Islands (U.S.),2012,4089000000,NA,NA,NA,2025-06-05
VI,VIR,Virgin Islands (U.S.),2011,4223000000,NA,NA,NA,2025-06-05
VI,VIR,Virgin Islands (U.S.),2010,4324000000,NA,NA,NA,2025-06-05
VI,VIR,Virgin Islands (U.S.),2009,4201000000,NA,NA,NA,2025-06-05
VI,VIR,Virgin Islands (U.S.),2008,4244000000,NA,NA,NA,2025-06-05
VI,VIR,Virgin Islands (U.S.),2007,4784000000,NA,NA,NA,2025-06-05
VI,VIR,Virgin Islands (U.S.),2006,4484000000,NA,NA,NA,2025-06-05
VI,VIR,Virgin Islands (U.S.),2005,4428000000,NA,NA,NA,2025-06-05
VI,VIR,Virgin Islands (U.S.),2004,3797000000,NA,NA,NA,2025-06-05
VI,VIR,Virgin Islands (U.S.),2003,3443000000,NA,NA,NA,2025-06-05
VI,VIR,Virgin Islands (U.S.),2002,3262000000,NA,NA,NA,2025-06-05
VI,VIR,Virgin Islands (U.S.),2001,NA,NA,NA,NA,2025-06-05
VI,VIR,Virgin Islands (U.S.),2000,NA,NA,NA,NA,2025-06-05
VI,VIR,Virgin Islands (U.S.),1999,NA,NA,NA,NA,2025-06-05
VI,VIR,Virgin Islands (U.S.),1998,NA,NA,NA,NA,2025-06-05
VI,VIR,Virgin Islands (U.S.),1997,NA,NA,NA,NA,2025-06-05
VI,VIR,Virgin Islands (U.S.),1996,NA,NA,NA,NA,2025-06-05
VI,VIR,Virgin Islands (U.S.),1995,NA,NA,NA,NA,2025-06-05
VI,VIR,Virgin Islands (U.S.),1994,NA,NA,NA,NA,2025-06-05
VI,VIR,Virgin Islands (U.S.),1993,NA,NA,NA,NA,2025-06-05
VI,VIR,Virgin Islands (U.S.),1992,NA,NA,NA,NA,2025-06-05
VI,VIR,Virgin Islands (U.S.),1991,NA,NA,NA,NA,2025-06-05
VI,VIR,Virgin Islands (U.S.),1990,NA,NA,NA,NA,2025-06-05
VI,VIR,Virgin Islands (U.S.),1989,NA,NA,NA,NA,2025-06-05
VI,VIR,Virgin Islands (U.S.),1988,NA,NA,NA,NA,2025-06-05
VI,VIR,Virgin Islands (U.S.),1987,NA,NA,NA,NA,2025-06-05
VI,VIR,Virgin Islands (U.S.),1986,NA,NA,NA,NA,2025-06-05
VI,VIR,Virgin Islands (U.S.),1985,NA,NA,NA,NA,2025-06-05
VI,VIR,Virgin Islands (U.S.),1984,NA,NA,NA,NA,2025-06-05
VI,VIR,Virgin Islands (U.S.),1983,NA,NA,NA,NA,2025-06-05
VI,VIR,Virgin Islands (U.S.),1982,NA,NA,NA,NA,2025-06-05
VI,VIR,Virgin Islands (U.S.),1981,NA,NA,NA,NA,2025-06-05
VI,VIR,Virgin Islands (U.S.),1980,NA,NA,NA,NA,2025-06-05
VI,VIR,Virgin Islands (U.S.),1979,NA,NA,NA,NA,2025-06-05
VI,VIR,Virgin Islands (U.S.),1978,NA,NA,NA,NA,2025-06-05
VI,VIR,Virgin Islands (U.S.),1977,NA,NA,NA,NA,2025-06-05
VI,VIR,Virgin Islands (U.S.),1976,NA,NA,NA,NA,2025-06-05
VI,VIR,Virgin Islands (U.S.),1975,NA,NA,NA,NA,2025-06-05
VI,VIR,Virgin Islands (U.S.),1974,NA,NA,NA,NA,2025-06-05
VI,VIR,Virgin Islands (U.S.),1973,NA,NA,NA,NA,2025-06-05
VI,VIR,Virgin Islands (U.S.),1972,NA,NA,NA,NA,2025-06-05
VI,VIR,Virgin Islands (U.S.),1971,NA,NA,NA,NA,2025-06-05
VI,VIR,Virgin Islands (U.S.),1970,NA,NA,NA,NA,2025-06-05
VI,VIR,Virgin Islands (U.S.),1969,NA,NA,NA,NA,2025-06-05
VI,VIR,Virgin Islands (U.S.),1968,NA,NA,NA,NA,2025-06-05
VI,VIR,Virgin Islands (U.S.),1967,NA,NA,NA,NA,2025-06-05
VI,VIR,Virgin Islands (U.S.),1966,NA,NA,NA,NA,2025-06-05
VI,VIR,Virgin Islands (U.S.),1965,NA,NA,NA,NA,2025-06-05
VI,VIR,Virgin Islands (U.S.),1964,NA,NA,NA,NA,2025-06-05
VI,VIR,Virgin Islands (U.S.),1963,NA,NA,NA,NA,2025-06-05
VI,VIR,Virgin Islands (U.S.),1962,NA,NA,NA,NA,2025-06-05
VI,VIR,Virgin Islands (U.S.),1961,NA,NA,NA,NA,2025-06-05
VI,VIR,Virgin Islands (U.S.),1960,NA,NA,NA,NA,2025-06-05
PS,PSE,West Bank and Gaza,2024,NA,NA,NA,NA,2025-06-05
PS,PSE,West Bank and Gaza,2023,17420800000,NA,NA,NA,2025-06-05
PS,PSE,West Bank and Gaza,2022,19165500000,NA,NA,NA,2025-06-05
PS,PSE,West Bank and Gaza,2021,18109000000,NA,NA,NA,2025-06-05
PS,PSE,West Bank and Gaza,2020,15531700000,NA,NA,NA,2025-06-05
PS,PSE,West Bank and Gaza,2019,17133500000,NA,NA,NA,2025-06-05
PS,PSE,West Bank and Gaza,2018,16276600000,NA,NA,NA,2025-06-05
PS,PSE,West Bank and Gaza,2017,16128000000,NA,NA,NA,2025-06-05
PS,PSE,West Bank and Gaza,2016,15405400000,NA,NA,NA,2025-06-05
PS,PSE,West Bank and Gaza,2015,13972400000,NA,NA,NA,2025-06-05
PS,PSE,West Bank and Gaza,2014,13989700000,NA,NA,NA,2025-06-05
PS,PSE,West Bank and Gaza,2013,13515500000,NA,NA,NA,2025-06-05
PS,PSE,West Bank and Gaza,2012,12208400000,NA,NA,NA,2025-06-05
PS,PSE,West Bank and Gaza,2011,11186100000,NA,NA,NA,2025-06-05
PS,PSE,West Bank and Gaza,2010,9681500000,NA,NA,NA,2025-06-05
PS,PSE,West Bank and Gaza,2009,8085700000,NA,NA,NA,2025-06-05
PS,PSE,West Bank and Gaza,2008,7310400000,NA,NA,NA,2025-06-05
PS,PSE,West Bank and Gaza,2007,5815700000,NA,NA,NA,2025-06-05
PS,PSE,West Bank and Gaza,2006,5348300000,NA,NA,NA,2025-06-05
PS,PSE,West Bank and Gaza,2005,5125700000,NA,NA,NA,2025-06-05
PS,PSE,West Bank and Gaza,2004,4603100000,NA,NA,NA,2025-06-05
PS,PSE,West Bank and Gaza,2003,3968000000,NA,NA,NA,2025-06-05
PS,PSE,West Bank and Gaza,2002,3555800000,NA,NA,NA,2025-06-05
PS,PSE,West Bank and Gaza,2001,4003700000,NA,NA,NA,2025-06-05
PS,PSE,West Bank and Gaza,2000,4313600000,NA,NA,NA,2025-06-05
PS,PSE,West Bank and Gaza,1999,4271200000,NA,NA,NA,2025-06-05
PS,PSE,West Bank and Gaza,1998,4067800000,NA,NA,NA,2025-06-05
PS,PSE,West Bank and Gaza,1997,3759800000,NA,NA,NA,2025-06-05
PS,PSE,West Bank and Gaza,1996,3409600000,NA,NA,NA,2025-06-05
PS,PSE,West Bank and Gaza,1995,3282800000,NA,NA,NA,2025-06-05
PS,PSE,West Bank and Gaza,1994,2843300000,NA,NA,NA,2025-06-05
PS,PSE,West Bank and Gaza,1993,NA,NA,NA,NA,2025-06-05
PS,PSE,West Bank and Gaza,1992,NA,NA,NA,NA,2025-06-05
PS,PSE,West Bank and Gaza,1991,NA,NA,NA,NA,2025-06-05
PS,PSE,West Bank and Gaza,1990,NA,NA,NA,NA,2025-06-05
PS,PSE,West Bank and Gaza,1989,NA,NA,NA,NA,2025-06-05
PS,PSE,West Bank and Gaza,1988,NA,NA,NA,NA,2025-06-05
PS,PSE,West Bank and Gaza,1987,NA,NA,NA,NA,2025-06-05
PS,PSE,West Bank and Gaza,1986,NA,NA,NA,NA,2025-06-05
PS,PSE,West Bank and Gaza,1985,NA,NA,NA,NA,2025-06-05
PS,PSE,West Bank and Gaza,1984,NA,NA,NA,NA,2025-06-05
PS,PSE,West Bank and Gaza,1983,NA,NA,NA,NA,2025-06-05
PS,PSE,West Bank and Gaza,1982,NA,NA,NA,NA,2025-06-05
PS,PSE,West Bank and Gaza,1981,NA,NA,NA,NA,2025-06-05
PS,PSE,West Bank and Gaza,1980,NA,NA,NA,NA,2025-06-05
PS,PSE,West Bank and Gaza,1979,NA,NA,NA,NA,2025-06-05
PS,PSE,West Bank and Gaza,1978,NA,NA,NA,NA,2025-06-05
PS,PSE,West Bank and Gaza,1977,NA,NA,NA,NA,2025-06-05
PS,PSE,West Bank and Gaza,1976,NA,NA,NA,NA,2025-06-05
PS,PSE,West Bank and Gaza,1975,NA,NA,NA,NA,2025-06-05
PS,PSE,West Bank and Gaza,1974,NA,NA,NA,NA,2025-06-05
PS,PSE,West Bank and Gaza,1973,NA,NA,NA,NA,2025-06-05
PS,PSE,West Bank and Gaza,1972,NA,NA,NA,NA,2025-06-05
PS,PSE,West Bank and Gaza,1971,NA,NA,NA,NA,2025-06-05
PS,PSE,West Bank and Gaza,1970,NA,NA,NA,NA,2025-06-05
PS,PSE,West Bank and Gaza,1969,NA,NA,NA,NA,2025-06-05
PS,PSE,West Bank and Gaza,1968,NA,NA,NA,NA,2025-06-05
PS,PSE,West Bank and Gaza,1967,NA,NA,NA,NA,2025-06-05
PS,PSE,West Bank and Gaza,1966,NA,NA,NA,NA,2025-06-05
PS,PSE,West Bank and Gaza,1965,NA,NA,NA,NA,2025-06-05
PS,PSE,West Bank and Gaza,1964,NA,NA,NA,NA,2025-06-05
PS,PSE,West Bank and Gaza,1963,NA,NA,NA,NA,2025-06-05
PS,PSE,West Bank and Gaza,1962,NA,NA,NA,NA,2025-06-05
PS,PSE,West Bank and Gaza,1961,NA,NA,NA,NA,2025-06-05
PS,PSE,West Bank and Gaza,1960,NA,NA,NA,NA,2025-06-05
YE,YEM,"Yemen, Rep.",2024,NA,NA,NA,NA,2025-06-05
YE,YEM,"Yemen, Rep.",2023,NA,NA,NA,NA,2025-06-05
YE,YEM,"Yemen, Rep.",2022,NA,NA,NA,NA,2025-06-05
YE,YEM,"Yemen, Rep.",2021,NA,NA,NA,NA,2025-06-05
YE,YEM,"Yemen, Rep.",2020,NA,NA,NA,NA,2025-06-05
YE,YEM,"Yemen, Rep.",2019,NA,NA,NA,NA,2025-06-05
YE,YEM,"Yemen, Rep.",2018,21606160783.9845,NA,NA,NA,2025-06-05
YE,YEM,"Yemen, Rep.",2017,26842228828.5629,NA,NA,NA,2025-06-05
YE,YEM,"Yemen, Rep.",2016,31317824943.2073,NA,NA,NA,2025-06-05
YE,YEM,"Yemen, Rep.",2015,42444489522.2303,NA,NA,NA,2025-06-05
YE,YEM,"Yemen, Rep.",2014,43228585321.3272,NA,NA,NA,2025-06-05
YE,YEM,"Yemen, Rep.",2013,40415233436.1767,NA,NA,NA,2025-06-05
YE,YEM,"Yemen, Rep.",2012,35401331609.5916,NA,NA,NA,2025-06-05
YE,YEM,"Yemen, Rep.",2011,32726417878.391,NA,NA,NA,2025-06-05
YE,YEM,"Yemen, Rep.",2010,30906749533.221,NA,NA,NA,2025-06-05
YE,YEM,"Yemen, Rep.",2009,25130278212.5575,NA,NA,NA,2025-06-05
YE,YEM,"Yemen, Rep.",2008,26910855807.288,NA,NA,NA,2025-06-05
YE,YEM,"Yemen, Rep.",2007,21650528674.0933,NA,NA,NA,2025-06-05
YE,YEM,"Yemen, Rep.",2006,19063143369.858,NA,NA,NA,2025-06-05
YE,YEM,"Yemen, Rep.",2005,16731566717.1888,NA,NA,NA,2025-06-05
YE,YEM,"Yemen, Rep.",2004,13867634371.4773,NA,NA,NA,2025-06-05
YE,YEM,"Yemen, Rep.",2003,11777532662.0499,NA,NA,NA,2025-06-05
YE,YEM,"Yemen, Rep.",2002,10693430511.4664,NA,NA,NA,2025-06-05
YE,YEM,"Yemen, Rep.",2001,9852990692.98714,NA,NA,NA,2025-06-05
YE,YEM,"Yemen, Rep.",2000,9679316770.18633,NA,NA,NA,2025-06-05
YE,YEM,"Yemen, Rep.",1999,7639325295.88287,NA,NA,NA,2025-06-05
YE,YEM,"Yemen, Rep.",1998,6322175565.94651,NA,NA,NA,2025-06-05
YE,YEM,"Yemen, Rep.",1997,6838298530.54911,NA,NA,NA,2025-06-05
YE,YEM,"Yemen, Rep.",1996,6496163615.66086,NA,NA,NA,2025-06-05
YE,YEM,"Yemen, Rep.",1995,12796345679.0123,NA,NA,NA,2025-06-05
YE,YEM,"Yemen, Rep.",1994,28019483763.5304,NA,NA,NA,2025-06-05
YE,YEM,"Yemen, Rep.",1993,21736802664.4463,NA,NA,NA,2025-06-05
YE,YEM,"Yemen, Rep.",1992,17959367194.005,NA,NA,NA,2025-06-05
YE,YEM,"Yemen, Rep.",1991,14665445462.1149,NA,NA,NA,2025-06-05
YE,YEM,"Yemen, Rep.",1990,12643821568.9626,NA,NA,NA,2025-06-05
YE,YEM,"Yemen, Rep.",1989,NA,NA,NA,NA,2025-06-05
YE,YEM,"Yemen, Rep.",1988,NA,NA,NA,NA,2025-06-05
YE,YEM,"Yemen, Rep.",1987,NA,NA,NA,NA,2025-06-05
YE,YEM,"Yemen, Rep.",1986,NA,NA,NA,NA,2025-06-05
YE,YEM,"Yemen, Rep.",1985,NA,NA,NA,NA,2025-06-05
YE,YEM,"Yemen, Rep.",1984,NA,NA,NA,NA,2025-06-05
YE,YEM,"Yemen, Rep.",1983,NA,NA,NA,NA,2025-06-05
YE,YEM,"Yemen, Rep.",1982,NA,NA,NA,NA,2025-06-05
YE,YEM,"Yemen, Rep.",1981,NA,NA,NA,NA,2025-06-05
YE,YEM,"Yemen, Rep.",1980,NA,NA,NA,NA,2025-06-05
YE,YEM,"Yemen, Rep.",1979,NA,NA,NA,NA,2025-06-05
YE,YEM,"Yemen, Rep.",1978,NA,NA,NA,NA,2025-06-05
YE,YEM,"Yemen, Rep.",1977,NA,NA,NA,NA,2025-06-05
YE,YEM,"Yemen, Rep.",1976,NA,NA,NA,NA,2025-06-05
YE,YEM,"Yemen, Rep.",1975,NA,NA,NA,NA,2025-06-05
YE,YEM,"Yemen, Rep.",1974,NA,NA,NA,NA,2025-06-05
YE,YEM,"Yemen, Rep.",1973,NA,NA,NA,NA,2025-06-05
YE,YEM,"Yemen, Rep.",1972,NA,NA,NA,NA,2025-06-05
YE,YEM,"Yemen, Rep.",1971,NA,NA,NA,NA,2025-06-05
YE,YEM,"Yemen, Rep.",1970,NA,NA,NA,NA,2025-06-05
YE,YEM,"Yemen, Rep.",1969,NA,NA,NA,NA,2025-06-05
YE,YEM,"Yemen, Rep.",1968,NA,NA,NA,NA,2025-06-05
YE,YEM,"Yemen, Rep.",1967,NA,NA,NA,NA,2025-06-05
YE,YEM,"Yemen, Rep.",1966,NA,NA,NA,NA,2025-06-05
YE,YEM,"Yemen, Rep.",1965,NA,NA,NA,NA,2025-06-05
YE,YEM,"Yemen, Rep.",1964,NA,NA,NA,NA,2025-06-05
YE,YEM,"Yemen, Rep.",1963,NA,NA,NA,NA,2025-06-05
YE,YEM,"Yemen, Rep.",1962,NA,NA,NA,NA,2025-06-05
YE,YEM,"Yemen, Rep.",1961,NA,NA,NA,NA,2025-06-05
YE,YEM,"Yemen, Rep.",1960,NA,NA,NA,NA,2025-06-05
ZM,ZMB,Zambia,2024,NA,NA,NA,NA,2025-06-05
ZM,ZMB,Zambia,2023,27577956471.244,NA,NA,NA,2025-06-05
ZM,ZMB,Zambia,2022,29163782140.4858,NA,NA,NA,2025-06-05
ZM,ZMB,Zambia,2021,22096416932.0089,NA,NA,NA,2025-06-05
ZM,ZMB,Zambia,2020,18137764930.651,NA,NA,NA,2025-06-05
ZM,ZMB,Zambia,2019,23308667781.2258,NA,NA,NA,2025-06-05
ZM,ZMB,Zambia,2018,26311507273.6735,NA,NA,NA,2025-06-05
ZM,ZMB,Zambia,2017,25873601260.8353,NA,NA,NA,2025-06-05
ZM,ZMB,Zambia,2016,20958412538.3093,NA,NA,NA,2025-06-05
ZM,ZMB,Zambia,2015,21251216798.7762,NA,NA,NA,2025-06-05
ZM,ZMB,Zambia,2014,27141023558.0829,NA,NA,NA,2025-06-05
ZM,ZMB,Zambia,2013,28037239462.7142,NA,NA,NA,2025-06-05
ZM,ZMB,Zambia,2012,25503060420.026,NA,NA,NA,2025-06-05
ZM,ZMB,Zambia,2011,23459515275.5776,NA,NA,NA,2025-06-05
ZM,ZMB,Zambia,2010,20265559483.8548,NA,NA,NA,2025-06-05
ZM,ZMB,Zambia,2009,15328342303.9575,NA,NA,NA,2025-06-05
ZM,ZMB,Zambia,2008,17910858637.9048,NA,NA,NA,2025-06-05
ZM,ZMB,Zambia,2007,14056957976.2648,NA,NA,NA,2025-06-05
ZM,ZMB,Zambia,2006,12756858899.2812,NA,NA,NA,2025-06-05
ZM,ZMB,Zambia,2005,8331870169.14977,NA,NA,NA,2025-06-05
ZM,ZMB,Zambia,2004,6221110219.45542,NA,NA,NA,2025-06-05
ZM,ZMB,Zambia,2003,4901869764.05957,NA,NA,NA,2025-06-05
ZM,ZMB,Zambia,2002,4193850445.42632,NA,NA,NA,2025-06-05
ZM,ZMB,Zambia,2001,4094441301.21423,NA,NA,NA,2025-06-05
ZM,ZMB,Zambia,2000,3600632111.41414,NA,NA,NA,2025-06-05
ZM,ZMB,Zambia,1999,3404284890.5306,NA,NA,NA,2025-06-05
ZM,ZMB,Zambia,1998,3537741941.89367,NA,NA,NA,2025-06-05
ZM,ZMB,Zambia,1997,4303288479.7086,NA,NA,NA,2025-06-05
ZM,ZMB,Zambia,1996,3597220962.00017,NA,NA,NA,2025-06-05
ZM,ZMB,Zambia,1995,3806982678.89363,NA,NA,NA,2025-06-05
ZM,ZMB,Zambia,1994,3656808232.64295,NA,NA,NA,2025-06-05
ZM,ZMB,Zambia,1993,3273507753.87841,NA,NA,NA,2025-06-05
ZM,ZMB,Zambia,1992,3182810841.01704,NA,NA,NA,2025-06-05
ZM,ZMB,Zambia,1991,3376806697.1218,NA,NA,NA,2025-06-05
ZM,ZMB,Zambia,1990,3288381797.32415,NA,NA,NA,2025-06-05
ZM,ZMB,Zambia,1989,3994673161.02649,NA,NA,NA,2025-06-05
ZM,ZMB,Zambia,1988,3728878148.80792,NA,NA,NA,2025-06-05
ZM,ZMB,Zambia,1987,2265250972.34879,NA,NA,NA,2025-06-05
ZM,ZMB,Zambia,1986,1664413508.09853,NA,NA,NA,2025-06-05
ZM,ZMB,Zambia,1985,2252454500.14896,NA,NA,NA,2025-06-05
ZM,ZMB,Zambia,1984,2719518932.99541,NA,NA,NA,2025-06-05
ZM,ZMB,Zambia,1983,3321048451.15171,NA,NA,NA,2025-06-05
ZM,ZMB,Zambia,1982,3871117092.86676,NA,NA,NA,2025-06-05
ZM,ZMB,Zambia,1981,4008126497.36464,NA,NA,NA,2025-06-05
ZM,ZMB,Zambia,1980,3884530853.76162,NA,NA,NA,2025-06-05
ZM,ZMB,Zambia,1979,3353445378.15126,NA,NA,NA,2025-06-05
ZM,ZMB,Zambia,1978,2811032472.93922,NA,NA,NA,2025-06-05
ZM,ZMB,Zambia,1977,2515296939.60686,NA,NA,NA,2025-06-05
ZM,ZMB,Zambia,1976,2742859262.9794,NA,NA,NA,2025-06-05
ZM,ZMB,Zambia,1975,2442672140.947,NA,NA,NA,2025-06-05
ZM,ZMB,Zambia,1974,2910981262.10018,NA,NA,NA,2025-06-05
ZM,ZMB,Zambia,1973,2434255236.99935,NA,NA,NA,2025-06-05
ZM,ZMB,Zambia,1972,1872416680.07912,NA,NA,NA,2025-06-05
ZM,ZMB,Zambia,1971,1653259341.29113,NA,NA,NA,2025-06-05
ZM,ZMB,Zambia,1970,1788779285.2038,NA,NA,NA,2025-06-05
ZM,ZMB,Zambia,1969,1926399230.21087,NA,NA,NA,2025-06-05
ZM,ZMB,Zambia,1968,1573739371.13375,NA,NA,NA,2025-06-05
ZM,ZMB,Zambia,1967,1340639464.28047,NA,NA,NA,2025-06-05
ZM,ZMB,Zambia,1966,1238999504.8958,NA,NA,NA,2025-06-05
ZM,ZMB,Zambia,1965,1061199575.94465,NA,NA,NA,2025-06-05
ZM,ZMB,Zambia,1964,822639671.273187,NA,NA,NA,2025-06-05
ZM,ZMB,Zambia,1963,704339718.545848,NA,NA,NA,2025-06-05
ZM,ZMB,Zambia,1962,679279728.55982,NA,NA,NA,2025-06-05
ZM,ZMB,Zambia,1961,682359727.329053,NA,NA,NA,2025-06-05
ZM,ZMB,Zambia,1960,698739720.783607,NA,NA,NA,2025-06-05
ZW,ZWE,Zimbabwe,2024,NA,NA,NA,NA,2025-06-05
ZW,ZWE,Zimbabwe,2023,35231367885.8554,NA,NA,NA,2025-06-05
ZW,ZWE,Zimbabwe,2022,32789751736.3323,NA,NA,NA,2025-06-05
ZW,ZWE,Zimbabwe,2021,27240515108.8049,NA,NA,NA,2025-06-05
ZW,ZWE,Zimbabwe,2020,26867936444.6826,NA,NA,NA,2025-06-05
ZW,ZWE,Zimbabwe,2019,25717409842.4479,NA,NA,NA,2025-06-05
ZW,ZWE,Zimbabwe,2018,34156069918.0609,NA,NA,NA,2025-06-05
ZW,ZWE,Zimbabwe,2017,51074660513.3715,NA,NA,NA,2025-06-05
ZW,ZWE,Zimbabwe,2016,20548678100,NA,NA,NA,2025-06-05
ZW,ZWE,Zimbabwe,2015,19963120600,NA,NA,NA,2025-06-05
ZW,ZWE,Zimbabwe,2014,19495519600,NA,NA,NA,2025-06-05
ZW,ZWE,Zimbabwe,2013,19091020000,NA,NA,NA,2025-06-05
ZW,ZWE,Zimbabwe,2012,17114849900,NA,NA,NA,2025-06-05
ZW,ZWE,Zimbabwe,2011,14101920300,NA,NA,NA,2025-06-05
ZW,ZWE,Zimbabwe,2010,12041655200,NA,NA,NA,2025-06-05
ZW,ZWE,Zimbabwe,2009,9665793300,NA,NA,NA,2025-06-05
ZW,ZWE,Zimbabwe,2008,4415702800,NA,NA,NA,2025-06-05
ZW,ZWE,Zimbabwe,2007,5291950100,NA,NA,NA,2025-06-05
ZW,ZWE,Zimbabwe,2006,5443896500,NA,NA,NA,2025-06-05
ZW,ZWE,Zimbabwe,2005,5755215200,NA,NA,NA,2025-06-05
ZW,ZWE,Zimbabwe,2004,5805598400,NA,NA,NA,2025-06-05
ZW,ZWE,Zimbabwe,2003,5727591800,NA,NA,NA,2025-06-05
ZW,ZWE,Zimbabwe,2002,6342116400,NA,NA,NA,2025-06-05
ZW,ZWE,Zimbabwe,2001,6777384700,NA,NA,NA,2025-06-05
ZW,ZWE,Zimbabwe,2000,6689957600,NA,NA,NA,2025-06-05
ZW,ZWE,Zimbabwe,1999,6858013100,NA,NA,NA,2025-06-05
ZW,ZWE,Zimbabwe,1998,6401968200,NA,NA,NA,2025-06-05
ZW,ZWE,Zimbabwe,1997,8529571600,NA,NA,NA,2025-06-05
ZW,ZWE,Zimbabwe,1996,8553146600,NA,NA,NA,2025-06-05
ZW,ZWE,Zimbabwe,1995,7111270700,NA,NA,NA,2025-06-05
ZW,ZWE,Zimbabwe,1994,6890675000,NA,NA,NA,2025-06-05
ZW,ZWE,Zimbabwe,1993,6563813300,NA,NA,NA,2025-06-05
ZW,ZWE,Zimbabwe,1992,6751472200,NA,NA,NA,2025-06-05
ZW,ZWE,Zimbabwe,1991,8641481700,NA,NA,NA,2025-06-05
ZW,ZWE,Zimbabwe,1990,8783816700,NA,NA,NA,2025-06-05
ZW,ZWE,Zimbabwe,1989,8286322700,NA,NA,NA,2025-06-05
ZW,ZWE,Zimbabwe,1988,7814784100,NA,NA,NA,2025-06-05
ZW,ZWE,Zimbabwe,1987,6741215100,NA,NA,NA,2025-06-05
ZW,ZWE,Zimbabwe,1986,6217523700,NA,NA,NA,2025-06-05
ZW,ZWE,Zimbabwe,1985,5637259300,NA,NA,NA,2025-06-05
ZW,ZWE,Zimbabwe,1984,6352125900,NA,NA,NA,2025-06-05
ZW,ZWE,Zimbabwe,1983,7764067000,NA,NA,NA,2025-06-05
ZW,ZWE,Zimbabwe,1982,8539700700,NA,NA,NA,2025-06-05
ZW,ZWE,Zimbabwe,1981,8011373800,NA,NA,NA,2025-06-05
ZW,ZWE,Zimbabwe,1980,6678868200,NA,NA,NA,2025-06-05
ZW,ZWE,Zimbabwe,1979,5177459400,NA,NA,NA,2025-06-05
ZW,ZWE,Zimbabwe,1978,4351600500,NA,NA,NA,2025-06-05
ZW,ZWE,Zimbabwe,1977,4364382100,NA,NA,NA,2025-06-05
ZW,ZWE,Zimbabwe,1976,4318372000,NA,NA,NA,2025-06-05
ZW,ZWE,Zimbabwe,1975,4371300700,NA,NA,NA,2025-06-05
ZW,ZWE,Zimbabwe,1974,3982161400,NA,NA,NA,2025-06-05
ZW,ZWE,Zimbabwe,1973,3309353600,NA,NA,NA,2025-06-05
ZW,ZWE,Zimbabwe,1972,2677729400,NA,NA,NA,2025-06-05
ZW,ZWE,Zimbabwe,1971,2178716300,NA,NA,NA,2025-06-05
ZW,ZWE,Zimbabwe,1970,1884206300,NA,NA,NA,2025-06-05
ZW,ZWE,Zimbabwe,1969,1747998800,NA,NA,NA,2025-06-05
ZW,ZWE,Zimbabwe,1968,1479599900,NA,NA,NA,2025-06-05
ZW,ZWE,Zimbabwe,1967,1397002000,NA,NA,NA,2025-06-05
ZW,ZWE,Zimbabwe,1966,1281749500,NA,NA,NA,2025-06-05
ZW,ZWE,Zimbabwe,1965,1311435800,NA,NA,NA,2025-06-05
ZW,ZWE,Zimbabwe,1964,1217138000,NA,NA,NA,2025-06-05
ZW,ZWE,Zimbabwe,1963,1159511700,NA,NA,NA,2025-06-05
ZW,ZWE,Zimbabwe,1962,1117601600,NA,NA,NA,2025-06-05
ZW,ZWE,Zimbabwe,1961,1096646600,NA,NA,NA,2025-06-05
ZW,ZWE,Zimbabwe,1960,1052990400,NA,NA,NA,2025-06-05
